# Biokinesis-SDK Export,
# sensor_id: 1,
# label: Xiao_Arm,
# signal: emg_filtered,
# unit: uV,
# exported_at: 2026-05-02T23:18:19,
timestamp_us,emg_uV
987943625,-4498.517036
987944625,-10640.20693
987945625,-10476.0463
987946625,-7362.117477
987947625,-5284.292756
987948625,-4505.82749
987949625,-3417.649284
987950625,-1748.767242
987951625,-449.20583
987952625,49.944512
987953391,-4301.69358
987954391,-10768.40125
987955391,-10954.01849
987956391,-8059.484794
987957391,-5903.289479
987958391,-4737.254682
987959391,-3250.911634
987960391,-1477.887914
987961391,-304.531602
987962391,81.389777
987963157,-4416.840169
987964157,-10305.87753
987965157,-9996.416591
987966157,-6909.587577
987967157,-5018.088296
987968157,-4540.935108
987969157,-3707.753748
987970157,-2060.395697
987971157,-604.577542
987972157,19.089122
987972922,-4199.923916
987973922,-10722.77334
987974922,-10909.28375
987975922,-7866.483502
987976922,-5629.954565
987977922,-4667.917513
987978922,-3474.727865
987979922,-1762.281106
987980922,-447.481274
987981922,54.580519
987983664,-4535.102849
987984664,-10693.42707
987985664,-10793.87527
987986664,-7976.159983
987987664,-5773.246337
987988664,-4499.319964
987989664,-3068.832173
987990664,-1443.241965
987991664,-329.644194
987992664,69.053261
987993430,-4739.147552
987994430,-10330.59868
987995430,-9637.438079
987996430,-6556.129597
987997430,-5007.32278
987998430,-4762.269133
987999430,-3875.388546
988000430,-2094.961426
988001430,-592.050701
988002430,24.562649
988003196,-4783.536092
988004196,-10904.35118
988005196,-10588.09508
988006196,-7351.512387
988007196,-5234.678909
988008196,-4450.637562
988009196,-3359.519262
988010196,-1701.929405
988011196,-427.164973
988012196,54.164249
988095969,-4625.024008
988096969,-10510.71809
988097969,-10095.01685
988098969,-6905.825582
988099969,-4956.544855
988100969,-4346.623622
988101969,-3338.366789
988102969,-1694.757949
988103969,-424.190819
988104969,51.412207
988122336,-3725.427936
988123336,-9978.815185
988124336,-10326.42749
988125336,-7582.993555
988126336,-5514.655798
988127336,-4630.993573
988128336,-3525.967961
988129336,-1859.530602
988130336,-510.078074
988131336,38.097149
988132102,-4931.292048
988133102,-11112.01965
988134102,-10722.59232
988135102,-7509.153361
988136102,-5501.943404
988137102,-4736.247697
988138102,-3553.165133
988139102,-1797.186
988140102,-460.060428
988141102,51.558826
988141868,-4747.371662
988142868,-11396.54082
988143868,-11425.99167
988144868,-8212.161163
988145868,-5840.57923
988146868,-4675.223077
988147868,-3287.055869
988148868,-1551.429707
988149868,-343.476398
988150868,75.921623
988151633,-5288.762851
988152633,-12007.73962
988153633,-11552.08964
988154633,-7719.32699
988155633,-5146.381692
988156633,-4182.014804
988157633,-3044.237226
988158633,-1448.341998
988159633,-309.572874
988160633,77.200664
988182883,-4623.094978
988183883,-11217.64121
988184883,-11053.67642
988185883,-7559.215809
988186883,-5202.958303
988187883,-4545.420181
988188883,-3727.30615
988189883,-2093.742594
988190883,-615.834983
988191883,23.082773
988196555,-4934.399641
988197555,-11621.77312
988198555,-11582.76324
988199555,-8117.292292
988200555,-5483.686348
988201555,-4295.444321
988202555,-3098.258833
988203555,-1531.366448
988204555,-365.409563
988205555,66.460365
988206321,-5472.991836
988207321,-11840.84162
988208321,-11356.79656
988209321,-7645.949342
988210321,-5014.748138
988211321,-3874.755639
988212321,-2702.435083
988213321,-1239.081519
988214321,-241.411461
988215321,82.796124
988216086,-4108.546378
988217086,-10074.09945
988218086,-9984.891823
988219086,-7187.996197
988220086,-5478.53302
988221086,-4956.348537
988222086,-3929.257877
988223086,-2117.694927
988224086,-601.854651
988225086,26.047162
988225852,-4691.070659
988226852,-11379.73682
988227852,-11487.27154
988228852,-8196.658125
988229852,-5648.718402
988230852,-4445.634759
988231852,-3187.039353
988232852,-1563.506838
988233852,-369.821623
988234852,67.818389
988236594,-4815.83912
988237594,-10531.83666
988238594,-9980.608235
988239594,-6919.271044
988240594,-5190.98228
988241594,-4592.713843
988242594,-3395.695333
988243594,-1614.339869
988244594,-355.624132
988245594,68.966209
988246360,-5213.500659
988247360,-10218.34808
988248360,-9162.444867
988249360,-5365.794215
988250360,-2896.866745
988251360,-2278.000652
988252360,-1903.612105
988253360,-1070.154908
988254360,-292.554178
988255360,34.977351
988276633,-23220.02509
988277633,-10659.00508
988278633,1466.690059
988279633,6276.77576
988280633,9791.834662
988281633,18500.96064
988282633,25589.57022
988283633,21063.66038
988284633,9235.249683
988285633,1426.098478
988286399,11189.54557
988287399,25531.00209
988288399,22565.24406
988289399,12917.83677
988290399,9325.192046
988291399,12344.91686
988292399,13927.16435
988293399,9783.586488
988294399,3688.545426
988295399,344.25962
988296164,48424.34249
988297164,57801.21815
988298164,48107.26722
988299164,29759.44933
988300164,5009.679967
988301164,-28103.34259
988302164,-52881.98989
988303164,-47578.92042
988304164,-22060.78167
988305164,-3936.273425
988305930,-26837.28683
988306930,-58982.41969
988307930,-60946.85701
988308930,-47405.28195
988309930,-33402.15732
988310930,-18512.08633
988311930,-2483.133159
988312930,6207.121735
988313930,5053.087051
988314930,1603.710283
988316672,-47238.72648
988317672,-47930.121
988318672,-31052.81559
988319672,-4542.06279
988320672,23186.2549
988321672,44793.66496
988322672,50044.90575
988323672,35326.62927
988324672,14111.44189
988325672,2032.817928
988326438,37985.30362
988327438,38931.16011
988328438,23403.81379
988329438,4443.879212
988330438,-10653.31952
988331438,-23088.97468
988332438,-29351.52286
988333438,-23185.6674
988334438,-10108.69192
988335438,-1654.660014
988336204,-8469.418437
988337204,-15530.9442
988338204,-13160.11928
988339204,-8907.368187
988340204,-8129.467552
988341204,-8247.029333
988342204,-5765.55912
988343204,-2141.16967
988344204,-155.481732
988345204,205.377571
988345969,-31231.24808
988346969,-26149.80302
988347969,-17799.85859
988348969,-9876.078697
988349969,4279.374577
988350969,28830.10407
988351969,47599.58402
988352969,41225.10838
988353969,18630.73682
988354969,3113.642783
988356711,72569.09038
988357711,97583.40676
988358711,91205.14536
988359711,69157.893
988360711,31224.47744
988361711,-28312.35843
988362711,-78044.01376
988363711,-75877.40248
988364711,-36284.03175
988365711,-6786.582775
988366477,-65035.7817
988367477,-76250.15946
988368477,-55082.49489
988369477,-21061.87676
988370477,10797.65016
988371477,38002.09028
988372477,51739.11885
988373477,41381.90547
988374477,18119.67367
988375477,3061.207893
988376243,37440.29589
988377243,32754.72286
988378243,17494.40407
988379243,1974.307211
988380243,-12278.13246
988381243,-28438.53141
988382243,-38589.80689
988383243,-31426.73636
988384243,-13864.52124
988385243,-2246.820716
988386008,-36703.88229
988387008,-64354.31126
988388008,-66330.2243
988389008,-54852.62733
988390008,-35776.73865
988391008,-4811.977466
988392008,25858.83336
988393008,32500.56716
988394008,17316.28762
988395008,3712.2411
988396750,10267.38034
988397750,41891.52017
988398750,62145.15439
988399750,70465.22985
988400750,60224.35623
988401750,24361.03385
988402750,-17818.0901
988403750,-32577.70629
988404750,-18934.11177
988405750,-4327.445907
988406516,-19825.05279
988407516,-39644.30716
988408516,-40569.81461
988409516,-30005.56912
988410516,-17125.03139
988411516,-4057.920513
988412516,6454.689293
988413516,9053.956473
988414516,5019.904964
988415516,1217.476248
988416282,1855.644504
988417282,-11843.66525
988418282,-17495.49306
988419282,-19087.61892
988420282,-20803.34397
988421282,-20826.84279
988422282,-16075.98559
988423282,-8368.331392
988424282,-2392.126871
988425282,1.586375
988426047,7400.960123
988427047,-14468.96723
988428047,-26070.75724
988429047,-33745.22683
988430047,-40948.62293
988431047,-41047.88971
988432047,-29570.15156
988433047,-13680.12537
988434047,-3213.364318
988435047,256.072903
988436789,-26038.30115
988437789,-36032.06138
988438789,-27115.24616
988439789,-14344.29366
988440789,-7534.995644
988441789,-2235.477795
988442789,4696.121772
988443789,7623.671104
988444789,4582.808162
988445789,1100.237585
988446555,12015.11665
988447555,16832.67552
988448555,16381.81837
988449555,11150.69819
988450555,2004.030517
988451555,-9115.596621
988452555,-16080.49995
988453555,-13747.70186
988454555,-6157.726948
988455555,-1073.523926
988456321,-721.414619
988457321,2543.443214
988458321,10610.21633
988459321,17916.82586
988460321,15382.90121
988461321,353.780069
988462321,-15555.37306
988463321,-17962.8088
988464321,-9115.144282
988465321,-1768.631822
988466086,-42084.58554
988467086,-62837.46998
988468086,-63171.82807
988469086,-46279.27075
988470086,-15197.03174
988471086,24582.59047
988472086,51606.67865
988473086,46197.33942
988474086,21180.20722
988475086,3838.044004
988475852,51369.81361
988476852,51301.54185
988477852,32677.80831
988478852,6109.749776
988479852,-21046.81849
988480852,-44837.93931
988481852,-54038.5052
988482852,-40392.07693
988483852,-16826.69019
988484852,-2568.175521
988486594,-14717.43582
988487594,-39954.68926
988488594,-43030.04176
988489594,-35548.13761
988490594,-29125.13604
988491594,-22363.62894
988492594,-12182.21502
988493594,-3102.330353
988494594,551.795325
988495594,722.045175
988496360,-35691.76608
988497360,-46260.99915
988498360,-38875.02971
988499360,-24422.75932
988500360,-7813.663081
988501360,12891.59693
988502360,29186.78225
988503360,27603.01802
988504360,13152.32039
988505360,2468.050369
988506125,37394.64791
988507125,40059.65297
988508125,28475.72841
988509125,10003.51766
988510125,-10438.38923
988511125,-30550.99244
988512125,-40745.22889
988513125,-32140.34226
988514125,-13873.54724
988515125,-2241.785092
988515891,-29300.54315
988516891,-45242.27953
988517891,-37412.17792
988518891,-18158.70243
988519891,-2451.054529
988520891,5614.070551
988521891,7918.920309
988522891,6118.416505
988523891,2737.327599
988524891,609.316638
988526633,-2581.223691
988527633,-26332.17873
988528633,-39990.33096
988529633,-44974.4602
988530633,-40855.76159
988531633,-24724.14099
988532633,-3779.294744
988533633,7308.669774
988534633,5848.178144
988535633,1722.135237
988536399,-17820.84799
988537399,-11135.16029
988538399,-2856.066974
988539399,4301.147394
988540399,12013.43926
988541399,20561.76875
988542399,23890.93546
988543399,17483.60951
988544399,7089.320221
988545399,986.061725
988546164,48426.77284
988547164,41099.78888
988548164,21754.70976
988549164,875.78153
988550164,-20388.16659
988551164,-43838.38249
988552164,-56751.55827
988553164,-44796.37276
988554164,-19336.78269
988555164,-3030.976884
988555930,-52231.71864
988556930,-82785.11212
988557930,-75220.76974
988558930,-49951.77408
988559930,-23936.54238
988560930,3040.719855
988561930,24965.16368
988562930,27407.02819
988563930,14043.44463
988564930,2998.098842
988566672,-6551.079124
988567672,-7302.641248
988568672,-6016.548787
988569672,-3800.833487
988570672,-362.843532
988571672,4154.953709
988572672,6978.444348
988573672,5800.69004
988574672,2526.009177
988575672,422.452568
988576438,21809.45835
988577438,12886.43673
988578438,3945.836299
988579438,-3193.669469
988580438,-13000.33368
988581438,-27379.18015
988582438,-36202.16561
988583438,-28837.59444
988584438,-12453.63811
988585438,-1910.535982
988586204,-50281.34045
988587204,-71204.6253
988588204,-60317.94855
988589204,-34226.82545
988590204,-7849.059688
988591204,16228.33798
988592204,31498.46264
988593204,28266.57784
988594204,13213.10696
988595204,2525.348702
988595969,122.26826
988596969,-1547.855885
988597969,-1234.051666
988598969,1442.245779
988599969,3426.929186
988600969,1660.805771
988601969,-2185.341824
988602969,-3659.758946
988603969,-2087.530647
988604969,-427.240414
988606711,14982.9397
988607711,2814.024131
988608711,-3857.072225
988609711,-8181.468632
988610711,-17317.72338
988611711,-30511.66042
988612711,-36140.97671
988613711,-26593.4399
988614711,-10778.51351
988615711,-1466.773874
988616477,-35047.63678
988617477,-57337.65508
988618477,-53460.08671
988619477,-37014.84368
988620477,-19263.01045
988621477,87.424941
988622477,16420.91046
988623477,18939.5516
988624477,9877.293132
988625477,2146.966564
988626243,-20048.43946
988627243,-8069.453098
988628243,6988.354169
988629243,20143.05884
988630243,28019.51785
988631243,28377.55985
988632243,21137.40418
988633243,10680.75638
988634243,3019.441694
988635243,45.617246
988636008,26244.91188
988637008,17314.04442
988638008,1024.018511
988639008,-12893.70613
988640008,-20365.20691
988641008,-23622.98595
988642008,-22684.66588
988643008,-15630.90878
988644008,-6266.850334
988645008,-822.398641
988646750,-19170.38014
988647750,-37122.50952
988648750,-37111.92699
988649750,-26970.55399
988650750,-15480.09418
988651750,-4238.015914
988652750,4822.071341
988653750,7255.071302
988654750,4089.902659
988655750,1022.938518
988656516,298.169644
988657516,-25068.56523
988658516,-41714.13823
988659516,-52752.88699
988660516,-54008.69783
988661516,-35902.36979
988662516,-6573.510304
988663516,10442.96187
988664516,8683.499121
988665516,2494.888668
988666282,4504.538339
988667282,20872.09272
988668282,32589.47007
988669282,35454.74935
988670282,26113.92648
988671282,5401.178913
988672282,-14332.77698
988673282,-18510.8725
988674282,-9784.516319
988675282,-2082.644485
988676047,20692.91134
988677047,-6550.354259
988678047,-23762.07467
988679047,-32733.32262
988680047,-41331.7648
988681047,-48770.60985
988682047,-45511.02776
988683047,-28923.03012
988684047,-10464.56475
988685047,-1006.805982
988686789,-38657.82801
988687789,-62739.641
988688789,-54191.50777
988689789,-34980.7118
988690789,-21727.65478
988691789,-10050.99917
988692789,3274.713206
988693789,9609.663478
988694789,6312.027498
988695789,1693.952449
988696555,-32353.66184
988697555,-35552.19398
988698555,-28476.51259
988699555,-16524.60018
988700555,508.542215
988701555,23586.60827
988702555,40019.02447
988703555,34824.14123
988704555,15845.89104
988705555,2735.229111
988706321,26159.48291
988707321,50836.85312
988708321,50598.10672
988709321,40517.63751
988710321,30929.30407
988711321,16268.1605
988712321,-2775.640557
988713321,-12174.54313
988714321,-8178.931548
988715321,-2144.648755
988716086,46882.4626
988717086,5592.368532
988718086,-34413.52547
988719086,-65089.91223
988720086,-83252.05087
988721086,-83228.54641
988722086,-62430.62884
988723086,-31929.40919
988724086,-9136.089403
988725086,-119.964351
988725852,-71774.4742
988726852,-71469.60588
988727852,-41442.88251
988728852,-6260.076538
988729852,21488.13131
988730852,44735.23262
988731852,56487.45755
988732852,44501.1491
988733852,19353.91952
988734852,3141.536998
988736594,81584.5188
988737594,84679.70285
988738594,62175.37302
988739594,31429.41109
988740594,-6943.797948
988741594,-57212.86546
988742594,-92367.09781
988743594,-79237.43839
988744594,-35786.71013
988745594,-6101.03841
988746360,-79969.37613
988747360,-122895.8125
988748360,-108638.2765
988749360,-67359.92095
988750360,-26424.96076
988751360,11877.80465
988752360,39828.30747
988753360,40162.65767
988754360,19920.24295
988755360,4131.382418
988756125,-30954.15721
988757125,-22308.13778
988758125,-7607.532617
988759125,10778.55753
988760125,29812.62521
988761125,42614.80365
988762125,40908.35352
988763125,25655.26317
988764125,9175.898305
988765125,997.635141
988765891,64955.11907
988766891,46500.17412
988767891,13410.59717
988768891,-20269.56711
988769891,-49094.28641
988770891,-71037.09986
988771891,-74443.83037
988772891,-51922.40417
988773891,-20607.58292
988774891,-2756.354154
988776633,-52591.66649
988777633,-83060.30346
988778633,-70074.85959
988779633,-39265.69506
988780633,-15747.81045
988781633,-485.633135
988782633,10580.25977
988783633,13002.28773
988784633,7212.537315
988785633,1774.6594
988786399,-71760.63447
988787399,-57222.27761
988788399,-21104.01461
988789399,22658.90301
988790399,60680.09578
988791399,82120.2484
988792399,76986.72156
988793399,48285.90927
988794399,17482.42776
988795399,1966.813235
988796164,85356.09981
988797164,66547.58936
988798164,24645.43729
988799164,-16715.02126
988800164,-49843.52236
988801164,-77704.3384
988802164,-87425.39902
988803164,-64484.84458
988804164,-26723.61239
988805164,-3883.413338
988805930,-68581.83488
988806930,-102516.1272
988807930,-88710.24775
988808930,-54666.729
988809930,-22541.09131
988810930,8363.034534
988811930,32440.22174
988812930,33719.23313
988813930,16962.4035
988814930,3542.314663
988816672,-12168.3184
988817672,-9405.342504
988818672,-8548.099913
988819672,-9990.215588
988820672,-5708.324302
988821672,9425.927793
988822672,24357.80333
988823672,23812.29317
988824672,11378.38785
988825672,2030.862935
988826438,62158.45557
988827438,73086.25393
988828438,60645.22838
988829438,36150.02238
988830438,2197.084812
988831438,-41233.71056
988832438,-71266.14128
988833438,-61974.40667
988834438,-28158.7702
988835438,-4903.731811
988836204,-36243.16719
988837204,-71589.21893
988838204,-72527.31791
988839204,-57412.56818
988840204,-40694.16936
988841204,-18528.2382
988842204,5989.640451
988843204,16412.64082
988844204,10413.9512
988845204,2690.717623
988845969,-16633.9955
988846969,-13327.73638
988847969,-1694.569456
988848969,11760.75662
988849969,18967.22722
988850969,16093.16706
988851969,7073.770325
988852969,154.775592
988853969,-1320.756058
988854969,-523.420388
988856711,-1515.548903
988857711,-17493.52019
988858711,-24370.38394
988859711,-22663.42347
988860711,-17299.08176
988861711,-11266.10049
988862711,-5606.242798
988863711,-1610.500898
988864711,56.309505
988865711,309.758648
988866477,-4688.064547
988867477,-17264.79051
988868477,-17989.41044
988869477,-13631.33231
988870477,-12456.43587
988871477,-14365.28383
988872477,-13828.6466
988873477,-8819.85357
988874477,-3104.681739
988875477,-230.734746
988876243,-14768.33282
988877243,-24881.03767
988878243,-25027.07046
988879243,-21461.98762
988880243,-15790.81129
988881243,-4656.647904
988882243,7735.134622
988883243,11402.92921
988884243,6349.738748
988885243,1415.144492
988886008,23408.61752
988887008,22342.15673
988888008,14584.82737
988889008,773.901581
988890008,-16160.91001
988891008,-29902.08173
988892008,-32265.70245
988893008,-21886.57231
988894008,-8389.812808
988895008,-1109.440263
988896750,-5574.901563
988897750,-4255.826866
988898750,6099.981644
988899750,17237.30921
988900750,16959.81927
988901750,1154.523008
988902750,-17246.09263
988903750,-20740.8403
988904750,-10746.55821
988905750,-2093.180368
988906516,-53441.55405
988907516,-77264.83954
988908516,-71106.55612
988909516,-47317.44335
988910516,-15550.54039
988911516,21606.86746
988912516,48122.65252
988913516,44528.01412
988914516,20948.59861
988915516,3932.574276
988916282,43077.06731
988917282,50333.23014
988918282,43947.53661
988919282,30133.49765
988920282,6639.455258
988921282,-28675.97051
988922282,-55815.01618
988923282,-50508.5885
988924282,-23410.53761
988925282,-4149.378354
988926047,-41524.15329
988927047,-76919.17036
988928047,-75507.15106
988929047,-54490.34715
988930047,-31356.0601
988931047,-7563.662306
988932047,12835.24086
988933047,18260.00005
988934047,10209.38319
988935047,2449.431237
988936789,-31323.6685
988937789,-32231.40111
988938789,-19983.15926
988939789,-4435.392568
988940789,8782.716206
988941789,20537.60245
988942789,27015.47176
988943789,21778.46828
988944789,9629.344204
988945789,1597.300987
988946555,52501.82296
988947555,58518.21544
988948555,43935.0082
988949555,18582.55641
988950555,-11043.59278
988951555,-41061.57929
988952555,-56660.14096
988953555,-44982.83589
988954555,-19423.39127
988955555,-3166.958411
988956321,-34643.34383
988957321,-45179.52432
988958321,-31718.51175
988959321,-9364.217664
988960321,6235.446663
988961321,12176.39225
988962321,11856.39534
988963321,7884.991646
988964321,3196.55633
988965321,572.122332
988966086,9092.042005
988967086,-7596.915047
988968086,-18142.30237
988969086,-26330.92874
988970086,-33715.2054
988971086,-34029.97709
988972086,-23706.53831
988973086,-10035.95903
988974086,-1865.281648
988975086,368.005059
988975852,-12431.44203
988976852,-6596.022814
988977852,5705.231455
988978852,16550.32729
988979852,18453.28026
988980852,10424.99406
988981852,-365.661527
988982852,-5165.930284
988983852,-3411.458177
988984852,-837.944032
988986594,15503.28047
988987594,-15437.0111
988988594,-39082.9411
988989594,-50739.54489
988990594,-50700.22283
988991594,-38924.24649
988992594,-20074.82072
988993594,-4965.882569
988994594,709.780491
988995594,980.256202
989008079,-4882.550544
989009079,-11744.51775
989010079,-11627.61395
989011079,-6689.395982
989012079,-2282.427051
989013079,-1369.105088
989014079,-2431.615883
989015079,-2498.074638
989016079,-1198.927641
989017079,-152.554341
989017844,-11300.32696
989018844,-25299.46541
989019844,-30163.97974
989020844,-27398.14842
989021844,-18161.28582
989022844,-2980.683868
989023844,10699.25145
989024844,13306.08669
989025844,6969.816374
989026844,1500.689407
989027610,4085.259905
989028610,-899.150605
989029610,-3627.146318
989030610,-2886.849513
989031610,-2037.955812
989032610,-4638.946694
989033610,-8373.282206
989034610,-7972.526797
989035610,-3818.188037
989036610,-644.153716
989037375,2744.61291
989038375,-21382.02993
989039375,-29968.09853
989040375,-28361.55729
989041375,-27596.96276
989042375,-29481.56099
989043375,-27069.26192
989044375,-17200.83296
989045375,-6166.613377
989046375,-501.905621
989048118,-44913.97574
989049118,-63205.06683
989050118,-48976.65295
989051118,-21128.81335
989052118,431.158945
989053118,12790.03791
989054118,18147.43396
989055118,15109.73151
989056118,7002.511405
989057118,1385.891172
989057883,-6286.049322
989058883,-8992.514082
989059883,-9044.403366
989060883,-8426.068841
989061883,-6175.442293
989062883,-277.910239
989063883,6129.889934
989064883,7325.32704
989065883,3808.192286
989066883,772.828964
989067649,-4803.70484
989068649,21599.28713
989069649,44779.16273
989070649,61680.43903
989071649,61749.22375
989072649,35626.03533
989073649,-1313.592469
989074649,-19023.12366
989075649,-12896.11804
989076649,-3284.740427
989077414,19347.99663
989078414,-21407.41113
989079414,-46995.4479
989080414,-57566.14263
989081414,-61039.54201
989082414,-57560.40014
989083414,-43106.95286
989084414,-22318.28217
989085414,-6401.447467
989086414,16.869062
989088157,-51417.46329
989089157,-69444.31133
989090157,-54282.14179
989091157,-27078.71813
989092157,-4693.65647
989093157,12592.16257
989094157,23290.40562
989095157,20951.48328
989096157,9900.946323
989097157,1947.207572
989097922,1441.110084
989098922,-849.763423
989099922,-773.96245
989100922,1.665143
989101922,-1332.634844
989102922,-5116.248926
989103922,-7928.835667
989104922,-6637.854127
989105922,-2919.257764
989106922,-456.07219
989107688,-17674.78501
989108688,-21543.58976
989109688,-19087.07775
989110688,-16655.25953
989111688,-11905.07949
989112688,2156.713752
989113688,18590.95663
989114688,21384.55627
989115688,11071.67764
989116688,2190.671947
989117454,51785.84927
989118454,69634.42236
989119454,66318.39311
989120454,48030.3898
989121454,15255.50883
989122454,-30655.03869
989123454,-64598.20622
989124454,-58928.37176
989125454,-27369.66478
989126454,-4946.712152
989128196,-40694.34017
989129196,-75655.53127
989130196,-78440.18607
989131196,-63695.36233
989132196,-41462.92227
989133196,-9042.699569
989134196,22337.26963
989135196,30141.13705
989136196,16406.12748
989137196,3658.864028
989137961,-14728.51058
989138961,-20745.75327
989139961,-21117.10408
989140961,-16243.95331
989141961,-5503.999302
989142961,9832.066833
989143961,20810.15358
989144961,18780.99964
989145961,8637.813199
989146961,1548.516664
989147727,22320.82881
989148727,27652.38556
989149727,24596.1004
989150727,17981.58414
989151727,7218.002618
989152727,-10508.28037
989153727,-26003.22871
989154727,-25274.72618
989155727,-12178.25881
989156727,-2261.327671
989157493,-19938.75227
989158493,-41527.81357
989159493,-44566.80774
989160493,-36999.23776
989161493,-25446.67325
989162493,-9283.57444
989163493,6632.963089
989164493,11931.58705
989165493,6963.723857
989166493,1696.888601
989168235,-3579.988602
989169235,-9911.614041
989170235,-11316.88825
989171235,-11596.54323
989172235,-11876.1736
989173235,-9014.44741
989174235,-2964.816305
989175235,1345.422862
989176235,1620.338575
989177235,536.497626
989178000,10302.25723
989179000,4808.239918
989180000,1436.454304
989181000,128.477834
989182000,-4099.775629
989183000,-13919.78977
989184000,-21955.18445
989185000,-18948.82004
989186000,-8561.038502
989187000,-1395.223997
989187766,-32449.98791
989188766,-52370.15061
989189766,-48698.56788
989190766,-30127.75878
989191766,-8623.531234
989192766,10080.59591
989193766,20366.43165
989194766,17773.75248
989195766,8143.216034
989196766,1587.091836
989197532,-27532.0051
989198532,-41881.6192
989199532,-44689.90942
989200532,-34663.47216
989201532,-11384.53429
989202532,20123.46548
989203532,41389.77289
989204532,36722.28074
989205532,16717.56925
989206532,2984.386406
989207297,39395.41653
989208297,45700.06133
989209297,36659.07631
989210297,22086.43542
989211297,3774.025646
989212297,-21592.50864
989213297,-41693.28513
989214297,-38172.98116
989215297,-17902.47346
989216297,-3219.993383
989218039,-24424.02804
989219039,-57483.51245
989220039,-62350.50338
989221039,-52569.97519
989222039,-40049.95516
989223039,-22520.17433
989224039,-2181.070591
989225039,8463.285765
989226039,6502.179325
989227039,1945.25143
989227805,-27380.61574
989228805,-32095.93868
989229805,-22302.64469
989230805,-8684.636345
989231805,2048.487188
989232805,11181.5093
989233805,17073.35907
989234805,14695.53291
989235805,6766.100402
989236805,1220.013682
989247336,15623.71105
989248336,10677.46062
989249336,5321.550608
989250336,86.884552
989251336,-8168.972837
989252336,-20229.84366
989253336,-27806.66054
989254336,-22450.84987
989255336,-9771.124717
989256336,-1528.773385
989257102,-12771.19317
989258102,-39327.97179
989259102,-45644.8829
989260102,-42548.54762
989261102,-38035.1795
989262102,-27222.13691
989263102,-9858.355567
989264102,2409.47481
989265102,3926.687181
989266102,1476.511491
989266868,-10085.95911
989267868,-12565.18237
989268868,-8998.801377
989269868,-6444.200932
989270868,-6380.33374
989271868,-4091.703326
989272868,1062.056451
989273868,3868.373688
989274868,2552.443941
989275868,624.22362
989276633,3202.687604
989277633,10678.73697
989278633,14445.70527
989279633,13877.90533
989280633,9467.145594
989281633,2079.886158
989282633,-4620.36599
989283633,-6133.083739
989284633,-3297.154035
989285633,-727.650173
989307883,21791.30917
989308883,20453.16239
989309883,11191.5844
989310883,219.788624
989311883,-9300.101168
989312883,-17750.65211
989313883,-21696.85874
989314883,-16735.12397
989315883,-7156.3995
989316883,-1115.578578
989317649,-1267.810052
989318649,-11877.08914
989319649,-11297.65722
989320649,-7580.443162
989321649,-10157.67344
989322649,-17866.50477
989323649,-21203.142
989324649,-15276.1168
989325649,-5992.541658
989326649,-733.655131
989327414,-29378.91791
989328414,-33047.81526
989329414,-18872.83706
989330414,-252.151991
989331414,10760.02247
989332414,13510.22274
989333414,11869.83116
989334414,7729.247139
989335414,3106.987154
989336414,486.15165
989337180,4168.772796
989338180,8221.93475
989339180,14135.03283
989340180,19750.16839
989341180,17100.34952
989342180,1539.648076
989343180,-16064.55877
989344180,-19480.80892
989345180,-10119.76562
989346180,-2012.613317
989347922,-22693.93144
989348922,-48433.12101
989349922,-50702.50159
989350922,-37954.77241
989351922,-22219.71682
989352922,-6235.435722
989353922,7250.392254
989354922,11228.29906
989355922,6455.069762
989356922,1595.588809
989357688,-483.895964
989358688,5083.514688
989359688,14446.67494
989360688,18619.77278
989361688,10546.27443
989362688,-6137.505336
989363688,-18194.25377
989364688,-16716.40678
989365688,-7570.485596
989366688,-1335.248269
989367454,-12471.7875
989368454,-15156.59553
989369454,-10649.25578
989370454,-3541.25638
989371454,2156.416537
989372454,5889.187287
989373454,7326.195431
989374454,5658.474384
989375454,2454.759022
989376454,422.051252
989377219,19874.18488
989378219,15210.44744
989379219,9259.489272
989380219,3194.751536
989381219,-6937.710913
989382219,-22501.58924
989383219,-33051.44381
989384219,-27403.13859
989385219,-12108.65522
989386219,-1951.095111
989387961,-39529.92903
989388961,-65436.86946
989389961,-68146.49792
989390961,-56921.3075
989391961,-34095.00264
989392961,2811.907669
989393961,35978.26806
989394961,39720.9331
989395961,20064.04458
989396961,4069.698604
989397727,29632.45438
989398727,51211.00017
989399727,56367.76164
989400727,49860.35782
989401727,31038.3689
989402727,-2845.934701
989403727,-34364.73593
989404727,-38176.36055
989405727,-19355.84327
989406727,-3892.484017
989407493,-41875.35426
989408493,-73948.28171
989409493,-81727.91415
989410493,-69657.65422
989411493,-39045.65346
989412493,8688.972381
989413493,48588.91952
989414493,50715.28122
989415493,24985.25557
989416493,4938.548483
989417258,56113.57164
989418258,62603.92089
989419258,49504.63752
989420258,26426.85202
989421258,-4239.50193
989422258,-41963.39053
989423258,-66716.36245
989424258,-56553.42366
989425258,-25375.42835
989426258,-4320.297197
989428000,-60226.55873
989429000,-95330.85556
989430000,-93729.28001
989431000,-73742.84001
989432000,-43061.111
989433000,4314.058525
989434000,48593.46845
989435000,54473.97613
989436000,27873.62504
989437000,5694.935442
989437766,21609.59757
989438766,48372.5532
989439766,56159.53355
989440766,50857.73681
989441766,36140.37234
989442766,10491.73848
989443766,-15131.55202
989444766,-22250.04785
989445766,-12326.01694
989446766,-2785.580781
989447532,-7426.513012
989448532,-20535.16887
989449532,-28567.04702
989450532,-27728.48764
989451532,-16452.38328
989452532,1897.766841
989453532,16123.41634
989454532,16624.23803
989455532,8043.379957
989456532,1585.634662
989457297,34049.01779
989458297,17751.32988
989459297,-3820.868121
989460297,-25764.77059
989461297,-43422.53529
989462297,-50620.46894
989463297,-42744.53906
989464297,-24444.08061
989465297,-8035.624412
989466297,-611.88389
989468039,-33191.95354
989469039,-31899.16141
989470039,-14580.3684
989471039,4169.110016
989472039,14733.40274
989473039,18367.20342
989474039,17399.50388
989475039,11815.2555
989476039,4738.453372
989477039,682.241499
989477805,22596.14363
989478805,20369.21767
989479805,15483.66674
989480805,9076.566611
989481805,-3282.391588
989482805,-22936.74785
989483805,-37014.71132
989484805,-31614.98039
989485805,-14179.25273
989486805,-2358.116243
989487571,-45252.28669
989488571,-65942.89673
989489571,-61597.02588
989490571,-45168.56083
989491571,-22192.70352
989492571,10247.75738
989493571,38159.10332
989494571,39200.3433
989495571,19354.15628
989496571,3801.725143
989497336,-4198.172919
989498336,24815.64347
989499336,41078.76376
989500336,49021.68022
989501336,51078.53038
989502336,41484.01292
989503336,21382.40414
989504336,4263.863508
989505336,-1605.547816
989506336,-1245.088646
989507102,68253.93057
989508102,45281.97522
989509102,11231.80717
989510102,-19442.42387
989511102,-46933.75374
989512102,-73964.44406
989513102,-84418.40077
989514102,-62528.01079
989515102,-25877.55089
989516102,-3704.538546
989517844,-78494.15866
989518844,-112155.4056
989519844,-92708.59355
989520844,-51517.7785
989521844,-15042.71732
989522844,16069.468
989523844,37636.9596
989524844,36033.24269
989525844,17538.31016
989526844,3544.128955
989527610,-4645.138841
989528610,-5386.779332
989529610,-6418.456794
989530610,-9758.459984
989531610,-10828.83469
989532610,-3372.086876
989533610,8137.359744
989534610,11903.76197
989535610,6644.129868
989536610,1383.442471
989537375,24734.47995
989538375,57520.5533
989539375,69637.64715
989540375,64675.40126
989541375,44721.82055
989542375,9633.04483
989543375,-23593.65027
989544375,-31089.58606
989545375,-16626.8586
989546375,-3629.780704
989547141,26682.997
989548141,8348.068056
989549141,-5894.358425
989550141,-16184.9469
989551141,-29139.58334
989552141,-44796.84373
989553141,-50321.3787
989554141,-36499.8208
989555141,-14768.77792
989556141,-1987.079448
989557883,-56910.90845
989558883,-83275.02922
989559883,-69558.8948
989560883,-40665.24238
989561883,-16168.82936
989562883,6114.382739
989563883,24299.39745
989564883,25872.34288
989565883,13239.82743
989566883,2799.347083
989567649,-29117.59724
989568649,-12300.5904
989569649,3523.984891
989570649,16745.64599
989571649,31041.1854
989572649,44715.25194
989573649,46875.27362
989574649,32202.12018
989575649,12474.92161
989576649,1550.073204
989577414,32212.52533
989578414,45236.4071
989579414,31134.18026
989580414,10634.76919
989581414,1880.853826
989582414,2469.927953
989583414,2590.02027
989584414,556.121364
989585414,-535.383957
989586414,-372.628095
989587180,56997.15925
989588180,42338.37106
989589180,17888.13397
989590180,-8046.968353
989591180,-35988.24527
989592180,-64496.97435
989593180,-75924.99507
989594180,-56401.32837
989595180,-23296.30214
989596180,-3377.892793
989597922,-75278.06241
989598922,-104552.3344
989599922,-79580.00269
989600922,-31450.37931
989601922,5488.515932
989602922,24845.94072
989603922,31085.84705
989604922,24353.99591
989605922,10925.53111
989606922,2096.09792
989607688,-4829.191949
989608688,-23167.57569
989609688,-30431.60747
989610688,-31159.15225
989611688,-28572.17848
989612688,-19627.1878
989613688,-6000.454771
989614688,2892.399847
989615688,3371.419061
989616688,1150.308381
989617454,-2179.884829
989618454,6639.775429
989619454,17470.48622
989620454,24368.42207
989621454,20473.4453
989622454,5006.218155
989623454,-10987.31099
989624454,-14610.56936
989625454,-7730.638471
989626454,-1610.369963
989627219,-25626.95291
989628219,-39497.18778
989629219,-37424.57057
989630219,-23513.643
989631219,-4763.817368
989632219,13524.17109
989633219,23579.15864
989634219,19841.43644
989635219,8857.159748
989636219,1603.816038
989637961,13274.22298
989638961,8813.85887
989639961,981.28313
989640961,-9587.486464
989641961,-19161.1089
989642961,-21713.14652
989643961,-15570.5606
989644961,-6659.530241
989645961,-1308.20082
989646961,153.530628
989647727,4692.00588
989648727,4719.391863
989649727,4480.937514
989650727,793.945138
989651727,-6377.496352
989652727,-11998.50529
989653727,-11434.71559
989654727,-6344.741593
989655727,-1869.348884
989656727,-119.724015
989657493,-4502.225115
989658493,24417.11998
989659493,47528.81764
989660493,60305.64136
989661493,56168.50811
989662493,30717.52665
989663493,-1664.4779
989664493,-16479.47513
989665493,-11034.46999
989666493,-2842.063052
989667258,29666.47902
989668258,-3171.800162
989669258,-28705.62372
989670258,-45355.28836
989671258,-57160.34319
989672258,-61870.59893
989673258,-52446.07622
989674258,-30758.81541
989675258,-10344.27269
989676258,-741.655152
989678000,-66618.72837
989679000,-72696.31829
989680000,-43243.49848
989681000,-4274.3842
989682000,23003.80678
989683000,36536.60386
989684000,37746.04073
989685000,26400.72166
989686000,10749.3899
989687000,1657.129837
989687766,3335.883881
989688766,10791.39441
989689766,14970.66766
989690766,16700.0142
989691766,14616.31313
989692766,6635.135796
989693766,-3094.753531
989694766,-6809.579682
989695766,-4078.738633
989696766,-960.995689
989697532,5563.643657
989698532,-6356.912643
989699532,-14107.14429
989700532,-17360.94774
989701532,-18106.23101
989702532,-16354.72679
989703532,-11425.96195
989704532,-5348.462666
989705532,-1289.719951
989706532,112.362021
989707297,-32478.46888
989708297,-27422.83705
989709297,-12070.0296
989710297,7811.316181
989711297,25995.31464
989712297,36556.87063
989713297,34355.87356
989714297,21293.81667
989715297,7588.369926
989716297,839.270778
989727805,-47724.73223
989728805,-65161.72214
989729805,-57332.42329
989730805,-35037.15371
989731805,-6890.527835
989732805,24006.98958
989733805,44092.94078
989734805,38647.90387
989735805,17664.29283
989736805,3193.042785
989737571,48347.55627
989738571,43346.39358
989739571,27359.01892
989740571,6921.226413
989741571,-18561.20008
989742571,-47924.91376
989743571,-63657.20151
989744571,-50046.26145
989745571,-21426.65948
989746571,-3349.647503
989747336,-54585.28631
989748336,-84813.08823
989749336,-76840.52864
989750336,-50363.49712
989751336,-22125.74174
989752336,7219.052916
989753336,30066.06873
989754336,31210.06583
989755336,15623.64254
989756336,3233.781422
989757102,-1110.312322
989758102,8298.48914
989759102,12693.17595
989760102,11796.01127
989761102,9045.789799
989762102,6981.123773
989763102,5387.635201
989764102,3301.386214
989765102,1181.239517
989766102,55.930193
989767844,18084.69012
989768844,33499.56008
989769844,38820.1175
989770844,36510.59804
989771844,24742.31989
989772844,1134.346822
989773844,-21679.91589
989774844,-25400.86024
989775844,-13096.53294
989776844,-2684.208937
989777610,-6415.877515
989778610,-27186.15243
989779610,-31213.84141
989780610,-24504.13367
989781610,-18417.56285
989782610,-16044.21795
989783610,-13247.59637
989784610,-7841.515536
989785610,-2564.415563
989786610,-50.941693
989787375,-36531.22248
989788375,-50960.04504
989789375,-42167.43527
989790375,-21641.47588
989791375,-1383.297578
989792375,14962.12473
989793375,23315.7949
989794375,19307.05491
989795375,8643.839815
989796375,1583.862188
989797141,-10974.0567
989798141,-9988.045801
989799141,-3676.59223
989800141,6815.070084
989801141,15678.18009
989802141,16598.13174
989803141,9884.470595
989804141,2637.747125
989805141,-265.306875
989806141,-345.447189
989807883,-16243.91146
989808883,-38972.25188
989809883,-54281.20938
989810883,-55444.51296
989811883,-35090.38909
989812883,3285.989773
989813883,34877.54469
989814883,36550.42553
989815883,17755.70239
989816883,3471.972122
989817649,48193.44594
989818649,45635.95466
989819649,32784.32711
989820649,14346.24273
989821649,-12641.28115
989822649,-47292.42866
989823649,-68215.34813
989824649,-55407.79279
989825649,-24142.16128
989826649,-3888.468586
989827414,-60802.59987
989828414,-78544.47667
989829414,-57125.06824
989830414,-21594.46964
989831414,5306.425511
989832414,21297.65447
989833414,27789.57715
989834414,22154.51401
989835414,9903.00673
989836414,1829.156197
989837180,-13755.39701
989838180,-17625.22696
989839180,-17479.01882
989840180,-12761.41732
989841180,-2280.75926
989842180,12226.22149
989843180,21819.47669
989844180,18775.3036
989845180,8419.076057
989846180,1447.973736
989862571,-15614.49228
989863571,-7128.245518
989864571,5826.709647
989865571,17282.20299
989866571,22249.35586
989867571,20425.81839
989868571,14477.18214
989869571,7508.098359
989870571,2327.543711
989871571,91.17178
989872336,9410.059609
989873336,23687.52833
989874336,32825.45908
989875336,39118.55489
989876336,35719.17799
989877336,13968.96824
989878336,-13911.06851
989879336,-23487.3997
989880336,-13435.61517
989881336,-2969.720407
989882102,5834.42961
989883102,-38795.33728
989884102,-64996.31887
989885102,-74704.27703
989886102,-71712.2945
989887102,-52882.46288
989888102,-23743.96172
989889102,-2241.543468
989890102,3440.771172
989891102,1879.079649
989891868,-27935.70251
989892868,-35371.40273
989893868,-24149.50968
989894868,-10688.28234
989895868,-4491.515898
989896868,-373.268082
989897868,5217.117979
989898868,7285.578321
989899868,4204.43775
989900868,973.572575
989902610,-3675.585563
989903610,-1354.333488
989904610,-1309.738093
989905610,-4607.01311
989906610,-5953.325633
989907610,-40.412882
989908610,8669.557389
989909610,10623.73652
989910610,5579.219597
989911610,1081.52167
989912375,26120.09328
989913375,40033.64327
989914375,37940.12494
989915375,27534.67133
989916375,13555.09408
989917375,-5069.339521
989918375,-21022.35299
989919375,-21947.12929
989920375,-10947.25253
989921375,-2185.583645
989922141,7653.574632
989923141,-11365.16182
989924141,-20396.89694
989925141,-22499.45374
989926141,-24967.51436
989927141,-28504.31368
989928141,-26976.29083
989929141,-17569.43768
989930141,-6502.818309
989931141,-637.770787
989931907,-49175.372
989932907,-71459.73013
989933907,-65849.71002
989934907,-46274.9486
989935907,-20375.77141
989936907,13303.53831
989937907,40665.30873
989938907,40421.28413
989939907,19673.68253
989940907,3822.911145
989942649,34416.75164
989943649,45359.10681
989944649,35370.89661
989945649,9966.695457
989946649,-16204.95081
989947649,-29971.67021
989948649,-27289.5418
989949649,-15303.41763
989950649,-4912.200534
989951649,-536.947353
989952414,17936.48779
989953414,35002.08914
989954414,44941.70353
989955414,45958.93627
989956414,31240.05574
989957414,-1787.689792
989958414,-33122.74539
989959414,-36933.73835
989960414,-18634.46087
989961414,-3696.478631
989962180,-9394.24645
989963180,-43579.19728
989964180,-52749.03573
989965180,-46949.24026
989966180,-40046.57952
989967180,-32540.18157
989968180,-20644.08187
989969180,-8222.524644
989970180,-1222.363937
989971180,605.994639
989971946,-51804.92008
989972946,-59292.11531
989973946,-42258.98864
989974946,-17884.32423
989975946,4290.268142
989976946,25947.27541
989977946,39843.80471
989978946,33888.00356
989979946,15380.17961
989980946,2698.164135
989982688,28041.45975
989983688,39594.07146
989984688,34199.80639
989985688,20380.40664
989986688,5347.454243
989987688,-9886.761116
989988688,-20323.77604
989989688,-18620.07191
989990688,-8779.380427
989991688,-1666.857046
989992454,-5965.118261
989993454,-7801.464448
989994454,-6963.678412
989995454,-5075.834771
989996454,-2320.119159
989997454,1898.6032
989998454,5497.882705
989999454,5418.19672
990000454,2612.27693
990001454,494.421477
990002219,20817.71488
990003219,11838.13205
990004219,1550.824626
990005219,-7704.422822
990006219,-17506.75349
990007219,-27565.55587
990008219,-30842.87815
990009219,-22282.69852
990010219,-9006.145023
990011219,-1231.561978
990011985,-31436.24396
990012985,-33366.9416
990013985,-18325.36527
990014985,1564.776633
990015985,15025.40764
990016985,19310.73001
990017985,16277.86039
990018985,9387.397082
990019985,3226.590359
990020985,373.027514
990022727,27470.2987
990023727,7841.029548
990024727,-7784.978554
990025727,-19471.78769
990026727,-33108.21818
990027727,-47561.82627
990028727,-50520.68645
990029727,-35147.25535
990030727,-13748.44368
990031727,-1723.220258
990032493,-68349.54124
990033493,-78688.7979
990034493,-54047.28743
990035493,-16613.44677
990036493,15656.94798
990037493,39480.37613
990038493,48952.1715
990039493,37402.07522
990040493,15955.7704
990041493,2620.433288
990042258,25097.79067
990043258,22180.52325
990044258,12520.60331
990045258,1739.482873
990046258,-9345.121674
990047258,-21731.86916
990048258,-28840.54833
990049258,-23021.46342
990050258,-10004.10527
990051258,-1589.670135
990052024,-14463.13371
990053024,-31682.10371
990054024,-32893.88066
990055024,-27039.62055
990056024,-21179.31714
990057024,-12943.77205
990058024,-2238.782785
990059024,4024.079518
990060024,3403.925818
990061024,1054.743775
990061789,-14788.07716
990062789,-5707.001171
990063789,9349.935744
990064789,22222.06599
990065789,25056.67928
990066789,16475.18567
990067789,3899.598487
990068789,-3011.731059
990069789,-2773.629242
990070789,-830.334389
990072532,11759.59474
990073532,2332.925002
990074532,-3066.812636
990075532,-6342.859534
990076532,-12905.76976
990077532,-22847.69109
990078532,-27610.23221
990079532,-20732.11373
990080532,-8555.440118
990081532,-1198.751347
990082297,-28170.86795
990083297,-45220.1071
990084297,-40933.26529
990085297,-27341.29651
990086297,-14199.57041
990087297,-643.193175
990088297,11181.11606
990089297,13437.06931
990090297,7152.558046
990091297,1588.248859
990092063,-6736.607085
990093063,1140.909586
990094063,11515.35087
990095063,20285.44112
990096063,21546.982
990097063,12435.35546
990098063,-544.573402
990099063,-6639.916208
990100063,-4449.652016
990101063,-1110.955881
990101829,-7470.839801
990102829,-25380.34904
990103829,-35009.50412
990104829,-35506.60407
990105829,-26355.81348
990106829,-8065.300041
990107829,9706.157525
990108829,14483.0871
990109829,7970.711553
990110829,1796.862103
990112571,13139.0448
990113571,11193.58905
990114571,5782.210298
990115571,-695.692852
990116571,-7309.318741
990117571,-13855.00756
990118571,-16889.63573
990119571,-12947.47145
990120571,-5499.384508
990121571,-837.88782
990122336,-7269.154261
990123336,-20942.92957
990124336,-22843.85599
990125336,-18486.80128
990126336,-14508.94215
990127336,-11027.15414
990128336,-6297.685699
990129336,-1914.645917
990130336,76.852588
990131336,327.616631
990132102,-17411.43376
990133102,-26106.05931
990134102,-23493.57397
990135102,-15276.44613
990136102,-6066.099618
990137102,3672.41802
990138102,10824.59966
990139102,10591.03552
990140102,5137.166356
990141102,1024.387521
990141868,14166.49142
990142868,10670.8033
990143868,5794.268446
990144868,76.472892
990145868,-8031.817177
990146868,-18042.05846
990147868,-23289.99803
990148868,-18105.86289
990149868,-7690.837181
990150868,-1169.017904
990152610,-19708.05529
990153610,-34485.17583
990154610,-31880.46197
990155610,-20758.72833
990156610,-10526.08278
990157610,-2108.366873
990158610,4553.855807
990159610,6313.962542
990160610,3566.421785
990161610,883.632386
990162375,-8639.829551
990163375,-10994.60602
990164375,-7774.576915
990165375,-2226.701907
990166375,2090.269913
990167375,3957.649068
990168375,3682.211742
990169375,2205.481883
990170375,784.952039
990171375,116.191124
990172141,6298.379319
990173141,-790.224575
990174141,-5367.654154
990175141,-7773.533354
990176141,-10357.54874
990177141,-13297.28684
990178141,-13526.49122
990179141,-9253.730491
990180141,-3580.349206
990181141,-421.314372
990181907,-8765.999745
990182907,-19503.04224
990183907,-19164.86147
990184907,-13389.64213
990185907,-8926.066512
990186907,-6550.902771
990187907,-4214.861095
990188907,-1756.094932
990189907,-262.5441
990190907,163.7107
990192649,-8994.04902
990193649,-18243.71154
990194649,-17629.86104
990195649,-12318.87052
990196649,-7919.963708
990197649,-4819.405103
990198649,-1860.798919
990199649,162.931787
990200649,570.141379
990201649,284.20223
990202414,-6021.531228
990203414,-12708.42893
990204414,-12475.64279
990205414,-8790.204194
990206414,-5653.416876
990207414,-3589.963932
990208414,-1759.839286
990209414,-373.54706
990210414,147.446312
990211414,152.795717
990212180,-8906.561722
990213180,-15645.3923
990214180,-15922.81634
990215180,-12180.5313
990216180,-6577.214933
990217180,569.397303
990218180,6458.865942
990219180,7045.621198
990220180,3556.928446
990221180,738.587883
990221946,10087.48523
990222946,8163.929855
990223946,5468.166692
990224946,2206.591626
990225946,-3487.442853
990226946,-11811.26261
990227946,-17207.29778
990228946,-14153.86249
990229946,-6223.300343
990230946,-1000.347045
990232688,-11531.23097
990233688,-25037.9908
990234688,-25508.82262
990235688,-19797.54338
990236688,-14427.41198
990237688,-8647.207717
990238688,-1861.73489
990239688,2180.669005
990240688,2007.37418
990241688,669.50345
990242454,-6618.103187
990243454,-13240.46062
990244454,-11933.41994
990245454,-7240.700409
990246454,-4377.486494
990247454,-3956.851768
990248454,-3720.792666
990249454,-2421.589418
990250454,-849.853052
990251454,-29.972229
990252219,-5462.494295
990253219,-14056.63598
990254219,-14501.15346
990255219,-10941.01158
990256219,-8256.862699
990257219,-6740.363589
990258219,-4684.413009
990259219,-2174.535604
990260219,-474.845459
990261219,102.725511
990261985,-8775.13121
990262985,-15689.50371
990263985,-13861.44947
990264985,-8214.902977
990265985,-4193.117616
990266985,-2346.937547
990267985,-1041.272532
990268985,-30.711013
990269985,269.987878
990270985,168.579308
990272727,-3263.140258
990273727,-10021.70058
990274727,-10549.29553
990275727,-8146.119224
990276727,-6761.98114
990277727,-6537.551357
990278727,-5516.083768
990279727,-3215.190788
990280727,-1034.894242
990281727,-26.944076
990282493,-4979.660147
990283493,-12201.9117
990284493,-12275.82512
990285493,-8839.083034
990286493,-6333.192944
990287493,-5224.718787
990288493,-3898.973853
990289493,-2020.534548
990290493,-541.520746
990291493,51.202479
990292258,-6937.971834
990293258,-13731.17059
990294258,-13161.9335
990295258,-9180.230179
990296258,-5870.823896
990297258,-3568.310679
990298258,-1505.929773
990299258,-102.841343
990300258,277.502167
990301258,178.920448
990302024,-3511.197546
990303024,-10191.6703
990304024,-10181.1785
990305024,-7118.517645
990306024,-5692.545795
990307024,-6232.593531
990308024,-6039.357918
990309024,-3898.823748
990310024,-1379.118092
990311024,-94.459877
990311789,-6475.470529
990312789,-14755.50511
990313789,-14695.14777
990314789,-10242.47885
990315789,-6562.848244
990316789,-4504.00934
990317789,-2680.451491
990318789,-971.003161
990319789,-54.625966
990320789,144.380526
990322532,-6096.219413
990323532,-12886.21328
990324532,-12491.08803
990325532,-8618.601607
990326532,-5552.963613
990327532,-3674.390076
990328532,-1863.673637
990329532,-378.891082
990330532,179.334098
990331532,164.033269
990332297,-4389.506978
990333297,-9783.181694
990334297,-9336.663945
990335297,-6302.200109
990336297,-4397.66998
990337297,-3884.310361
990338297,-3179.78745
990339297,-1792.785357
990340297,-536.458012
990341297,15.797078
990342063,-2662.84172
990343063,-9175.345567
990344063,-9799.414971
990345063,-7398.430624
990346063,-5990.447331
990347063,-6115.139865
990348063,-5677.479496
990349063,-3632.08055
990350063,-1289.983727
990351063,-86.40067
990351829,-7969.275398
990352829,-15133.22303
990353829,-14226.51904
990354829,-9492.339856
990355829,-5515.311763
990356829,-2618.951129
990357829,-100.309723
990358829,1159.321429
990359829,883.111128
990360829,287.878866
990362571,-1771.314428
990363571,-7392.545151
990364571,-8016.114375
990365571,-6116.687261
990366571,-5233.818917
990367571,-5813.532147
990368571,-5755.605102
990369571,-3865.740958
990370571,-1444.55749
990371571,-130.935955
990372336,-5288.151141
990373336,-13549.64217
990374336,-13905.94517
990375336,-10444.47714
990376336,-7925.534532
990377336,-6512.057529
990378336,-4477.708566
990379336,-2009.595693
990380336,-401.104904
990381336,110.913163
990382102,-8725.85609
990383102,-14869.72422
990384102,-13361.76341
990385102,-8667.717493
990386102,-4852.693534
990387102,-1722.88412
990388102,1154.45127
990389102,2260.865592
990390102,1392.536874
990391102,368.152862
990391868,695.26736
990392868,-2755.719079
990393868,-2867.144699
990394868,-1603.056847
990395868,-2288.06639
990396868,-5460.281101
990397868,-7819.926907
990398868,-6388.401357
990399868,-2768.737662
990400868,-412.825891
990402610,-8879.880758
990403610,-17923.57916
990404610,-18069.33744
990405610,-13299.50171
990406610,-8141.023006
990407610,-3099.947498
990408610,1386.144176
990409610,3052.657749
990410610,1886.813867
990411610,504.115797
990412375,-3863.260213
990413375,-6822.556284
990414375,-5848.771573
990415375,-3636.893518
990416375,-2476.190458
990417375,-2009.074531
990418375,-1261.938345
990419375,-417.475954
990420375,4.461434
990421375,68.465169
990422141,1008.124379
990423141,-2585.01383
990424141,-3003.779579
990425141,-2422.197256
990426141,-3742.051616
990427141,-6833.214562
990428141,-8442.884449
990429141,-6365.220546
990430141,-2616.832758
990431141,-356.623451
990431907,-7260.965648
990432907,-14769.81338
990433907,-14557.06152
990434907,-10820.73387
990435907,-7519.694672
990436907,-4429.140523
990437907,-1070.476697
990438907,932.392323
990439907,923.79673
990440907,328.850176
990442649,-4481.210788
990443649,-8414.339904
990444649,-6912.605315
990445649,-3437.609957
990446649,-1899.425848
990447649,-2578.835851
990448649,-3218.331988
990449649,-2412.288571
990450649,-951.284809
990451649,-94.998635
990452414,-4124.38036
990453414,-10032.28253
990454414,-10381.80104
990455414,-8295.935484
990456414,-6672.000717
990457414,-5125.200993
990458414,-2848.519375
990459414,-795.85964
990460414,75.614394
990461414,156.885534
990462180,-3652.757371
990463180,-8590.604068
990464180,-8432.843656
990465180,-5945.837718
990466180,-4318.21684
990467180,-3735.952342
990468180,-2894.525687
990469180,-1536.267593
990470180,-424.809185
990471180,29.06068
990476829,-3914.055091
990477829,-9850.588449
990478829,-10145.70364
990479829,-7179.27065
990480829,-4585.147923
990481829,-3282.074975
990482829,-2272.175208
990483829,-1115.953766
990484829,-260.223145
990485829,59.790625
990486594,-3613.117213
990487594,-8386.029815
990488594,-8272.982559
990489594,-6260.557529
990490594,-5098.139076
990491594,-4382.420468
990492594,-2963.843178
990493594,-1257.522439
990494594,-220.408787
990495594,78.44229
990496360,-4718.37164
990497360,-9463.953758
990498360,-9234.167913
990499360,-6574.028831
990500360,-4218.997739
990501360,-2397.333508
990502360,-700.962224
990503360,327.986634
990504360,408.185306
990505360,167.247053
990506125,-650.374437
990507125,-4417.903877
990508125,-4446.471348
990509125,-2893.41446
990510125,-2892.430597
990511125,-4657.411126
990512125,-5650.216473
990513125,-4203.634885
990514125,-1695.283332
990515125,-212.616882
990516868,-7061.258644
990517868,-13360.26965
990518868,-13117.00263
990519868,-9552.234585
990520868,-5812.017508
990521868,-1972.353952
990522868,1514.454632
990523868,2682.928962
990524868,1584.156588
990525868,401.250982
990526633,971.750813
990527633,-1634.201043
990528633,-1738.508894
990529633,-1150.859411
990530633,-2374.937202
990531633,-5413.674369
990532633,-7315.492823
990533633,-5778.219019
990534633,-2454.569171
990535633,-358.720841
990536399,-4933.363636
990537399,-12642.53884
990538399,-13510.08014
990539399,-10573.49528
990540399,-7650.944187
990541399,-5210.565895
990542399,-2601.199525
990543399,-550.209959
990544399,205.270371
990545399,198.389411
990546164,-5810.473091
990547164,-10071.17288
990548164,-8572.559055
990549164,-4913.933581
990550164,-2683.115865
990551164,-1901.92657
990552164,-1196.489064
990553164,-393.934678
990554164,26.31859
990555164,86.564144
990556907,-2099.280825
990557907,-7360.015134
990558907,-8232.969203
990559907,-6579.28558
990560907,-5153.081476
990561907,-4468.25052
990562907,-3528.025114
990563907,-1998.878346
990564907,-628.222742
990565907,-1.536651
990566672,-4999.23534
990567672,-9954.569944
990568672,-9272.829166
990569672,-5960.499632
990570672,-3518.208583
990571672,-2402.159557
990572672,-1544.736596
990573672,-658.135753
990574672,-98.238729
990575672,70.622057
990576438,-3552.840966
990577438,-8808.176545
990578438,-8906.823262
990579438,-6680.50446
990580438,-5199.230374
990581438,-4314.974483
990582438,-2832.72578
990583438,-1118.641839
990584438,-139.408074
990585438,98.245431
990586204,-3983.779731
990587204,-8265.655955
990588204,-7792.862951
990589204,-5151.304416
990590204,-3328.044956
990591204,-2417.838913
990592204,-1362.733542
990593204,-317.54041
990594204,116.153248
990595204,110.364945
990596946,-665.576786
990597946,-3438.914393
990598946,-3206.896437
990599946,-1742.308393
990600946,-1698.845792
990601946,-3569.044436
990602946,-5085.455681
990603946,-4159.483138
990604946,-1795.855508
990605946,-259.439677
990606711,-4740.537263
990607711,-10946.8205
990608711,-10989.70104
990609711,-7975.538751
990610711,-5568.280434
990611711,-3951.451571
990612711,-2097.001719
990613711,-472.502802
990614711,162.647974
990615711,159.692872
990616477,-5519.080455
990617477,-8200.82313
990618477,-6451.636067
990619477,-3059.584362
990620477,-721.856896
990621477,227.808025
990622477,478.422761
990623477,405.880435
990624477,205.443759
990625477,67.288489
990626243,1111.58241
990627243,-3585.845023
990628243,-4961.507321
990629243,-4733.751436
990630243,-5519.512973
990631243,-7206.760222
990632243,-7400.474767
990633243,-5002.953107
990634243,-1892.554638
990635243,-204.534355
990636985,-8805.884559
990637985,-13470.41035
990638985,-11504.16052
990639985,-6677.914913
990640985,-2481.209787
990641985,742.824039
990642985,2867.640003
990643985,2914.289007
990644985,1460.933945
990645985,322.245297
990646750,1028.244083
990647750,-2800.774359
990648750,-3904.116119
990649750,-3356.00143
990650750,-3594.077767
990651750,-5256.934561
990652750,-6278.393778
990653750,-4780.961156
990654750,-1990.421775
990655750,-267.252125
990656516,-4551.395995
990657516,-12092.43429
990658516,-12516.64978
990659516,-9234.614758
990660516,-6736.495584
990661516,-5561.364613
990662516,-4075.579163
990663516,-2032.415069
990664516,-503.326229
990665516,68.008147
990666282,-7957.355611
990667282,-13667.79556
990668282,-12184.09555
990669282,-7823.216519
990670282,-4539.699367
990671282,-2041.389632
990672282,432.192385
990673282,1622.762669
990674282,1105.334711
990675282,315.449249
990676047,-2136.237443
990677047,-5141.335256
990678047,-4676.755191
990679047,-2980.078559
990680047,-2452.482985
990681047,-3002.384386
990682047,-3092.252549
990683047,-2071.858342
990684047,-763.440363
990685047,-66.197663
990686789,-3256.024449
990687789,-8798.263675
990688789,-9271.038513
990689789,-7133.919286
990690789,-5394.73478
990691789,-4300.620996
990692789,-2898.553827
990693789,-1303.02966
990694789,-267.647916
990695789,71.132673
990696555,-4164.63908
990697555,-9186.036093
990698555,-8859.127849
990699555,-6291.78817
990700555,-4655.893926
990701555,-3805.294395
990702555,-2517.477482
990703555,-1017.428366
990704555,-138.128107
990705555,88.411421
990706321,-3998.263121
990707321,-7815.086224
990708321,-6968.256721
990709321,-4242.821378
990710321,-2654.183326
990711321,-2357.794943
990712321,-2028.285339
990713321,-1184.608076
990714321,-363.396618
990715321,9.750687
990716086,-2751.711211
990717086,-8284.651545
990718086,-8701.630388
990719086,-6608.224054
990720086,-5302.707491
990721086,-4938.207006
990722086,-3978.222034
990723086,-2177.996109
990724086,-637.337675
990725086,12.606489
990726829,-5004.782976
990727829,-9989.158855
990728829,-9504.503168
990729829,-6552.538298
990730829,-4271.887602
990731829,-2732.570449
990732829,-1149.316826
990733829,19.555052
990734829,296.140451
990735829,154.986622
990736594,-1410.430153
990737594,-5544.897422
990738594,-5563.068252
990739594,-3747.392403
990740594,-3294.047049
990741594,-4558.004597
990742594,-5263.379523
990743594,-3855.878567
990744594,-1538.163278
990745594,-180.514605
990746360,-4691.438382
990747360,-11047.87178
990748360,-11105.26727
990749360,-7981.765751
990750360,-5503.373132
990751360,-4169.903626
990752360,-2816.763268
990753360,-1294.863761
990754360,-271.111915
990755360,77.553985
990756125,-5528.660335
990757125,-11037.19709
990758125,-10209.38937
990759125,-6576.360219
990760125,-4105.213789
990761125,-3015.803236
990762125,-1897.1949
990763125,-674.71037
990764125,-14.687413
990765125,107.121857
990766868,-3376.693789
990767868,-8080.104699
990768868,-7939.014824
990769868,-5419.546428
990770868,-3708.663158
990771868,-3181.666523
990772868,-2538.589522
990773868,-1377.524701
990774868,-382.971798
990775868,26.613973
990776633,-3837.209186
990777633,-7145.71037
990778633,-5767.881895
990779633,-2420.662665
990780633,-738.574686
990781633,-1343.009346
990782633,-2232.575725
990783633,-1873.618658
990784633,-782.46237
990785633,-89.501181
990786399,-1106.322632
990787399,-8031.565992
990788399,-9761.861276
990789399,-8507.481925
990790399,-7623.392437
990791399,-7507.156073
990792399,-6450.469534
990793399,-3891.856817
990794399,-1323.089918
990795399,-71.626855
990796164,-9573.058233
990797164,-15772.71065
990798164,-13767.95334
990799164,-8457.797879
990800164,-4326.487323
990801164,-1301.609972
990802164,1238.125732
990803164,2122.153996
990804164,1275.011583
990805164,338.588603
990806907,213.926843
990807907,-4764.650323
990808907,-5890.128719
990809907,-4967.82561
990810907,-5028.400051
990811907,-6423.407736
990812907,-6831.226333
990813907,-4790.586517
990814907,-1866.052805
990815907,-210.434609
990816672,-6961.292163
990817672,-14226.56622
990818672,-13726.6635
990819672,-9571.15398
990820672,-6206.088219
990821672,-3907.383627
990822672,-1679.214902
990823672,-67.022584
990824672,355.830785
990825672,206.690957
990826438,-5648.898704
990827438,-11184.59865
990828438,-10453.23547
990829438,-6787.546885
990830438,-4045.288415
990831438,-2636.135016
990832438,-1424.131807
990833438,-357.949838
990834438,100.512043
990835438,121.831866
990836204,-2889.872879
990837204,-8044.703387
990838204,-7895.93189
990839204,-5161.098607
990840204,-3702.619948
990841204,-4090.837378
990842204,-4232.418013
990843204,-2885.738728
990844204,-1067.431177
990845204,-86.21563
990846946,-6112.653705
990847946,-11734.05245
990848946,-10787.68209
990849946,-7313.957007
990850946,-5050.546675
990851946,-3634.847863
990852946,-1822.116205
990853946,-253.749338
990854946,258.59031
990855946,172.286256
990856711,-2316.711769
990857711,-7497.706835
990858711,-7741.22484
990859711,-5909.785033
990860711,-5292.122792
990861711,-5761.306252
990862711,-5258.798506
990863711,-3216.173612
990864711,-1086.275979
990865711,-61.068159
990866477,-6053.835875
990867477,-11999.09945
990868477,-11207.58361
990869477,-7502.760578
990870477,-4880.535062
990871477,-3326.332178
990872477,-1614.868874
990873477,-186.010824
990874477,264.763436
990875477,169.981571
990876243,-2092.732294
990877243,-6593.482576
990878243,-6318.182811
990879243,-4040.640112
990880243,-3423.109034
990881243,-4866.835439
990882243,-5778.639564
990883243,-4308.726134
990884243,-1740.721955
990885243,-209.548031
990886985,-7844.548337
990887985,-15005.61386
990888985,-14622.82021
990889985,-10475.22625
990890985,-6417.069652
990891985,-2706.52695
990892985,617.45321
990893985,1989.057451
990894985,1300.61698
990895985,369.22288
990896750,-6563.274191
990897750,-7564.77494
990898750,-4453.005618
990899750,-570.224443
990900750,1533.274879
990901750,2151.434396
990902750,2159.233761
990903750,1591.724157
990904750,697.087567
990905750,124.153756
990906516,3965.22963
990907516,2451.169893
990908516,1842.83424
990909516,1727.514304
990910516,-297.783272
990911516,-5043.972898
990912516,-8841.166369
990913516,-7732.040511
990914516,-3486.428399
990915516,-576.193051
990916282,-11033.47125
990917282,-17235.37058
990918282,-16322.90142
990919282,-11541.97486
990920282,-5360.0001
990921282,2101.171854
990922282,8034.823139
990923282,8191.363248
990924282,4037.428822
990925282,808.79717
990926047,998.333381
990927047,4280.085624
990928047,6227.272373
990929047,6735.851869
990930047,5476.404252
990931047,2191.842884
990932047,-1365.703092
990933047,-2562.796589
990934047,-1484.313143
990935047,-346.154013
990936789,14689.45782
990937789,12792.09582
990938789,9784.302859
990939789,5462.056558
990940789,-3457.851218
990941789,-16992.38177
990942789,-25891.6782
990943789,-21463.95958
990944789,-9436.715456
990945789,-1527.705244
990946555,-17351.88594
990947555,-29684.85631
990948555,-26058.58566
990949555,-15932.51044
990950555,-8503.808745
990951555,-3903.89526
990952555,-4.635392
990953555,2012.598785
990954555,1527.684436
990955555,501.207743
990956321,-10215.48802
990957321,-14176.95806
990958321,-9825.526853
990959321,-2983.315056
990960321,630.640411
990961321,840.088796
990962321,252.988874
990963321,97.60599
990964321,111.155497
990965321,70.819214
990966086,4578.460424
990967086,2744.684144
990968086,3596.550008
990969086,4481.113372
990970086,567.343704
990971086,-8792.596078
990972086,-16233.09102
990973086,-14366.75072
990974086,-6522.094037
990975086,-1090.500362
990976829,-16383.4715
990977829,-27863.39003
990978829,-25019.71231
990979829,-15939.90041
990980829,-8338.355144
990981829,-2277.108412
990982829,2841.585066
990983829,4479.95908
990984829,2624.179628
990985829,671.853255
990986594,-13954.76008
990987594,-20265.12642
990988594,-20526.17075
990989594,-16752.4932
990990594,-8394.644776
990991594,5355.304744
990992594,17062.81883
990993594,17014.63669
990994594,8248.007582
990995594,1566.939588
990996360,24913.7689
990997360,33623.69437
990998360,30843.15898
990999360,21274.49525
991000360,6846.801734
991001360,-12577.23389
991002360,-27469.72889
991003360,-25592.51209
991004360,-12080.005
991005360,-2225.738699
991006125,-12809.51393
991007125,-37162.93561
991008125,-45255.04398
991009125,-43342.34582
991010125,-35620.12626
991011125,-18851.16414
991012125,1690.926749
991013125,11332.6427
991014125,7638.189964
991015125,2016.769862
991016868,7652.302712
991017868,20235.85598
991018868,23861.55432
991019868,22603.70032
991020868,18733.16526
991021868,10671.77317
991022868,886.252716
991023868,-4046.371426
991024868,-3015.234106
991025868,-871.554031
991026633,11650.15927
991027633,9445.155736
991028633,2964.809798
991029633,-3434.893882
991030633,-7351.319495
991031633,-9097.759304
991032633,-8633.325318
991033633,-5727.290059
991034633,-2210.281755
991035633,-282.067904
991036399,10285.17351
991037399,12050.38693
991038399,16233.26191
991039399,19265.29885
991040399,11647.8835
991041399,-9738.541542
991042399,-29476.01869
991043399,-29162.57438
991044399,-13976.11271
991045399,-2539.906796
991046164,-23119.31685
991047164,-51214.04896
991048164,-54942.71007
991049164,-46608.17599
991050164,-35588.0342
991051164,-18490.84242
991052164,1674.948029
991053164,11240.9093
991054164,7638.533105
991055164,2065.187799
991056907,-30209.87688
991057907,-26514.61978
991058907,-18027.19092
991059907,-7163.499604
991060907,9461.28936
991061907,31137.08387
991062907,43526.15653
991063907,34605.92308
991064907,14816.15449
991065907,2322.217827
991066672,66864.15556
991067672,71356.85206
991068672,53717.73723
991069672,27971.152
991070672,-4417.234081
991071672,-46576.13724
991072672,-76355.89116
991073672,-65972.37786
991074672,-29951.74593
991075672,-5146.607644
991076438,-79352.8415
991077438,-124225.6178
991078438,-117671.4535
991079438,-81837.0151
991080438,-35476.08215
991081438,18331.16554
991082438,59222.4901
991083438,58737.62417
991084438,28598.17197
991085438,5670.338392
991093039,-8986.025801
991094039,-41979.82226
991095039,-57869.35169
991096039,-61342.2345
991097039,-54238.89141
991098039,-32673.87624
991099039,-5002.580836
991100039,9777.193061
991101039,7869.74656
991102039,2338.913791
991102805,-40040.12129
991103805,-21344.68914
991104805,5091.552118
991105805,29457.27792
991106805,45860.07001
991107805,50738.81275
991108805,41751.66828
991109805,23605.74815
991110805,7696.736904
991111805,550.627485
991112571,30021.95672
991113571,28592.97906
991114571,16837.67248
991115571,6050.722969
991116571,-2430.644719
991117571,-14529.80087
991118571,-25366.96149
991119571,-23200.74122
991120571,-10939.49186
991121571,-1940.503669
991122336,-14155.15121
991123336,-41359.74123
991124336,-46982.93
991125336,-37844.24516
991126336,-25864.55924
991127336,-15073.55419
991128336,-5765.287919
991129336,-111.858364
991130336,1193.437659
991131336,702.762939
991133079,-17722.61766
991134079,-44964.96222
991135079,-52787.69274
991136079,-49702.70354
991137079,-40358.40398
991138079,-20844.82028
991139079,2466.603772
991140079,13035.79498
991141079,8637.81734
991142079,2270.140566
991142844,-22910.35762
991143844,-3344.592232
991144844,17035.74765
991145844,32282.98208
991146844,39560.05856
991147844,36884.74778
991148844,25220.11751
991149844,11397.17878
991150844,2656.255171
991151844,-218.577275
991152610,52703.76693
991153610,39613.00073
991154610,14893.86114
991155610,-11608.19466
991156610,-36609.30462
991157610,-57801.29794
991158610,-63245.42486
991159610,-45073.5584
991160610,-18128.36845
991161610,-2507.835102
991162375,-62300.7254
991163375,-80077.32844
991164375,-65657.85746
991165375,-36807.0662
991166375,-5122.683503
991167375,28194.41841
991168375,49992.65938
991169375,43719.34001
991170375,20017.07777
991171375,3620.986965
991173118,40203.56037
991174118,42831.18361
991175118,30940.25377
991176118,8346.527062
991177118,-19018.41244
991178118,-41110.74501
991179118,-45312.21618
991180118,-30434.85638
991181118,-11469.70021
991182118,-1529.652422
991182883,-4895.856914
991183883,8870.168686
991184883,26020.49733
991185883,37553.76698
991186883,32909.49198
991187883,10582.52749
991188883,-13404.7112
991189883,-19872.78495
991190883,-10826.00866
991191883,-2324.743847
991192649,10711.64458
991193649,-19595.26731
991194649,-35599.53626
991195649,-40531.62712
991196649,-42925.61053
991197649,-42866.52064
991198649,-34828.02381
991199649,-19730.79387
991200649,-6335.187561
991201649,-279.429149
991202414,-41697.88086
991203414,-62820.14729
991204414,-55198.93104
991205414,-37965.72939
991206414,-22272.34862
991207414,-2201.18405
991208414,18630.05762
991209414,23676.93477
991210414,12846.8069
991211414,2803.819778
991213157,2853.05687
991214157,25147.31391
991215157,41225.37386
991216157,50669.22854
991217157,47050.71338
991218157,23193.31326
991219157,-7688.46125
991220157,-20336.52924
991221157,-12490.44674
991222157,-2970.427168
991222922,-13510.73739
991223922,-17221.24241
991224922,-14390.8977
991225922,-5053.662566
991226922,6853.564276
991227922,15362.42181
991228922,16051.08048
991229922,10173.45113
991230922,3648.521453
991231922,462.190092
991232688,40101.94157
991233688,22791.82676
991234688,5473.794703
991235688,-9975.857023
991236688,-30261.83112
991237688,-55447.28524
991238688,-67301.90743
991239688,-50869.85591
991240688,-21192.58618
991241688,-3070.894804
991242454,-83115.21116
991243454,-115724.3812
991244454,-99156.68387
991245454,-58978.34811
991246454,-15389.66027
991247454,29327.1086
991248454,60038.69789
991249454,54849.04318
991250454,25783.56828
991251454,4874.782943
991253196,25632.24766
991254196,35296.51529
991255196,27796.63528
991256196,8379.542054
991257196,-10844.01715
991258196,-19642.82527
991259196,-16096.48748
991260196,-7476.120472
991261196,-1749.628028
991262196,-68.758529
991262961,38354.78487
991263961,60347.29444
991264961,65297.79566
991265961,55404.43326
991266961,28114.22264
991267961,-16209.55659
991268961,-52521.37859
991269961,-51860.49823
991270961,-24935.55412
991271961,-4722.524547
991272727,-34213.56189
991273727,-50980.23573
991274727,-40084.31873
991275727,-16103.08309
991276727,2229.615274
991277727,9190.266942
991278727,8618.267326
991279727,5183.470299
991280727,1989.919463
991281727,424.426937
991282493,-7676.081943
991283493,-32857.10167
991284493,-41968.33979
991285493,-39509.61945
991286493,-32095.77245
991287493,-20355.20745
991288493,-6682.969494
991289493,1722.586521
991290493,2643.653171
991291493,1053.13362
991292258,-20495.56991
991293258,-27962.37296
991294258,-23159.51717
991295258,-14779.26402
991296258,-7202.88904
991297258,2372.64833
991298258,11630.71033
991299258,12785.54408
991300258,6573.221731
991301258,1344.257792
991303000,30256.40508
991304000,59014.09745
991305000,74911.08437
991306000,76782.47056
991307000,53807.52677
991308000,394.899959
991309000,-51592.00757
991310000,-59178.38327
991311000,-30177.80389
991312000,-6057.881409
991312766,-36794.82204
991313766,-82882.57112
991314766,-92547.6388
991315766,-79831.08749
991316766,-56859.04925
991317766,-21878.59544
991318766,13843.22697
991319766,26325.19665
991320766,15554.76536
991321766,3788.71998
991322532,-12258.98663
991323532,-2248.806415
991324532,10885.21457
991325532,18857.48139
991326532,17870.80742
991327532,10688.25903
991328532,3111.732569
991329532,-724.525596
991330532,-1026.891349
991331532,-397.493478
991332297,4244.460498
991333297,9355.281793
991334297,11666.16991
991335297,11535.4799
991336297,8373.350977
991337297,1513.425922
991338297,-5411.786438
991339297,-6945.817282
991340297,-3696.061994
991341297,-783.697109
991343039,-10919.11284
991344039,-21528.16967
991345039,-22352.93428
991346039,-13668.57435
991347039,-1664.107456
991348039,6842.902109
991349039,8593.905626
991350039,5491.965882
991351039,1958.79511
991352039,323.17441
991352805,14503.3964
991353805,-10826.32464
991354805,-27694.83824
991355805,-36934.61648
991356805,-42204.03447
991357805,-41469.62727
991358805,-31500.23032
991359805,-16384.74438
991360805,-4746.308909
991361805,-40.981645
991362571,-55316.38459
991363571,-58453.21901
991364571,-33183.84126
991365571,1597.657196
991366571,27398.33627
991367571,38865.17943
991368571,36445.08913
991369571,23303.35051
991370571,8788.770715
991371571,1175.692603
991372336,-4373.092771
991373336,-11655.5767
991374336,-20582.53367
991375336,-25143.08629
991376336,-17258.83171
991377336,3500.393135
991378336,22315.14186
991379336,23403.8225
991380336,11427.94469
991381336,2167.407728
991383079,60560.52939
991384079,65369.77666
991385079,44890.46042
991386079,10076.17057
991387079,-26172.76381
991388079,-55634.24195
991389079,-65773.58922
991390079,-48701.43602
991391079,-20250.78272
991392079,-3103.862321
991392844,-31150.43125
991393844,-51158.25933
991394844,-42730.83908
991395844,-24098.04335
991396844,-12299.49914
991397844,-6554.990508
991398844,-1263.864924
991399844,2247.329569
991400844,2094.65906
991401844,761.243148
991402610,-29939.09869
991403610,-35158.93146
991404610,-27116.0699
991405610,-15709.33852
991406610,-3863.550884
991407610,12129.01027
991408610,25765.60423
991409610,24481.18263
991410610,11738.1481
991411610,2174.535468
991412375,33551.32153
991413375,50318.56931
991414375,51902.95212
991415375,44322.66334
991416375,25569.60483
991417375,-8466.240188
991418375,-39680.66083
991419375,-41762.89076
991420375,-20728.18907
991421375,-4035.653083
991423118,-36921.3933
991424118,-69498.8812
991425118,-72331.14289
991426118,-52026.24212
991427118,-21990.9514
991428118,7576.212152
991429118,25035.51816
991430118,23152.03993
991431118,10774.34884
991432118,2196.141733
991432883,-13278.30822
991433883,-29593.72646
991434883,-31067.36573
991435883,-22839.96766
991436883,-13048.8004
991437883,-4750.771853
991438883,1106.792749
991439883,3056.392737
991440883,1934.354458
991441883,590.325714
991442649,-31762.44849
991443649,-46484.21217
991444649,-48630.45422
991445649,-41944.78102
991446649,-22874.86526
991447649,12002.2654
991448649,43162.3089
991449649,43997.99474
991450649,21529.41196
991451649,4105.810477
991452414,63587.7137
991453414,92448.00788
991454414,90654.34013
991455414,69294.69959
991456414,31090.28044
991457414,-25302.87071
991458414,-71272.11966
991459414,-69632.28398
991460414,-33512.24546
991461414,-6345.982594
991463157,-58399.409
991464157,-97798.54956
991465157,-96096.55799
991466157,-70271.29
991467157,-35263.67541
991468157,6796.04444
991469157,40376.4044
991470157,42623.57816
991471157,21285.56437
991472157,4373.210202
991472922,7786.595725
991473922,2847.530303
991474922,286.367419
991475922,-1268.064344
991476922,-5804.32166
991477922,-13845.7486
991478922,-18908.99834
991479922,-15102.34862
991480922,-6487.030756
991481922,-983.090905
991482688,-44790.76282
991483688,-44669.79044
991484688,-30029.87077
991485688,-10243.29111
991486688,11874.93958
991487688,36423.32019
991488688,50675.43081
991489688,40927.60865
991490688,17872.99769
991491688,2902.563873
991492454,70784.32166
991493454,77275.10588
991494454,59206.6214
991495454,29823.39023
991496454,-7460.442533
991497454,-52195.11093
991498454,-80811.57028
991499454,-67797.67995
991500454,-30239.9719
991501454,-5109.109018
991503196,-61269.57586
991504196,-102534.2485
991505196,-99954.71514
991506196,-75486.47034
991507196,-44180.59107
991508196,-2222.435896
991509196,36865.01944
991510196,44180.0603
991511196,23299.11317
991512196,4992.564942
991512961,23649.855
991513961,35704.86102
991514961,33571.16466
991515961,20423.73372
991516961,2577.674882
991517961,-14396.23534
991518961,-22986.61223
991519961,-18693.74451
991520961,-8170.023063
991521961,-1437.406047
991522727,-16216.3907
991523727,-14701.15227
991524727,-11196.72206
991525727,-5216.57022
991526727,5649.366317
991527727,19488.53501
991528727,26682.21245
991529727,20708.9747
991530727,8683.037539
991531727,1326.378063
991532493,43512.43327
991533493,29887.0159
991534493,8012.870184
991535493,-12655.35166
991536493,-30731.13719
991537493,-46847.67855
991538493,-51806.44678
991539493,-37563.81611
991540493,-15323.54916
991541493,-2145.729563
991542258,-51266.44628
991543258,-76485.64305
991544258,-67045.38099
991545258,-39868.33484
991546258,-11593.27247
991547258,14081.11217
991548258,30437.51504
991549258,27870.29228
991550258,13153.91708
991551258,2577.215353
991553000,-6080.416597
991554000,-12154.27428
991555000,-12678.32833
991556000,-10192.86958
991557000,-6899.63305
991558000,-2270.584841
991559000,2599.805396
991560000,4243.674943
991561000,2462.782369
991562000,579.191812
991562766,6664.022531
991563766,15610.18281
991564766,21656.34505
991565766,21915.40362
991566766,13510.78614
991567766,-2283.960918
991568766,-15428.59947
991569766,-16017.89286
991570766,-7795.257065
991571766,-1511.866503
991572532,952.96194
991573532,2277.370656
991574532,10079.5295
991575532,17944.60224
991576532,14521.55944
991577532,-3454.859844
991578532,-21717.18973
991579532,-23214.78382
991580532,-11444.77952
991581532,-2137.219324
991582297,-22752.3779
991583297,-51146.74575
991584297,-57378.89421
991585297,-50989.25188
991586297,-38294.94514
991587297,-16296.25156
991588297,7762.793105
991589297,16886.77022
991590297,10211.08332
991591297,2508.555485
991593039,5886.386982
991594039,6897.03688
991595039,7493.567857
991596039,5943.725567
991597039,402.816522
991598039,-8251.825585
991599039,-14174.24938
991600039,-12165.03542
991601039,-5451.953429
991602039,-917.161874
991602805,-9922.020138
991603805,-13251.16912
991604805,-7191.29211
991605805,2205.213172
991606805,6486.461847
991607805,2780.680984
991608805,-3684.987643
991609805,-5775.879214
991610805,-3176.105784
991611805,-614.054382
991617454,-33324.56065
991618454,-43735.39692
991619454,-33464.54549
991620454,-16176.83932
991621454,-2102.277777
991622454,10183.93684
991623454,19212.20878
991624454,17890.66623
991625454,8621.937765
991626454,1659.535569
991627219,7952.565763
991628219,23330.76526
991629219,33582.7602
991630219,36716.55671
991631219,28142.78385
991632219,6290.645711
991633219,-15757.60203
991634219,-20742.79157
991635219,-11024.69299
991636219,-2338.616893
991636985,4368.519997
991637985,-15672.5854
991638985,-23633.01944
991639985,-22848.67222
991640985,-22403.2267
991641985,-24706.11582
991642985,-23865.36488
991643985,-15959.18283
991644985,-6021.933957
991645985,-598.181695
991646750,-26419.84177
991647750,-53312.85431
991648750,-56150.38631
991649750,-46357.82078
991650750,-32500.82024
991651750,-12579.03942
991652750,7936.197648
991653750,15205.93489
991654750,9012.623895
991655750,2208.193075
991657493,1366.313649
991658493,-4200.402149
991659493,-7771.71022
991660493,-12731.08094
991661493,-17373.22446
991662493,-16014.14784
991663493,-8435.888686
991664493,-1418.277749
991665493,825.599352
991666493,492.518642
991667258,-46351.13018
991668258,-20366.19102
991669258,9966.94042
991670258,39042.50501
991671258,62719.53469
991672258,72902.67662
991673258,61936.46617
991674258,35607.66031
991675258,11731.52552
991676258,882.942718
991677024,90804.57854
991678024,71558.69718
991679024,30936.84086
991680024,-10234.07514
991681024,-48397.83626
991682024,-85378.42699
991683024,-101036.7353
991684024,-75887.56375
991685024,-31686.71485
991686024,-4694.134225
991686789,-80719.27716
991687789,-115807.3784
991688789,-93980.14981
991689789,-49799.2077
991690789,-13561.10525
991691789,13884.39077
991692789,32161.09608
991693789,30933.68145
991694789,15203.96347
991695789,3157.369756
991697532,-13073.02012
991698532,-20294.67492
991699532,-18106.77231
991700532,-10921.3982
991701532,-3456.006052
991702532,2715.442434
991703532,6141.814292
991704532,5463.528987
991705532,2525.916813
991706532,511.45598
991707297,-13867.53302
991708297,-20991.77453
991709297,-22135.08218
991710297,-17278.63174
991711297,-6289.612515
991712297,9007.789185
991713297,19852.6748
991714297,18032.92235
991715297,8324.296485
991716297,1508.495232
991717063,15348.40976
991718063,18568.41917
991719063,14538.39892
991720063,8633.258225
991721063,2667.765148
991722063,-5402.182957
991723063,-12523.99739
991724063,-12195.27402
991725063,-5923.211758
991726063,-1116.243839
991726829,-585.806414
991727829,-11273.81636
991728829,-12989.70046
991729829,-9563.715542
991730829,-8467.867953
991731829,-11665.12962
991732829,-13937.24277
991733829,-10616.78752
991734829,-4393.111841
991735829,-564.138843
991737571,-13874.51995
991738571,-31073.23362
991739571,-30030.14187
991740571,-19787.21438
991741571,-12307.54332
991742571,-9673.676287
991743571,-7610.516132
991744571,-4208.953477
991745571,-1193.630328
991746571,100.588404
991747336,-20176.55673
991748336,-33441.87149
991749336,-29779.34367
991750336,-18581.97517
991751336,-8992.926446
991752336,-1394.704231
991753336,4652.778372
991754336,6163.778359
991755336,3443.888912
991756336,839.909494
991757102,-7624.91444
991758102,-11027.82997
991759102,-9512.766159
991760102,-6758.954546
991761102,-4341.224207
991762102,-682.904746
991763102,3421.526204
991764102,4504.300356
991765102,2458.922648
991766102,534.406734
991766868,5144.923861
991767868,6439.632119
991768868,6817.583698
991769868,6798.04632
991770868,4410.781189
991771868,-2094.567982
991772868,-8709.621519
991773868,-9201.410627
991774868,-4574.95679
991775868,-868.726915
991777610,-5503.749403
991778610,-16505.0196
991779610,-18280.17155
991780610,-14511.96909
991781610,-10607.70361
991782610,-7607.214901
991783610,-4461.095298
991784610,-1635.163373
991785610,-155.646225
991786610,191.692555
991787375,-6452.665568
991788375,-17783.4919
991789375,-18258.37002
991790375,-13756.52246
991791375,-11060.92221
991792375,-10073.87691
991793375,-7691.109935
991794375,-3897.227553
991795375,-1003.941211
991796375,86.230717
991797141,-8486.691689
991798141,-19401.48157
991799141,-19083.18888
991800141,-13752.0292
991801141,-10161.1315
991802141,-8234.289828
991803141,-5416.61046
991804141,-2158.661226
991805141,-268.385703
991806141,198.687736
991806907,-12962.54638
991807907,-19333.02361
991808907,-15692.27904
991809907,-7722.998401
991810907,-1416.307018
991811907,2207.386794
991812907,3829.412863
991813907,3324.877717
991814907,1576.885523
991815907,342.839073
991816672,3077.739546
991817672,-4687.869603
991818672,-7933.72868
991819672,-8261.537725
991820672,-9361.932024
991821672,-11726.38068
991822672,-12049.0394
991823672,-8292.133993
991824672,-3201.404222
991825672,-361.45699
991827414,-11600.69987
991828414,-21970.80045
991829414,-20466.25646
991830414,-13429.39342
991831414,-7782.432721
991832414,-3984.920651
991833414,-632.082945
991834414,1262.005697
991835414,1106.133009
991836414,390.813456
991837180,-5708.369282
991838180,-11767.57588
991839180,-10834.76106
991840180,-7172.654051
991841180,-5134.438201
991842180,-4624.302936
991843180,-3648.590447
991844180,-1908.685409
991845180,-504.473322
991846180,45.175384
991846946,-6602.351107
991847946,-11638.42318
991848946,-9719.050327
991849946,-5146.237314
991850946,-2516.261291
991851946,-2186.92085
991852946,-2176.02621
991853946,-1451.91935
991854946,-507.086335
991855946,-7.180585
991856711,-2255.90015
991857711,-11340.0899
991858711,-13247.57971
991859711,-11236.00302
991860711,-9862.300758
991861711,-9393.465721
991862711,-7615.616132
991863711,-4258.717096
991864711,-1308.477749
991865711,-14.237012
991867454,-12515.82066
991868454,-18585.13039
991869454,-14505.7671
991870454,-6696.295155
991871454,-1447.767774
991872454,904.036994
991873454,2040.98985
991874454,2042.594805
991875454,1079.871227
991876454,271.540579
991877219,447.720104
991878219,-7248.421342
991879219,-9331.009953
991880219,-8019.503114
991881219,-7691.24426
991882219,-9204.162533
991883219,-9528.406821
991884219,-6615.490374
991885219,-2556.846737
991886219,-275.990564
991886985,-9724.048709
991887985,-19378.12266
991888985,-18603.14632
991889985,-12889.97234
991890985,-8138.541734
991891985,-4675.286906
991892985,-1387.320005
991893985,664.079139
991894985,824.945868
991895985,335.710197
991896750,-5020.660491
991897750,-12358.22693
991898750,-12124.08887
991899750,-8411.581726
991900750,-6191.701704
991901750,-5828.934898
991902750,-5001.597608
991903750,-2934.151325
991904750,-930.151395
991905750,-9.008061
991907493,-8648.667774
991908493,-16685.09359
991909493,-15779.44021
991910493,-10436.38245
991911493,-5894.555753
991912493,-2754.399681
991913493,-145.937712
991914493,1181.045707
991915493,922.565226
991916493,307.944929
991917258,-2333.226032
991918258,-8042.222821
991919258,-8208.059254
991920258,-6120.722319
991921258,-5613.01429
991922258,-6568.832366
991923258,-6415.940513
991924258,-4166.380058
991925258,-1503.26454
991926258,-124.532987
991927024,-7037.584245
991928024,-13999.02551
991929024,-13029.58719
991930024,-8543.786488
991931024,-5391.862418
991932024,-3835.557373
991933024,-2267.301069
991934024,-713.930991
991935024,45.506699
991936024,147.391319
991936789,-6080.045868
991937789,-12547.73721
991938789,-12211.51871
991939789,-8660.866189
991940789,-5727.708896
991941789,-3531.67921
991942789,-1289.002597
991943789,231.673932
991944789,478.317563
991945789,216.414596
991947532,-2070.08575
991948532,-8122.408082
991949532,-8698.434334
991950532,-6628.337217
991951532,-5759.845332
991952532,-6345.077972
991953532,-6047.121859
991954532,-3872.293668
991955532,-1371.62257
991956532,-100.219223
991957297,-5038.512503
991958297,-12118.49382
991959297,-12235.64286
991960297,-9211.336116
991961297,-7065.109935
991962297,-5730.200789
991963297,-3793.705613
991964297,-1607.654746
991965297,-278.260886
991966297,110.430776
991967063,-5849.167107
991968063,-12361.39033
991969063,-11858.458
991970063,-8043.79032
991971063,-5205.383008
991972063,-3756.581608
991973063,-2359.106903
991974063,-921.046197
991975063,-96.004225
991976063,109.616878
991976829,-4273.265054
991977829,-10435.84151
991978829,-10200.56438
991979829,-7240.18921
991980829,-5602.475401
991981829,-5221.916672
991982829,-4179.627113
991983829,-2239.540443
991984829,-628.681071
991985829,27.859552
991987571,-5297.793743
991988571,-11900.56407
991989571,-11590.87029
991990571,-8074.260811
991991571,-5645.002717
991992571,-4471.679018
991993571,-2963.252101
991994571,-1192.373734
991995571,-145.285007
991996571,115.330778
991997336,-4866.854213
991998336,-9735.748422
991999336,-9110.432855
992000336,-6092.88516
992001336,-3966.885421
992002336,-3006.729121
992003336,-2114.598054
992004336,-1033.307691
992005336,-243.310322
992006336,52.448392
992007102,-3005.400823
992008102,-8526.321678
992009102,-8586.014781
992010102,-6132.483308
992011102,-4876.896166
992012102,-5021.623485
992013102,-4566.253938
992014102,-2796.098435
992015102,-935.525419
992016102,-41.308922
992016868,-5766.983812
992017868,-11605.799
992018868,-10793.81752
992019868,-6897.122094
992020868,-4125.452062
992021868,-3050.327609
992022868,-2226.879227
992023868,-1123.553857
992024868,-265.552081
992025868,59.946556
992027610,-3389.878622
992028610,-9883.301506
992029610,-10664.33272
992030610,-8294.724536
992031610,-6237.992488
992032610,-5048.344733
992033610,-3640.268912
992034610,-1851.244313
992035610,-492.681207
992036610,47.176843
992037375,-5278.227865
992038375,-10660.79267
992039375,-10006.65204
992040375,-6696.317859
992041375,-4364.986154
992042375,-3167.675972
992043375,-1913.468522
992044375,-658.535898
992045375,-11.537645
992046375,106.703638
992047141,-4628.283735
992048141,-9412.428923
992049141,-8731.263313
992050141,-5884.774177
992051141,-4190.489866
992052141,-3367.534042
992053141,-2045.599452
992054141,-593.216912
992055141,76.832321
992056141,126.328268
992056907,-2125.251589
992057907,-5698.757209
992058907,-5297.563753
992059907,-3089.843586
992060907,-2144.201313
992061907,-3009.9441
992062907,-3775.469063
992063907,-2912.961818
992064907,-1198.219112
992065907,-145.262009
992066672,-3345.573494
992067672,-9766.896059
992068672,-10354.04835
992069672,-7911.096211
992070672,-6123.949407
992071672,-5366.268185
992072672,-4147.336585
992073672,-2210.359116
992074672,-623.637546
992075672,29.77257
992077414,-5286.917895
992078414,-10329.44031
992079414,-9600.655728
992080414,-6259.067186
992081414,-3784.783913
992082414,-2534.831908
992083414,-1491.336645
992084414,-523.325845
992085414,-13.068048
992086414,91.579956
992087180,-3472.104285
992088180,-8157.398885
992089180,-8168.014671
992090180,-5933.579153
992091180,-4279.618586
992092180,-3451.576353
992093180,-2458.167685
992094180,-1193.295951
992095180,-282.707112
992096180,48.978947
992096946,-2962.767768
992097946,-7849.518343
992098946,-7685.965722
992099946,-5057.886687
992100946,-3537.858038
992101946,-3656.801643
992102946,-3633.028918
992103946,-2434.651138
992104946,-890.938571
992105946,-64.146488
992106711,-4202.126864
992107711,-10397.69638
992108711,-10691.84207
992109711,-7931.107441
992110711,-5661.730453
992111711,-4220.691214
992112711,-2573.839341
992113711,-938.11714
992114711,-68.601029
992115711,117.023472
992117454,-5346.06639
992118454,-10367.53412
992119454,-9816.930161
992120454,-6756.428772
992121454,-4300.184784
992122454,-2479.073834
992123454,-672.536901
992124454,446.579317
992125454,491.441071
992126454,188.628445
992127219,-1353.246958
992128219,-5427.930592
992129219,-5871.772943
992130219,-4288.852481
992131219,-3334.450487
992132219,-3722.931482
992133219,-4015.229385
992134219,-2933.199491
992135219,-1178.579236
992136219,-130.713081
992136985,-4179.641158
992137985,-9669.093032
992138985,-9552.380841
992139985,-7202.361999
992140985,-5768.223562
992141985,-4753.053465
992142985,-2935.664157
992143985,-1008.619474
992144985,-43.214974
992145985,126.788965
992146750,-5899.632528
992147750,-10085.52446
992148750,-8574.262023
992149750,-4570.060688
992150750,-1799.198933
992151750,-714.158735
992152750,-134.51199
992153750,251.123664
992154750,258.540464
992155750,111.110373
992157493,-124.438229
992158493,-4493.802168
992159493,-5926.350925
992160493,-5966.539422
992161493,-6207.478308
992162493,-6197.266205
992163493,-4881.720023
992164493,-2618.266257
992165493,-777.529391
992166493,-8.40813
992167258,-4465.163111
992168258,-9231.201346
992169258,-8524.146219
992170258,-5175.504795
992171258,-2918.654963
992172258,-2384.903353
992173258,-2077.294984
992174258,-1230.43108
992175258,-368.772317
992176258,19.536389
992177024,-2254.039574
992178024,-8002.854771
992179024,-8884.538792
992180024,-6892.025056
992181024,-5253.886952
992182024,-4728.445731
992183024,-4025.924528
992184024,-2447.393549
992185024,-825.497759
992186024,-29.387286
992186789,-5987.007032
992187789,-11435.72792
992188789,-10920.17683
992189789,-7229.824886
992190789,-3817.745258
992191789,-1434.621754
992192789,235.377494
992193789,891.509183
992194789,607.454404
992195789,195.559791
992197532,-224.518401
992198532,-4861.92516
992199532,-5623.690904
992200532,-4660.423372
992201532,-4939.571114
992202532,-6392.940973
992203532,-6578.555451
992204532,-4411.386148
992205532,-1640.260196
992206532,-164.494178
992207297,-5925.464795
992208297,-11431.01117
992209297,-10522.32374
992210297,-7085.445398
992211297,-4807.674538
992212297,-3456.550774
992213297,-1821.456337
992214297,-370.484269
992215297,171.620892
992216297,149.764013
992217063,-2961.151548
992218063,-8076.232026
992219063,-8060.089267
992220063,-5661.822289
992221063,-4361.076623
992222063,-4460.029873
992223063,-4150.281989
992224063,-2628.966906
992225063,-916.561082
992226063,-52.569679
992226829,-5267.01547
992227829,-11727.94055
992228829,-11907.82095
992229829,-8865.861641
992230829,-6064.501357
992231829,-3728.006998
992232829,-1329.27447
992233829,254.958493
992234829,498.514336
992235829,221.505296
992237571,-3637.823244
992238571,-7682.842351
992239571,-7126.083561
992240571,-4545.097213
992241571,-2934.314561
992242571,-2617.405576
992243571,-2325.686843
992244571,-1446.890751
992245571,-489.736118
992246571,-10.903693
992247336,-2783.904357
992248336,-7629.825206
992249336,-7822.251478
992250336,-6092.498102
992251336,-5199.925636
992252336,-4881.65573
992253336,-3790.672378
992254336,-1991.495358
992255336,-559.943037
992256336,19.743202
992257102,-5399.4503
992258102,-10918.07666
992259102,-10567.77344
992260102,-7354.723932
992261102,-4635.575861
992262102,-2676.224324
992263102,-837.188136
992264102,332.306043
992265102,450.660577
992266102,188.449812
992266868,-1921.751452
992267868,-6066.878994
992268868,-5817.686827
992269868,-3647.230042
992270868,-2968.981699
992271868,-4192.226594
992272868,-4977.361395
992273868,-3695.058714
992274868,-1482.587756
992275868,-174.491153
992277610,-4685.26679
992278610,-11349.33665
992279610,-11584.77647
992280610,-8831.054626
992281610,-6774.414447
992282610,-5210.0711
992283610,-2936.33371
992284610,-778.21175
992285610,133.919822
992286610,181.569279
992287375,-3847.926478
992288375,-7184.833783
992289375,-5959.542909
992290375,-3346.614362
992291375,-2379.995598
992292375,-2900.259183
992293375,-3069.749621
992294375,-2083.14662
992295375,-766.619047
992296375,-60.729838
992297141,-3407.421918
992298141,-9590.174261
992299141,-9971.189772
992300141,-7485.459582
992301141,-5786.28672
992302141,-5184.477508
992303141,-4147.946301
992304141,-2312.006891
992305141,-699.351296
992306141,9.124319
992306907,-5581.682263
992307907,-12090.89767
992308907,-11947.03269
992309907,-8271.163762
992310907,-5090.17071
992311907,-3109.524336
992312907,-1464.884251
992313907,-242.768033
992314907,182.387262
992315907,150.000363
992316672,-4021.349393
992317672,-9115.55525
992318672,-8589.089621
992319672,-5675.959224
992320672,-4075.184872
992321672,-3948.773827
992322672,-3493.869033
992323672,-2089.779341
992324672,-673.970568
992325672,-11.663914
992327414,-4699.04508
992328414,-10491.2032
992329414,-10173.63898
992330414,-7114.875001
992331414,-5039.971067
992332414,-3999.053055
992333414,-2630.312886
992334414,-1059.355691
992335414,-136.765941
992336414,99.028803
992337180,-4550.662441
992338180,-9555.168762
992339180,-9164.598195
992340180,-6772.099543
992341180,-5316.08175
992342180,-4234.671087
992343180,-2437.21123
992344180,-682.945946
992345180,76.957309
992346180,138.668989
992346946,-1769.499378
992347946,-6524.879966
992348946,-6834.793942
992349946,-5112.379557
992350946,-4483.837487
992351946,-5148.473397
992352946,-5125.129265
992353946,-3416.192036
992354946,-1262.639474
992355946,-112.119035
992356711,-4570.037418
992357711,-10939.24368
992358711,-11051.42511
992359711,-8095.211015
992360711,-5816.569468
992361711,-4539.839846
992362711,-3062.096315
992363711,-1380.217332
992364711,-278.965962
992365711,82.541626
992367454,-4965.5094
992368454,-10419.30189
992369454,-9661.266278
992370454,-6436.178348
992371454,-4597.661286
992372454,-4043.458954
992373454,-3077.214172
992374454,-1539.608784
992375454,-376.932809
992376454,51.839371
992377219,-4484.304471
992378219,-10694.78752
992379219,-10674.70618
992380219,-7671.505632
992381219,-5529.759744
992382219,-4480.550475
992383219,-3111.097508
992384219,-1402.534362
992385219,-271.968061
992386219,84.55314
992386985,-4172.340682
992387985,-9148.594025
992388985,-8703.33162
992389985,-5984.398774
992390985,-4356.417398
992391985,-3765.323122
992392985,-2759.008425
992393985,-1297.980795
992394985,-275.608651
992395985,62.519735
992396750,-3008.180159
992397750,-7947.9567
992398750,-7732.491648
992399750,-5465.175778
992400750,-4584.104605
992401750,-5057.201167
992402750,-4816.69759
992403750,-3074.772714
992404750,-1084.851167
992405750,-74.618657
992407493,-4793.5941
992408493,-11777.14948
992409493,-12038.08153
992410493,-8960.216784
992411493,-6546.663081
992412493,-5070.888053
992413493,-3266.646043
992414493,-1332.011556
992415493,-193.824649
992416493,114.698968
992417258,-6025.262256
992418258,-10844.36487
992419258,-9442.710415
992420258,-5565.49232
992421258,-3114.068393
992422258,-2331.165235
992423258,-1736.275173
992424258,-864.532285
992425258,-191.218165
992426258,55.153701
992427024,-866.339921
992428024,-7644.222043
992429024,-9010.462266
992430024,-7747.71416
992431024,-7548.211592
992432024,-8428.816962
992433024,-7895.55829
992434024,-5033.491881
992435024,-1803.781608
992436024,-147.549363
992436789,-8318.488141
992437789,-16827.51984
992438789,-16027.96601
992439789,-10941.75606
992440789,-7020.086071
992441789,-4549.560606
992442789,-2113.070235
992443789,-221.410237
992444789,357.225633
992445789,232.388868
992447532,-5952.706593
992448532,-11818.99055
992449532,-10988.17475
992450532,-7108.538755
992451532,-4318.686304
992452532,-3005.403247
992453532,-1850.711773
992454532,-684.896062
992455532,-39.547659
992456532,103.098933
992457297,-4306.630838
992458297,-9861.925384
992459297,-9912.345819
992460297,-7328.33129
992461297,-5262.123459
992462297,-3844.686851
992463297,-2215.673053
992464297,-720.497556
992465297,-3.18044
992466297,116.974051
992467063,-2080.346913
992468063,-7347.733109
992469063,-8276.972971
992470063,-7320.482959
992471063,-6753.610899
992472063,-6008.599497
992473063,-4080.400589
992474063,-1761.177286
992475063,-340.30755
992476063,83.874915
992476829,-4356.724295
992477829,-9139.592299
992478829,-8273.96038
992479829,-4824.017428
992480829,-2758.156358
992481829,-2646.995986
992482829,-2655.724037
992483829,-1755.198141
992484829,-610.009934
992485829,-22.459639
992487571,-8474.844691
992488571,-12507.75322
992489571,-10575.4245
992490571,-5878.306239
992491571,-1549.695134
992492571,1962.626091
992493571,4190.227918
992494571,3899.265921
992495571,1877.558248
992496571,378.781232
992502219,15127.01892
992503219,24771.46045
992504219,23367.24839
992505219,15324.5092
992506219,5832.674146
992507219,-3277.379665
992508219,-9238.067609
992509219,-8794.982398
992510219,-4214.587832
992511219,-851.568747
992516868,18315.56012
992517868,19727.65019
992518868,13397.49712
992519868,3804.136372
992520868,-5693.074057
992521868,-14321.02504
992522868,-18584.35702
992523868,-14635.3899
992524868,-6344.38502
992525868,-1028.817812
992526633,-16709.73628
992527633,-21934.75028
992528633,-18401.79884
992529633,-11573.1528
992530633,-4034.755653
992531633,5279.48496
992532633,12779.39299
992533633,12298.67293
992534633,5915.147059
992535633,1125.05099
992536399,33727.88578
992537399,29780.37382
992538399,21816.07394
992539399,11535.76517
992540399,-7035.36154
992541399,-35300.66368
992542399,-54768.1558
992543399,-46094.4645
992544399,-20510.72556
992545399,-3371.638407
992546164,-49482.06584
992547164,-86568.15207
992548164,-85012.01186
992549164,-64061.54643
992550164,-38587.4686
992551164,-6344.68762
992552164,23778.91897
992553164,30764.08794
992554164,16646.5291
992555164,3711.969641
992556907,-260.620256
992557907,14124.33571
992558907,26647.21908
992559907,32082.34492
992560907,25772.99705
992561907,8172.414579
992562907,-9468.168339
992563907,-14163.9843
992564907,-7743.616816
992565907,-1707.488284
992566672,-4111.431025
992567672,-12219.44743
992568672,-12742.90551
992569672,-7171.824286
992570672,-1816.651066
992571672,-1144.711226
992572672,-3443.978858
992573672,-4040.72776
992574672,-2087.25237
992575672,-330.930761
992576438,-10387.36712
992577438,-30469.81207
992578438,-34365.8855
992579438,-27844.93223
992580438,-19839.57281
992581438,-12343.42615
992582438,-4973.67458
992583438,-83.499387
992584438,1065.03034
992585438,583.94616
992586204,-14660.37956
992587204,-28143.8743
992588204,-27127.1146
992589204,-19756.16054
992590204,-13323.96662
992591204,-7008.326111
992592204,-178.121139
992593204,3351.732095
992594204,2478.604758
992595204,739.683982
992596946,-28560.24904
992597946,-29091.8011
992598946,-21623.01836
992599946,-9363.685504
992600946,7364.363938
992601946,26552.96506
992602946,36977.05476
992603946,29392.71921
992604946,12648.75679
992605946,2024.944722
992606711,32200.98812
992607711,53841.25895
992608711,53670.04992
992609711,40173.05888
992610711,20327.10906
992611711,-4258.085472
992612711,-23467.67528
992613711,-24330.27436
992614711,-11996.4118
992615711,-2438.378685
992616477,26215.56731
992617477,24172.25549
992618477,20514.68214
992619477,15161.71265
992620477,208.179079
992621477,-26818.66972
992622477,-47565.59047
992623477,-41810.99887
992624477,-18995.19004
992625477,-3216.11142
992626243,-49223.07662
992627243,-77121.0428
992628243,-69424.06559
992629243,-43850.25598
992630243,-17323.39181
992631243,7683.419771
992632243,25414.90358
992633243,25316.53649
992634243,12450.61486
992635243,2572.567927
992636985,-1818.205299
992637985,-10449.78715
992638985,-12276.80265
992639985,-9495.379855
992640985,-7052.807456
992641985,-7024.773466
992642985,-7321.014164
992643985,-5414.018055
992644985,-2219.232782
992645985,-248.295664
992646750,-4173.113692
992647750,-15098.99086
992648750,-14372.68255
992649750,-9389.113504
992650750,-9167.260141
992651750,-13802.06387
992652750,-16112.37468
992653750,-11750.51188
992654750,-4672.125681
992655750,-558.639777
992656516,-28492.62636
992657516,-45124.51615
992658516,-43797.89877
992659516,-32708.26641
992660516,-16910.81395
992661516,4044.128491
992662516,21529.08582
992663516,22644.11105
992664516,11263.03966
992665516,2271.407088
992666282,22516.6725
992667282,18778.23695
992668282,10461.00839
992669282,-290.158887
992670282,-13167.33639
992671282,-26013.59653
992672282,-30930.6747
992673282,-22836.99466
992674282,-9372.58282
992675282,-1364.741932
992677024,-14998.9325
992678024,-24529.87211
992679024,-18195.38639
992680024,-7564.72507
992681024,-4008.459396
992682024,-6412.090485
992683024,-7374.163063
992684024,-4606.646362
992685024,-1396.181622
992686024,-9.753675
992686789,-8161.51922
992687789,-3210.219101
992688789,3575.581327
992689789,7769.268565
992690789,8177.169258
992691789,6454.160656
992692789,4118.308524
992693789,1929.626228
992694789,505.759063
992695789,-25.456506
992696555,24862.63161
992697555,15616.68671
992698555,6334.104421
992699555,-516.061022
992700555,-11021.91809
992701555,-28617.98576
992702555,-40971.82946
992703555,-33845.95272
992704555,-14924.89305
992705555,-2369.67932
992706321,-61882.04679
992707321,-91903.45881
992708321,-85249.09884
992709321,-57706.08308
992710321,-21683.489
992711321,20382.05842
992712321,51285.11692
992713321,48740.29441
992714321,23245.73578
992715321,4460.334294
992716086,18275.30837
992717086,28983.80919
992718086,25686.79772
992719086,16673.52768
992720086,8716.903507
992721086,436.463628
992722086,-7589.508043
992723086,-9510.624027
992724086,-5195.229858
992725086,-1153.282393
992726829,8524.308684
992727829,-16487.39387
992728829,-29868.8793
992729829,-34333.52536
992730829,-36384.72874
992731829,-35321.0375
992732829,-27181.80987
992733829,-14357.24845
992734829,-4203.098298
992735829,-29.597448
992736594,-39974.49139
992737594,-55736.20422
992738594,-48621.35631
992739594,-31205.31684
992740594,-11325.76619
992741594,11717.6022
992742594,29359.5006
992743594,28179.65856
992744594,13530.2041
992745594,2603.500289
992746360,4203.021533
992747360,15747.3909
992748360,22720.30197
992749360,26609.91854
992750360,24625.57206
992751360,12218.23177
992752360,-4239.837891
992753360,-11108.34709
992754360,-6853.687425
992755360,-1632.782308
992756125,26024.72344
992757125,-2425.987795
992758125,-24852.03113
992759125,-40396.39761
992760125,-51880.97679
992761125,-55393.35567
992762125,-44835.34226
992763125,-24607.71695
992764125,-7604.273135
992765125,-332.365487
992766868,-48516.40438
992767868,-41137.59384
992768868,-5110.042857
992769868,30623.77818
992770868,41353.45513
992771868,27296.2633
992772868,6600.846947
992773868,-4196.912298
992774868,-3900.550055
992775868,-1114.492294
992776633,-5786.624901
992777633,-37370.89385
992778633,-53912.01551
992779633,-58054.77097
992780633,-51095.89561
992781633,-29658.33243
992782633,-2498.770165
992783633,11327.12439
992784633,8432.693514
992785633,2377.620397
992786399,-15501.98984
992787399,3291.612119
992788399,20418.06528
992789399,29010.12951
992790399,28875.98289
992791399,22872.18551
992792399,14005.61653
992793399,5865.9398
992794399,1208.82059
992795399,-242.145235
992796164,56440.69705
992797164,56958.51652
992798164,45489.14876
992799164,27566.74689
992800164,-3187.996966
992801164,-49116.44464
992802164,-82051.23297
992803164,-70844.03769
992804164,-31999.05699
992805164,-5421.869766
992806907,-90577.7637
992807907,-142092.3088
992808907,-129071.7152
992809907,-80616.99917
992810907,-28129.20184
992811907,21836.65621
992812907,56511.61788
992813907,54478.08061
992814907,26470.21067
992815907,5311.571511
992816672,8889.413179
992817672,19350.55421
992818672,24202.08878
992819672,23027.80106
992820672,14847.33346
992821672,42.733367
992822672,-13078.64708
992823672,-14684.37993
992824672,-7415.68746
992825672,-1505.950704
992826438,-8648.995577
992827438,-11274.2282
992828438,-7207.803668
992829438,-112.520836
992830438,4591.371775
992831438,4681.480004
992832438,2068.677377
992833438,-3.417592
992834438,-387.702871
992835438,-118.28948
992836204,-17090.36804
992837204,-18042.74797
992838204,-13392.56048
992839204,-4530.449885
992840204,6850.679676
992841204,17647.97425
992842204,21739.21686
992843204,16052.43493
992844204,6568.588479
992845204,985.140816
992846946,41078.7829
992847946,37216.86881
992848946,25799.01495
992849946,10039.42502
992850946,-13310.56718
992851946,-42588.96932
992852946,-59037.68864
992853946,-46907.74964
992854946,-20132.42185
992855946,-3170.682556
992856711,-53239.71541
992857711,-81663.52604
992858711,-71064.41121
992859711,-41609.99661
992860711,-13666.40087
992861711,9518.920738
992862711,24686.19649
992863711,23773.0661
992864711,11608.39565
992865711,2404.944296
992866477,-3715.370113
992867477,-11756.74042
992868477,-11645.8533
992869477,-6086.632658
992870477,-2120.527167
992871477,-3499.626531
992872477,-6855.598297
992873477,-6692.146474
992874477,-3192.433048
992875477,-498.430309
992876243,-18752.74784
992877243,-38807.99023
992878243,-44534.09574
992879243,-41661.90181
992880243,-31154.00577
992881243,-9148.548453
992882243,14495.0937
992883243,21288.35537
992884243,11809.48427
992885243,2622.208276
992886985,18588.61319
992887985,34398.65645
992888985,40045.69943
992889985,36798.59055
992890985,22991.60437
992891985,-2275.431431
992892985,-25038.03264
992893985,-27326.90884
992894985,-13678.38775
992895985,-2723.265962
992896750,-15950.84056
992897750,-14070.70224
992898750,-6095.180337
992899750,3242.126912
992900750,10329.03385
992901750,13901.14076
992902750,13032.51936
992903750,8251.719434
992904750,3031.835213
992905750,362.175023
992906516,30744.00204
992907516,20603.84903
992908516,6565.611028
992909516,-7681.162435
992910516,-22981.53228
992911516,-38336.39283
992912516,-43856.77024
992913516,-32142.09147
992914516,-13163.76777
992915516,-1863.066071
992916282,-33230.25835
992917282,-57617.76168
992918282,-52546.09448
992919282,-33594.02478
992920282,-16934.72475
992921282,-4093.267957
992922282,5828.974205
992923282,8690.77135
992924282,5021.046675
992925282,1299.004009
992927024,-53564.973
992928024,-53199.41576
992929024,-32712.57635
992930024,-1287.952437
992931024,30666.43741
992932024,53402.82811
992933024,55867.99697
992934024,37250.11783
992935024,14117.4361
992936024,1853.79249
992936789,36249.46869
992937789,12723.67993
992938789,-17048.8466
992939789,-39177.52555
992940789,-47431.12634
992941789,-43316.99496
992942789,-30814.28111
992943789,-15693.60329
992944789,-4630.245227
992945789,-87.942515
992946555,-13907.65298
992947555,-28700.28461
992948555,-28023.75343
992949555,-23480.02733
992950555,-21664.71513
992951555,-16925.05526
992952555,-6730.592246
992953555,1306.763276
992954555,2507.43611
992955555,950.108059
992956321,-8032.704301
992957321,3269.206103
992958321,17499.00727
992959321,27991.3556
992960321,27304.2324
992961321,13309.5843
992962321,-4095.891329
992963321,-10929.80592
992964321,-6651.489276
992965321,-1562.755534
992966086,-12270.90327
992967086,-35495.64583
992968086,-49201.68235
992969086,-54256.35364
992970086,-45177.67324
992971086,-15188.06717
992972086,19639.58896
992973086,30493.50317
992974086,17134.05138
992975086,3772.693942
992976829,70624.39418
992977829,105452.9913
992978829,106084.3533
992979829,83464.65456
992980829,39463.01704
992981829,-26947.97468
992982829,-81369.915
992983829,-80176.39954
992984829,-38685.03173
992985829,-7359.377334
992986594,-41121.41344
992987594,-90198.1236
992988594,-96362.26574
992989594,-79183.14149
992990594,-56551.97316
992991594,-26124.26702
992992594,6289.382611
992993594,20063.886
992994594,12898.94393
992995594,3400.914045
992996360,-35510.54398
992997360,-29330.15849
992998360,-11598.66528
992999360,6554.692514
993000360,19881.38094
993001360,29033.7479
993002360,30937.04333
993003360,22100.17951
993004360,8993.874
993005360,1279.669129
993006125,38134.20535
993007125,44612.59346
993008125,34898.87929
993009125,18288.68273
993010125,-909.750089
993011125,-22982.30413
993012125,-37763.12592
993013125,-32519.16723
993014125,-14761.54622
993015125,-2575.187435
993016868,-26235.14777
993017868,-36241.1526
993018868,-23361.40214
993019868,-2006.063393
993020868,9651.919928
993021868,6996.771267
993022868,-1154.151649
993023868,-4765.672346
993024868,-2875.129304
993025868,-535.016128
993026633,-9534.579845
993027633,-38487.1887
993028633,-46418.82461
993029633,-41469.06058
993030633,-34468.96014
993031633,-25682.15341
993032633,-13640.76487
993033633,-3466.111227
993034633,578.240253
993035633,792.615832
993036399,-44026.4896
993037399,-49006.3798
993038399,-35555.47368
993039399,-17131.4916
993040399,1312.34768
993041399,23246.3576
993042399,39674.24548
993043399,35275.87931
993044399,16377.48391
993045399,2911.196693
993046164,24444.11994
993047164,53471.32266
993048164,60140.92277
993049164,55011.51798
993050164,42901.5667
993051164,18150.05323
993052164,-10561.59598
993053164,-21450.12855
993054164,-12843.26987
993055164,-3071.184894
993056907,40352.51984
993057907,6061.835137
993058907,-28485.57672
993059907,-53768.59268
993060907,-66568.41245
993061907,-66583.48774
993062907,-53280.51257
993063907,-30683.27558
993064907,-10379.15898
993065907,-732.916335
993066672,-69622.91332
993067672,-93529.27403
993068672,-75388.39665
993069672,-40407.32157
993070672,-7923.925197
993071672,22151.39877
993072672,42768.81364
993073672,39079.08635
993074672,18512.95278
993075672,3535.122155
993076438,18454.18885
993077438,29793.80851
993078438,27753.01906
993079438,16977.39035
993080438,4310.381424
993081438,-6589.219779
993082438,-12251.92909
993083438,-10377.00194
993084438,-4661.741123
993085438,-888.590425
993086204,9976.775623
993087204,21562.71376
993088204,27552.74026
993089204,27820.51231
993090204,19822.24007
993091204,1829.324238
993092204,-16070.42399
993093204,-19368.26134
993094204,-10088.63371
993095204,-2076.732317
993096946,-30023.66868
993097946,-46272.57378
993098946,-44638.33013
993099946,-26922.89978
993100946,-1250.641828
993101946,21635.11495
993102946,30408.44416
993103946,22574.42669
993104946,9172.483081
993105946,1505.039758
993106711,26814.50197
993107711,3471.115768
993108711,-14732.73548
993109711,-26660.75049
993110711,-37883.5649
993111711,-48187.7523
993112711,-47793.95957
993113711,-31983.70462
993114711,-12158.13299
993115711,-1389.670584
993116477,-66361.28604
993117477,-80433.51523
993118477,-59610.71879
993119477,-25000.83076
993120477,6939.306965
993121477,34090.30224
993122477,48653.05171
993123477,39817.19967
993124477,17722.29314
993125477,3086.00096
993126243,11540.0829
993127243,31408.98591
993128243,36941.80849
993129243,34272.54751
993130243,27916.63202
993131243,15418.37471
993132243,-11.163155
993133243,-7683.406749
993134243,-5442.6175
993135243,-1497.67729
993136985,35127.93905
993137985,17858.35996
993138985,145.102028
993139985,-13593.2784
993140985,-28213.37725
993141985,-45736.61016
993142985,-53566.98905
993143985,-40110.91611
993144985,-16648.68102
993145985,-2368.745271
993146750,-65565.0812
993147750,-91632.30179
993148750,-78675.39446
993149750,-47423.94259
993150750,-13715.79123
993151750,21496.96011
993152750,46533.87503
993153750,43261.24041
993154750,20529.83848
993155750,3919.424003
993156516,32729.39777
993157516,39358.83109
993158516,34399.53782
993159516,22768.20443
993160516,4265.227744
993161516,-21628.11688
993162516,-40687.79607
993163516,-36345.731
993164516,-16738.68625
993165516,-2958.56118
993166282,-27103.66229
993167282,-53698.3709
993168282,-55136.06333
993169282,-41501.70306
993170282,-24384.83836
993171282,-6162.58314
993172282,8902.47345
993173282,12752.66246
993174282,7094.72234
993175282,1716.292714
993177024,-25039.86438
993178024,-22028.09204
993179024,-8350.728194
993180024,7994.815622
993181024,19419.84338
993182024,22547.39075
993183024,17727.91732
993184024,9249.734056
993185024,2742.268414
993186024,159.116584
993186789,-5428.226909
993187789,-6610.26071
993188789,-7154.537594
993189789,-5593.021997
993190789,-439.471092
993191789,6980.485172
993192789,11494.54601
993193789,9478.758954
993194789,4111.666412
993195789,672.677803
993196555,20537.93396
993197555,15274.09291
993198555,5458.462477
993199555,-4662.259843
993200555,-13839.16519
993201555,-21891.12932
993202555,-24492.19366
993203555,-17891.30715
993204555,-7354.664162
993205555,-1051.410415
993206321,-16049.63102
993207321,-31023.77738
993208321,-31753.63458
993209321,-26600.84579
993210321,-20318.06092
993211321,-9307.222344
993212321,4128.492568
993213321,9780.336247
993214321,6067.020927
993215321,1494.756009
993216086,19069.02124
993217086,27696.56598
993218086,33269.99298
993219086,31881.76581
993220086,15723.33166
993221086,-15324.1453
993222086,-40760.48549
993223086,-38905.65371
993224086,-18346.05233
993225086,-3334.052577
993226829,-28740.10523
993227829,-53994.53025
993228829,-50913.56432
993229829,-34497.09799
993230829,-20399.39631
993231829,-9353.151525
993232829,586.591484
993233829,5295.84327
993234829,3767.514766
993235829,1149.085596
993236594,-16815.4259
993237594,-28906.55412
993238594,-25988.55073
993239594,-16568.8534
993240594,-8876.056559
993241594,-3073.946043
993242594,1834.742126
993243594,3688.70523
993244594,2290.511338
993245594,627.647968
993246360,-7817.150947
993247360,-13843.29404
993248360,-13625.53193
993249360,-10537.96233
993250360,-6894.028799
993251360,-2056.849731
993252360,2774.645159
993253360,4243.739842
993254360,2406.592027
993255360,563.619383
993256125,556.421268
993257125,3530.043175
993258125,7176.336903
993259125,9592.414798
993260125,7796.166216
993261125,936.696388
993262125,-6202.469182
993263125,-7523.147578
993264125,-3892.911782
993265125,-782.757364
993266868,-2053.138336
993267868,-8602.263528
993268868,-7517.073749
993269868,-3331.373126
993270868,-3006.592219
993271868,-7602.545683
993272868,-11306.45885
993273868,-9258.622012
993274868,-3968.543021
993275868,-568.968998
993276633,-10757.45636
993277633,-24365.38712
993278633,-24557.65541
993279633,-18137.84842
993280633,-12744.5208
993281633,-8604.740345
993282633,-3944.168591
993283633,-334.735551
993284633,698.406626
993285633,414.399368
993286399,-21769.01536
993287399,-27589.08185
993288399,-22711.0227
993289399,-12375.90084
993290399,-404.612463
993291399,12080.60303
993292399,19742.85191
993293399,16767.59113
993294399,7551.039744
993295399,1329.606397
993296164,23559.29312
993297164,23798.79547
993298164,17260.35401
993299164,8077.40486
993300164,-3832.859905
993301164,-19004.60659
993302164,-28934.77494
993303164,-24207.88734
993304164,-10771.284
993305164,-1794.788233
993306907,-26574.43785
993307907,-41459.47365
993308907,-36221.99416
993309907,-20934.61162
993310907,-6551.961718
993311907,5052.097063
993312907,12593.488
993313907,12125.13173
993314907,5942.492836
993315907,1232.336198
993316672,4440.242282
993317672,-1120.101385
993318672,-3642.403871
993319672,-4563.933409
993320672,-7064.499816
993321672,-11168.17481
993322672,-12802.5133
993323672,-9295.246105
993324672,-3729.967921
993325672,-486.996511
993326438,-11680.77556
993327438,-19627.4906
993328438,-16624.06754
993329438,-8832.49585
993330438,-3266.339386
993331438,-1000.829701
993332438,-58.291273
993333438,402.593099
993334438,372.855929
993335438,176.672408
993336204,-2591.59737
993337204,-11612.07886
993338204,-13225.71112
993339204,-10954.6687
993340204,-9574.685817
993341204,-9382.651469
993342204,-7926.92162
993343204,-4631.13486
993344204,-1501.795266
993345204,-51.44666
993346946,-10282.03016
993347946,-17969.11525
993348946,-15865.09447
993349946,-9857.547862
993350946,-5589.89731
993351946,-2988.607512
993352946,-603.850816
993353946,831.963608
993354946,779.139817
993355946,286.183038
993356711,-5627.354279
993357711,-11675.86044
993358711,-10986.25442
993359711,-7142.565898
993360711,-4429.828043
993361711,-3282.794866
993362711,-2207.92085
993363711,-936.524033
993364711,-131.774662
993365711,92.406066
993372336,-4942.098535
993373336,-11259.77355
993374336,-11273.64379
993375336,-8317.370776
993376336,-6044.082398
993377336,-4423.077626
993378336,-2364.061096
993379336,-526.291462
993380336,184.575392
993381336,174.585118
993382102,-6482.312966
993383102,-9717.093017
993384102,-8351.963929
993385102,-4714.551124
993386102,-1224.646017
993387102,1441.833683
993388102,2845.992504
993389102,2481.415242
993390102,1144.538958
993391102,231.007254
993391868,4080.778806
993392868,50.812999
993393868,-2344.215194
993394868,-3563.037141
993395868,-5458.228333
993396868,-8303.233577
993397868,-9519.190119
993398868,-7032.00243
993399868,-2882.196098
993400868,-391.061934
993401633,-6042.260625
993402633,-14889.18452
993403633,-15461.36163
993404633,-11918.56251
993405633,-8941.306194
993406633,-6650.707887
993407633,-3779.10184
993408633,-1143.866643
993409633,56.704786
993410633,208.298399
993412375,-8570.374496
993413375,-14042.99497
993414375,-11600.0045
993415375,-5997.648029
993416375,-2306.942388
993417375,-801.936035
993418375,159.261344
993419375,703.140535
993420375,533.517197
993421375,183.296776
993422141,-1478.094697
993423141,-6283.181096
993424141,-6660.672898
993425141,-5012.386898
993426141,-4519.976272
993427141,-5319.523668
993428141,-5314.827428
993429141,-3525.053705
993430141,-1294.985418
993431141,-115.124815
993431907,-4912.486112
993432907,-10759.5651
993433907,-9819.15555
993434907,-5831.822549
993435907,-3614.876114
993436907,-3740.952971
993437907,-3796.720967
993438907,-2510.163829
993439907,-880.85114
993440907,-44.660488
993441672,-6797.126585
993442672,-13322.56826
993443672,-13194.87224
993444672,-10011.71897
993445672,-6891.83905
993446672,-3385.769455
993447672,390.673813
993448672,2155.194411
993449672,1464.06206
993450672,407.275426
993462180,-8026.450091
993463180,-14130.70195
993464180,-12355.26181
993465180,-7242.962554
993466180,-3658.016422
993467180,-1904.400687
993468180,-557.553702
993469180,342.031901
993470180,420.342795
993471180,181.302106
993471946,-3166.113671
993472946,-9693.793616
993473946,-10224.05398
993474946,-7428.02143
993475946,-5405.037729
993476946,-4893.349324
993477946,-4158.398705
993478946,-2453.492934
993479946,-783.652101
993480946,-8.533134
993481711,-6447.170647
993482711,-12514.64453
993483711,-11975.23612
993484711,-8246.770985
993485711,-5000.382041
993486711,-2458.68391
993487711,-146.165176
993488711,1028.845426
993489711,792.5729
993490711,256.285708
993491477,-1746.478447
993492477,-6106.269903
993493477,-6360.622066
993494477,-4231.690565
993495477,-2894.844641
993496477,-3253.332622
993497477,-3647.200454
993498477,-2675.651421
993499477,-1056.837068
993500477,-108.839267
993502219,-3484.516257
993503219,-9142.419744
993504219,-9451.902173
993505219,-7151.184152
993506219,-5479.005568
993507219,-4543.375296
993508219,-3140.261192
993509219,-1409.441965
993510219,-279.647346
993511219,76.94581
993511985,-4533.756729
993512985,-9574.772179
993513985,-9136.480354
993514985,-5962.179796
993515985,-3540.216352
993516985,-2471.020015
993517985,-1687.172702
993518985,-796.043315
993519985,-163.034167
993520985,59.144529
993521750,-4098.084808
993522750,-9193.627043
993523750,-9531.76272
993524750,-7012.538249
993525750,-4292.92711
993526750,-2043.452309
993527750,-230.267066
993528750,632.042005
993529750,512.396729
993530750,179.42602
993531516,-2011.644567
993532516,-4858.459392
993533516,-4117.193029
993534516,-2309.206662
993535516,-2129.540509
993536516,-3343.447893
993537516,-3861.097056
993538516,-2722.777893
993539516,-1040.81519
993540516,-111.75982
993542258,-3840.465489
993543258,-8415.624592
993544258,-8230.75878
993545258,-6103.089493
993546258,-4692.781155
993547258,-3736.663982
993548258,-2289.439519
993549258,-801.8984
993550258,-44.763257
993551258,100.412972
993552024,-3085.041226
993553024,-7190.116041
993554024,-6860.837224
993555024,-4925.463712
993556024,-4090.468055
993557024,-3932.189257
993558024,-3027.962724
993559024,-1499.116449
993560024,-368.059915
993561024,38.074326
993561789,-4766.538422
993562789,-7730.92009
993563789,-6258.380607
993564789,-3132.174368
993565789,-1235.998228
993566789,-767.518964
993567789,-599.412571
993568789,-281.996261
993569789,-31.962141
993570789,42.78423
993571555,-71.751937
993572555,-4264.289409
993573555,-4826.553859
993574555,-3598.225017
993575555,-3612.485716
993576555,-5321.39065
993577555,-6302.439529
993578555,-4713.588066
993579555,-1923.681678
993580555,-245.660322
993582297,-7695.504851
993583297,-14093.34876
993584297,-13213.39491
993585297,-9212.206415
993586297,-5849.769509
993587297,-2718.235364
993588297,550.590543
993589297,2073.161711
993590297,1388.354567
993591297,384.555335
993592063,-1033.715693
993593063,-3863.580082
993594063,-3655.528519
993595063,-2137.827933
993596063,-1848.827712
993597063,-3148.853252
993598063,-4093.243256
993599063,-3176.039614
993600063,-1315.615636
993601063,-172.080908
993612571,-8727.787439
993613571,-14029.25892
993614571,-12092.84591
993615571,-6716.794081
993616571,-2174.907786
993617571,796.777417
993618571,2533.34
993619571,2542.492071
993620571,1292.725198
993621571,296.296951
993622336,-4524.850122
993623336,-6367.027751
993624336,-5355.546877
993625336,-2972.041299
993626336,-567.547448
993627336,1572.772338
993628336,2849.775606
993629336,2483.461763
993630336,1138.303073
993631336,213.59802
993632102,5745.579841
993633102,2724.769356
993634102,325.874647
993635102,-1264.113444
993636102,-3829.350013
993637102,-8028.629684
993638102,-10677.62089
993639102,-8510.796185
993640102,-3666.533564
993641102,-557.005874
993641868,-7384.171062
993642868,-16973.8246
993643868,-17008.91361
993644868,-12399.46431
993645868,-8766.186248
993646868,-6437.030076
993647868,-3780.697285
993648868,-1256.917968
993649868,-13.454705
993650868,199.10805
993652610,-9039.435137
993653610,-15778.96414
993654610,-14141.4104
993655610,-9318.440818
993656610,-5818.291432
993657610,-2914.939789
993658610,319.516673
993659610,1996.735813
993660610,1403.493515
993661610,400.001501
993662375,-3416.876552
993663375,-4724.262338
993664375,-2869.628658
993665375,3.777644
993666375,1312.580002
993667375,468.623058
993668375,-1012.53583
993669375,-1414.684623
993670375,-747.535337
993671375,-134.363067
993672141,1829.515856
993673141,-3980.120825
993674141,-6363.628561
993675141,-6792.674718
993676141,-7661.520092
993677141,-8914.378165
993678141,-8486.886673
993679141,-5542.755151
993680141,-2061.242979
993681141,-206.056575
993681907,-8415.559059
993682907,-16611.53336
993683907,-15659.53363
993684907,-10572.56882
993685907,-6721.01891
993686907,-4243.961956
993687907,-1705.591128
993688907,172.004974
993689907,557.746055
993690907,267.228675
993692649,-6305.418828
993693649,-11516.12602
993694649,-10571.20728
993695649,-6638.434401
993696649,-3364.704477
993697649,-1367.827839
993698649,-24.652006
993699649,583.509289
993700649,450.785502
993701649,163.742754
993702414,-301.857105
993703414,-4474.229219
993704414,-4843.404098
993705414,-3657.521979
993706414,-3959.501444
993707414,-5792.474519
993708414,-6566.518204
993709414,-4727.859075
993710414,-1872.136376
993711414,-225.473517
993712180,-5698.185841
993713180,-13412.24254
993714180,-13617.94224
993715180,-10080.70029
993716180,-7165.560128
993717180,-5136.023555
993718180,-2841.706496
993719180,-806.185559
993720180,87.176909
993721180,177.193847
993721946,-6623.012205
993722946,-12355.79548
993723946,-11726.06817
993724946,-8143.391998
993725946,-4949.605768
993726946,-2249.807589
993727946,191.85553
993728946,1293.346179
993729946,896.807945
993730946,269.406336
993732688,-2195.135886
993733688,-5916.663423
993734688,-5377.062907
993735688,-3135.584208
993736688,-2494.391279
993737688,-3710.464811
993738688,-4483.184762
993739688,-3326.105846
993740688,-1328.184404
993741688,-154.936574
993742454,-3281.854131
993743454,-9368.926541
993744454,-9791.659639
993745454,-7403.802359
993746454,-5776.857789
993747454,-5242.154711
993748454,-4259.7375
993749454,-2411.851342
993750454,-743.413383
993751454,1.656942
993752219,-6309.940923
993753219,-12313.39781
993754219,-11338.72745
993755219,-7194.262695
993756219,-4230.415517
993757219,-2746.088123
993758219,-1371.794582
993759219,-184.943068
993760219,223.378022
993761219,154.348206
993761985,-3902.257953
993762985,-8445.437162
993763985,-7973.133898
993764985,-5372.60946
993765985,-3767.595539
993766985,-3130.959923
993767985,-2203.131812
993768985,-981.544878
993769985,-181.937525
993770985,63.260426
993772727,-2321.901899
993773727,-7831.126082
993774727,-8237.725086
993775727,-6328.217323
993776727,-5466.684647
993777727,-5583.804275
993778727,-4808.285887
993779727,-2791.195901
993780727,-888.22352
993781727,-25.407417
993793235,-1125.796865
993794235,-4370.801962
993795235,-4009.031442
993796235,-2492.86058
993797235,-2697.335969
993798235,-4445.360286
993799235,-5260.290561
993800235,-3811.056828
993801235,-1502.801786
993802235,-180.636488
993803000,-8772.839855
993804000,-12026.19893
993805000,-9092.391564
993806000,-3649.446316
993807000,518.047246
993808000,2647.111802
993809000,3169.901465
993810000,2339.397465
993811000,999.388959
993812000,189.827542
993812766,6225.506849
993813766,-915.81655
993814766,-5263.707157
993815766,-7612.518084
993816766,-10558.14385
993817766,-13976.84941
993818766,-14340.56983
993819766,-9796.390269
993820766,-3776.017672
993821766,-444.009568
993837180,-5090.294837
993838180,-11105.68212
993839180,-10972.2488
993840180,-7830.974851
993841180,-5240.772916
993842180,-3460.201385
993843180,-1664.689367
993844180,-267.939385
993845180,201.929089
993846180,155.061127
993846946,-4065.821468
993847946,-8260.101927
993848946,-7608.902246
993849946,-4848.702599
993850946,-3065.585364
993851946,-2504.456845
993852946,-1949.97823
993853946,-1032.94372
993854946,-272.361433
993855946,32.964607
993856711,-2647.556469
993857711,-7361.61146
993858711,-7574.75374
993859711,-5306.459231
993860711,-3636.159227
993861711,-3315.980867
993862711,-3079.134598
993863711,-2027.166631
993864711,-734.231618
993865711,-43.227946
993866477,-2619.22042
993867477,-7678.502406
993868477,-7533.953794
993869477,-5189.058663
993870477,-4330.589839
993871477,-5078.915875
993872477,-5129.266513
993873477,-3411.942743
993874477,-1248.864023
993875477,-105.47006
993877219,-5446.239549
993878219,-13148.53426
993879219,-13850.39062
993880219,-10979.67297
993881219,-8184.559208
993882219,-5426.943626
993883219,-2200.877717
993884219,77.715105
993885219,560.418781
993886219,272.530079
993886985,-5180.366419
993887985,-9121.820213
993888985,-7678.155592
993889985,-4131.93912
993890985,-2033.787645
993891985,-1638.719193
993892985,-1452.533563
993893985,-844.979225
993894985,-237.441102
993895985,26.525207
993896750,961.214327
993897750,-5487.836388
993898750,-7440.967862
993899750,-7023.077352
993900750,-7585.108191
993901750,-9191.988967
993902750,-9103.297588
993903750,-6050.799493
993904750,-2259.498596
993905750,-227.99404
993906516,-8695.211578
993907516,-17523.40976
993908516,-16348.53843
993909516,-10582.6722
993910516,-6470.611863
993911516,-4507.942744
993912516,-2652.405453
993913516,-820.969714
993914516,70.836635
993915516,182.365296
993917258,-7962.60572
993918258,-13883.43768
993919258,-12223.7556
993920258,-7406.047465
993921258,-3914.980558
993922258,-1957.197363
993923258,-382.941608
993924258,543.82002
993925258,516.649925
993926258,198.527067
993927024,-1738.974398
993928024,-7123.814769
993929024,-7663.949652
993930024,-6232.385037
993931024,-6009.152196
993932024,-6636.546386
993933024,-5956.892004
993934024,-3574.152891
993935024,-1188.101285
993936024,-64.886717
993936789,-6825.420226
993937789,-10852.22643
993938789,-8536.090458
993939789,-3822.712085
993940789,-1001.12893
993941789,-604.655805
993942789,-883.548049
993943789,-709.332861
993944789,-256.794551
993945789,9.053359
993946555,324.356359
993947555,-7556.903068
993948555,-9788.008854
993949555,-8490.156586
993950555,-7984.762929
993951555,-9114.62042
993952555,-9048.700193
993953555,-6077.314447
993954555,-2275.804185
993955555,-219.851516
993957297,-9506.20624
993958297,-18025.77588
993959297,-16837.2294
993960297,-11188.87979
993961297,-6696.210045
993962297,-3716.404725
993963297,-1029.3195
993964297,642.294473
993965297,738.488365
993966297,295.940589
993967063,-4438.426835
993968063,-10858.79769
993969063,-10812.08209
993970063,-7822.072826
993971063,-5903.634358
993972063,-5167.424472
993973063,-3923.361799
993974063,-2006.890541
993975063,-523.023082
993976063,49.036904
993976829,-5523.182302
993977829,-11779.69271
993978829,-10914.00807
993979829,-6682.344416
993980829,-3947.415672
993981829,-3458.197247
993982829,-3162.046831
993983829,-1973.017364
993984829,-647.781471
993985829,-2.619329
993986594,-5580.69797
993987594,-12769.65372
993988594,-12804.24055
993989594,-9238.259433
993990594,-6336.608103
993991594,-4539.448795
993992594,-2663.959536
993993594,-902.284886
993994594,-17.02237
993995594,143.253272
993997336,-4386.261297
993998336,-10546.17057
993999336,-10482.03138
994000336,-7409.781054
994001336,-5271.225435
994002336,-4506.131613
994003336,-3560.585795
994004336,-1959.874294
994005336,-571.552492
994006336,25.134801
994017844,-8173.343461
994018844,-16498.90827
994019844,-15805.38313
994020844,-10935.19598
994021844,-7073.06014
994022844,-4401.036128
994023844,-1707.855832
994024844,193.295568
994025844,560.536886
994026844,267.793914
994027610,-5362.274114
994028610,-11741.56322
994029610,-11119.43444
994030610,-7279.085672
994031610,-4794.057549
994032610,-4116.892722
994033610,-3351.113144
994034610,-1857.650928
994035610,-530.619324
994036610,32.001517
994037375,-4682.634532
994038375,-11303.56258
994039375,-11423.27952
994040375,-8315.47418
994041375,-5921.527496
994042375,-4691.230429
994043375,-3331.171184
994044375,-1642.905199
994045375,-406.339456
994046375,62.009965
994047141,-3797.586098
994048141,-10889.77503
994049141,-11223.65412
994050141,-8594.07426
994051141,-7209.979545
994052141,-6951.835482
994053141,-5696.214953
994054141,-3180.841285
994055141,-967.49772
994056141,-2.352239
994057883,-8756.97495
994058883,-16411.88473
994059883,-14893.57625
994060883,-9100.994864
994061883,-4806.577211
994062883,-2625.553661
994063883,-915.455189
994064883,296.196166
994065883,484.528707
994066883,222.198232
994067649,-2717.60883
994068649,-9391.371017
994069649,-10106.17974
994070649,-7807.895907
994071649,-6423.045016
994072649,-6396.478847
994073649,-5751.867907
994074649,-3604.871598
994075649,-1262.254587
994076649,-76.516367
994077414,-7395.073447
994078414,-13994.20672
994079414,-12748.87332
994080414,-8094.466486
994081414,-4814.866729
994082414,-3241.842436
994083414,-1847.587522
994084414,-538.803062
994085414,75.217555
994086414,140.274793
994094016,-3125.483792
994095016,-6837.244979
994096016,-6098.36844
994097016,-3332.197089
994098016,-1809.583249
994099016,-2283.706894
994100016,-3061.983511
994101016,-2519.587509
994102016,-1087.448419
994103016,-137.50738
994103782,-1474.603739
994104782,-9729.583379
994105782,-11520.86005
994106782,-9958.764638
994107782,-9238.234033
994108782,-9492.009045
994109782,-8300.584458
994110782,-5019.475771
994111782,-1705.958358
994112782,-98.76964
994113547,-9632.311711
994114547,-17460.10873
994115547,-15789.97194
994116547,-9901.768922
994117547,-5428.228914
994118547,-2793.002313
994119547,-653.519466
994120547,624.825593
994121547,643.952682
994122547,255.900855
994152610,-2789.089648
994153610,-7144.649424
994154610,-6966.952609
994155610,-4975.409204
994156610,-4116.332699
994157610,-4221.2329
994158610,-3638.699559
994159610,-2080.957597
994160610,-640.565431
994161610,-7.538595
994162375,-3394.635387
994163375,-8766.906434
994164375,-8753.757647
994165375,-6151.250068
994166375,-4532.925469
994167375,-4234.610624
994168375,-3610.223953
994169375,-2102.713475
994170375,-658.863062
994171375,-3.118367
994172141,-8399.736678
994173141,-12766.34502
994174141,-11449.69644
994175141,-7572.351677
994176141,-3450.943381
994177141,1069.644796
994178141,4718.926057
994179141,4931.168511
994180141,2466.414299
994181141,506.771888
994181907,6193.275116
994182907,5003.554652
994183907,3897.497726
994184907,2543.381595
994185907,-1099.158759
994186907,-7286.859267
994187907,-11618.57414
994188907,-9809.060496
994189907,-4355.42656
994190907,-712.545869
994192649,-5897.880564
994193649,-15152.26607
994194649,-16300.32768
994195649,-13261.42974
994196649,-10210.3172
994197649,-7145.118735
994198649,-3439.798007
994199649,-580.21353
994200649,358.986544
994201649,273.734475
994213157,-4651.181991
994214157,-9844.517716
994215157,-9761.39141
994216157,-6702.839911
994217157,-3840.598038
994218157,-1988.73536
994219157,-689.38088
994220157,70.366445
994221157,222.641918
994222157,124.927493
994222922,-2260.755907
994223922,-6534.312793
994224922,-6665.527726
994225922,-5086.335894
994226922,-4434.211748
994227922,-4506.777757
994228922,-3793.712831
994229922,-2129.527545
994230922,-644.863864
994231922,-5.095236
994232688,-9843.057582
994233688,-11819.46278
994234688,-9061.001243
994235688,-4064.048589
994236688,1187.725556
994237688,6058.717546
994238688,8621.029236
994239688,6956.86928
994240688,3048.779084
994241688,516.69889
994242454,9279.926262
994243454,9440.389387
994244454,7396.874754
994245454,4292.206891
994246454,-637.946363
994247454,-7812.635549
994248454,-12952.83389
994249454,-11182.71833
994250454,-5057.306301
994251454,-858.528514
994253196,-7004.679773
994254196,-16834.51784
994255196,-17687.95429
994256196,-13762.09459
994257196,-9875.427645
994258196,-6261.334381
994259196,-2327.784843
994260196,312.298842
994261196,762.135639
994262196,344.492591
994262961,-8003.684726
994263961,-12291.5359
994264961,-10168.03446
994265961,-5618.83515
994266961,-2263.665901
994267961,-159.73298
994268961,1317.073166
994269961,1639.057402
994270961,909.722323
994271961,230.223586
994272727,960.687224
994273727,-3453.063044
994274727,-5032.171921
994275727,-5352.5308
994276727,-6282.152154
994277727,-7435.484049
994278727,-6991.736696
994279727,-4457.552576
994280727,-1611.864644
994281727,-149.106765
994282493,-7527.349793
994283493,-13254.41253
994284493,-12321.32902
994285493,-7834.82566
994286493,-3512.092701
994287493,-251.130647
994288493,1849.77097
994289493,2157.726906
994290493,1148.983624
994291493,283.504012
994293235,-6837.127572
994294235,-10487.15199
994295235,-13585.64455
994296235,-15179.70407
994297235,-10505.67934
994298235,2146.998322
994299235,14017.63005
994300235,14794.00064
994301235,7236.520424
994302235,1375.685141
994303000,22634.6684
994304000,27240.02447
994305000,24154.61127
994306000,16782.849
994307000,4281.657422
994308000,-14400.85634
994309000,-28851.49083
994310000,-26301.40174
994311000,-12237.10199
994312000,-2184.610477
994312766,-25151.67493
994313766,-43361.1032
994314766,-42491.04785
994315766,-30807.54689
994316766,-16087.60634
994317766,757.421591
994318766,14468.56668
994319766,16132.6071
994320766,8268.616394
994321766,1764.268061
994322532,1614.105666
994323532,2795.01921
994324532,4864.676379
994325532,6311.435507
994326532,4430.718642
994327532,-1492.91207
994328532,-7203.527059
994329532,-7556.006258
994330532,-3717.496642
994331532,-699.273876
994333274,-463.710784
994334274,-13501.22123
994335274,-20622.7008
994336274,-24833.96331
994337274,-25912.16895
994338274,-18789.91761
994339274,-5453.848855
994340274,3407.066547
994341274,3599.411834
994342274,1136.067343
994343039,-1037.057956
994344039,3541.488422
994345039,9061.564315
994346039,12800.99803
994347039,11174.68073
994348039,3120.916999
994349039,-5803.792103
994350039,-8125.676372
994351039,-4393.498947
994352039,-925.051477
994377219,-1942.296934
994378219,-7717.603176
994379219,-11696.3659
994380219,-13870.51993
994381219,-12324.68673
994382219,-5534.083496
994383219,2505.160436
994384219,5442.309435
994385219,3218.981774
994386219,754.424342
994386985,7261.444109
994387985,7608.749846
994388985,6085.189721
994389985,2667.077004
994390985,-2575.715931
994391985,-8292.361362
994392985,-10956.22234
994393985,-8397.176837
994394985,-3518.539912
994395985,-543.219443
994396750,-2432.774041
994397750,-1889.512885
994398750,3300.193133
994399750,8511.21892
994400750,7512.248764
994401750,-927.848566
994402750,-9670.583685
994403750,-10593.84241
994404750,-5262.826668
994405750,-986.610712
994406516,-8719.840152
994407516,-26798.0279
994408516,-32140.24671
994409516,-28811.09925
994410516,-21961.16661
994411516,-12018.00048
994412516,-1397.192538
994413516,3924.19696
994414516,3058.771227
994415516,941.231973
994417258,-11054.64605
994418258,-17637.60607
994419258,-16530.01405
994420258,-11989.39432
994421258,-6763.152751
994422258,-225.441797
994423258,5651.696068
994424258,6644.639492
994425258,3469.212316
994426258,745.009514
994427024,4683.897509
994428024,4748.421824
994429024,4146.893447
994430024,1489.231995
994431024,-3370.11789
994432024,-8073.024115
994433024,-9294.485194
994434024,-6399.882735
994435024,-2452.705361
994436024,-327.892165
994436789,-2959.851369
994437789,-913.768841
994438789,4588.059881
994439789,9963.246985
994440789,9878.929226
994441789,2711.320287
994442789,-5681.183316
994443789,-7779.251239
994444789,-4151.420527
994445789,-846.809243
994446555,-4774.003735
994447555,-17976.85617
994448555,-21896.79681
994449555,-19235.97983
994450555,-14657.28621
994451555,-9330.675021
994452555,-3747.17886
994453555,-95.567668
994454555,746.251515
994455555,405.224312
994457297,-4575.388784
994458297,-12097.14784
994459297,-11790.12126
994460297,-9078.326575
994461297,-8754.205875
994462297,-9297.190592
994463297,-7458.525713
994464297,-3777.354963
994465297,-967.341692
994466297,54.632749
994467063,-16951.53752
994468063,-18944.85964
994469063,-12399.07621
994470063,-3314.506353
994471063,3959.455294
994472063,9203.091542
994473063,11403.98028
994474063,8813.386774
994475063,3800.690155
994476063,629.662818
994476829,7731.563742
994477829,4974.149751
994478829,595.53873
994479829,-3203.988899
994480829,-5878.453489
994481829,-7874.921792
994482829,-8250.381096
994483829,-5880.743127
994484829,-2384.590969
994485829,-324.821314
994486594,-10352.55407
994487594,-14750.09669
994488594,-13830.16246
994489594,-9646.873507
994490594,-3389.476875
994491594,4433.31739
994492594,10001.19553
994493594,9176.781948
994494594,4270.465728
994495594,790.947477
994497336,13575.31706
994498336,12078.81137
994499336,7951.400314
994500336,3033.285326
994501336,-3657.272076
994502336,-12784.69514
994503336,-18884.65611
994504336,-15738.63293
994505336,-6999.552118
994506336,-1148.739071
994507102,-14892.44602
994508102,-27340.67652
994509102,-26295.39708
994510102,-18823.97094
994511102,-11456.97222
994512102,-3956.025854
994513102,3087.570416
994514102,5543.055524
994515102,3297.52056
994516102,832.82081
994516868,-10721.03532
994517868,-12588.25336
994518868,-11136.93302
994519868,-8054.443099
994520868,-2460.708454
994521868,6374.589097
994522868,13318.04886
994523868,12209.08432
994524868,5676.289848
994525868,1013.690977
994526633,19276.49003
994527633,20768.00937
994528633,14784.86124
994529633,5894.059256
994530633,-3701.852981
994531633,-13703.03808
994532633,-19399.84379
994533633,-15734.57786
994534633,-6899.211729
994535633,-1142.646743
994537375,-10339.20045
994538375,-16451.31191
994539375,-13694.8509
994540375,-7683.890449
994541375,-3625.323438
994542375,-1228.588494
994543375,921.630161
994544375,1888.072771
994545375,1217.517728
994546375,336.432817
994547141,-4534.336011
994548141,-3864.121839
994549141,-980.505386
994550141,1520.052481
994551141,2213.897399
994552141,1945.497046
994553141,1671.736941
994554141,1235.828093
994555141,554.056617
994556141,87.377605
994556907,2096.92348
994557907,2174.054617
994558907,1578.103378
994559907,634.944704
994560907,-501.266985
994561907,-1808.568884
994562907,-2647.885252
994563907,-2222.704505
994564907,-1002.780854
994565907,-169.393823
994566672,-628.304837
994567672,-3613.358053
994568672,-4335.692764
994569672,-3882.038302
994570672,-3559.032903
994571672,-3400.629945
994572672,-2796.012108
994573672,-1646.996265
994574672,-556.80914
994575672,-27.696497
994576438,-1485.543791
994577438,-6548.172611
994578438,-7456.56154
994579438,-6246.961755
994580438,-5548.391303
994581438,-5321.616364
994582438,-4219.311055
994583438,-2253.668922
994584438,-644.112903
994585438,12.094892
994587180,-9872.526273
994588180,-11964.86713
994589180,-9318.878296
994590180,-4623.004991
994591180,328.882471
994592180,5234.479317
994593180,8173.19248
994594180,6876.567743
994595180,3092.202849
994596180,542.764215
994596946,6078.987238
994597946,9004.312347
994598946,8171.896849
994599946,5405.890501
994600946,2071.491378
994601946,-1729.969665
994602946,-4561.605439
994603946,-4377.994348
994604946,-2096.146442
994605946,-405.6363
994606711,-3071.360966
994607711,-2657.655091
994608711,-1008.783385
994609711,1588.079404
994610711,3894.595293
994611711,4445.961013
994612711,3073.664854
994613711,1224.945904
994614711,201.734804
994615711,-39.417377
994616477,8422.710327
994617477,4924.709256
994618477,1356.516652
994619477,-1801.13732
994620477,-5974.836206
994621477,-11200.93749
994622477,-13681.91313
994623477,-10345.20733
994624477,-4304.367878
994625477,-624.170005
994627219,-20361.85383
994628219,-21700.17499
994629219,-11728.50218
994630219,755.984226
994631219,8476.748204
994632219,11094.07786
994633219,10256.38071
994634219,6745.453624
994635219,2651.80487
994636219,384.832541
994636985,2862.227642
994637985,-958.137434
994638985,-4838.785518
994639985,-7311.264461
994640985,-7411.457505
994641985,-4953.950266
994642985,-1451.857686
994643985,647.364558
994644985,742.186752
994645985,247.687227
994646750,-1793.111864
994647750,3066.477409
994648750,6942.161308
994649750,8960.987259
994650750,8618.594897
994651750,5640.925955
994652750,1548.327101
994653750,-872.54152
994654750,-925.78178
994655750,-305.620354
994656516,8974.753052
994657516,5352.450656
994658516,449.343874
994659516,-4796.994683
994660516,-9747.311063
994661516,-12827.6648
994662516,-11924.21826
994663516,-7365.936335
994664516,-2602.785903
994665516,-264.478565
994667258,-9677.585789
994668258,-6721.744668
994669258,1877.337755
994670258,9757.967551
994671258,11165.17885
994672258,6329.792821
994673258,442.265833
994674258,-2031.003923
994675258,-1375.945643
994676258,-351.703233
994677024,-3459.729622
994678024,-6859.543202
994679024,-8104.205371
994680024,-7487.670004
994681024,-4830.276754
994682024,-7.621872
994683024,4385.715488
994684024,4968.473849
994685024,2523.797377
994686024,513.68545
994686789,3956.793529
994687789,7849.507377
994688789,9378.811305
994689789,8585.315977
994690789,5262.870827
994691789,-507.617135
994692789,-5594.569789
994693789,-6103.536191
994694789,-3063.14489
994695789,-613.802323
994696555,-5196.692199
994697555,-8002.080466
994698555,-8295.897985
994699555,-7247.102526
994700555,-4579.856855
994701555,710.542183
994702555,5940.377486
994703555,6603.016191
994704555,3357.561172
994705555,667.840737
994707297,8672.044992
994708297,12494.43941
994709297,12605.18855
994710297,9793.84603
994711297,3895.480562
994712297,-4392.765765
994713297,-10272.10853
994714297,-9347.343401
994715297,-4293.676245
994716297,-781.312742
994717063,-5740.06322
994718063,-7659.798421
994719063,-6691.664064
994720063,-4347.483168
994721063,-1395.547442
994722063,2369.805533
994723063,5339.192197
994724063,5060.782286
994725063,2419.487629
994726063,453.585143
994726829,9266.17979
994727829,11948.19969
994728829,10829.60147
994729829,6989.127391
994730829,977.402671
994731829,-6497.371954
994732829,-11421.39749
994733829,-9872.518144
994734829,-4462.081292
994735829,-779.792594
994736594,-12586.2757
994737594,-14336.90077
994738594,-11065.67903
994739594,-5838.699253
994740594,279.858759
994741594,7502.701554
994742594,12344.55934
994743594,10597.44576
994744594,4791.721324
994745594,831.601512
994747336,11488.1511
994748336,14137.80331
994749336,10805.37121
994750336,4693.98949
994751336,-1412.307338
994752336,-6605.273759
994753336,-9067.638445
994754336,-7158.700508
994755336,-3095.674254
994756336,-522.731004
994757102,-6163.996159
994758102,-4001.602894
994759102,-910.792023
994760102,1938.268984
994761102,4564.181828
994762102,7014.845094
994763102,7767.824762
994764102,5609.194721
994765102,2274.594547
994766102,314.480266
994766868,7276.037664
994767868,8437.470317
994768868,5208.8123
994769868,759.154693
994770868,-2122.890401
994771868,-3187.351282
994772868,-3062.457322
994773868,-2065.726349
994774868,-836.533812
994775868,-135.006813
994776633,-712.676629
994777633,2120.017222
994778633,3892.841096
994779633,4633.149665
994780633,4569.611529
994781633,3562.118722
994782633,1883.010263
994783633,494.798956
994784633,-48.720943
994785633,-88.570915
994787375,471.31895
994788375,1858.462105
994789375,1633.192054
994790375,788.696417
994791375,773.254327
994792375,1837.902058
994793375,2704.417157
994794375,2222.505965
994795375,957.242463
994796375,138.323344
994797141,2676.540332
994798141,5316.73536
994799141,5287.641031
994800141,3875.90031
994801141,2449.02839
994802141,1162.410156
994803141,14.834948
994804141,-519.309327
994805141,-380.388447
994806141,-119.429447
994806907,901.341569
994807907,2497.390227
994808907,2791.533654
994809907,2029.620357
994810907,1063.283932
994811907,343.561175
994812907,-103.124215
994813907,-254.598778
994814907,-166.835718
994815907,-52.131064
994816672,832.225173
994817672,1351.666184
994818672,1425.632001
994819672,1259.130428
994820672,823.285613
994821672,12.97379
994822672,-752.165542
994823672,-863.121586
994824672,-440.880652
994825672,-90.213245
994826438,-2207.985277
994827438,-3384.75431
994828438,-3396.00125
994829438,-2517.075708
994830438,-992.124035
994831438,1075.421602
994832438,2689.46124
994833438,2582.536453
994834438,1239.584261
994835438,233.934791
994837180,1305.702667
994838180,3363.602364
994839180,3936.096904
994840180,3400.43746
994841180,2330.80699
994842180,933.584425
994843180,-328.606643
994844180,-770.316277
994845180,-468.072223
994846180,-122.646859
994846946,5250.634684
994847946,5088.535118
994848946,3928.847366
994849946,2391.270759
994850946,-249.185866
994851946,-4412.912823
994852946,-7518.705845
994853946,-6554.905674
994854946,-2975.534881
994855946,-505.699257
994856711,-10154.00655
994857711,-12953.28121
994858711,-10652.63578
994859711,-6060.385066
994860711,-922.69911
994861711,4791.850193
994862711,8808.620478
994863711,7886.980064
994864711,3669.130327
994865711,668.620921
994866477,4401.194051
994867477,9163.906796
994868477,9718.05173
994869477,7672.753609
994870477,4832.556165
994871477,1354.037111
994872477,-1846.241695
994873477,-2766.773466
994874477,-1561.592539
994875477,-369.153068
994877219,601.619663
994878219,-201.858715
994879219,-1319.733592
994880219,-2039.220961
994881219,-1773.045315
994882219,-640.696678
994883219,484.603754
994884219,793.89547
994885219,436.832344
994886219,97.075384
994886985,647.571133
994887985,969.291738
994888985,841.951066
994889985,420.106855
994890985,-12.903278
994891985,-291.853224
994892985,-374.71918
994893985,-281.647466
994894985,-121.710703
994895985,-22.613593
994896750,841.699397
994897750,531.453256
994898750,-30.18923
994899750,-623.652335
994900750,-993.714904
994901750,-1061.018791
994902750,-883.398246
994903750,-544.869346
994904750,-204.683602
994905750,-22.928323
994906516,-1269.795955
994907516,-2511.67908
994908516,-2599.492885
994909516,-1841.803133
994910516,-822.487913
994911516,91.967222
994912516,617.418814
994913516,600.791505
994914516,288.339736
994915516,63.957981
994917258,1772.260074
994918258,-41.548812
994919258,-1637.381699
994920258,-2779.876874
994921258,-3448.633113
994922258,-3498.609729
994923258,-2771.526145
994924258,-1543.333536
994925258,-496.923388
994926258,-26.937273
994927024,-1007.857993
994928024,-3067.837775
994929024,-2714.432597
994930024,-1467.630289
994931024,-1312.342082
994932024,-2262.401882
994933024,-2766.509087
994934024,-1997.636919
994935024,-770.099201
994936024,-85.990016
994936789,-3615.0328
994937789,-5339.042122
994938789,-4478.388805
994939789,-2376.427107
994940789,-436.634184
994941789,968.048379
994942789,1646.646483
994943789,1378.437489
994944789,622.303427
994945789,122.088981
994946555,833.945538
994947555,-9.240511
994948555,-326.885039
994949555,-325.314535
994950555,-713.938592
994951555,-1699.385978
994952555,-2407.406623
994953555,-1964.446403
994954555,-853.442528
994955555,-129.860379
994957297,1063.752333
994958297,-1992.792878
994959297,-2897.422632
994960297,-2506.780526
994961297,-2887.630246
994962297,-4523.535499
994963297,-5481.045181
994964297,-4140.786004
994965297,-1700.319435
994966297,-225.373767
994967063,-5727.518294
994968063,-9033.792342
994969063,-7707.972692
994970063,-4560.290339
994971063,-2101.440858
994972063,-436.668497
994973063,749.59186
994974063,1063.62825
994975063,609.939445
994976063,163.141599
994976829,-558.96091
994977829,-3926.047894
994978829,-4540.246465
994979829,-3628.47377
994980829,-3194.083279
994981829,-3617.072386
994982829,-3685.670963
994983829,-2557.805419
994984829,-990.093881
994985829,-102.710857
994986594,-3228.023182
994987594,-8441.797401
994988594,-8578.196602
994989594,-6049.527657
994990594,-4202.647165
994991594,-3650.933017
994992594,-3086.551879
994993594,-1853.985103
994994594,-608.285244
994995594,-8.016297
994997336,-2214.773277
994998336,-8971.423418
994999336,-9870.18463
995000336,-7898.620456
995001336,-6919.861995
995002336,-7194.115886
995003336,-6565.614144
995004336,-4149.442203
995005336,-1473.566998
995006336,-104.537704
995007102,-6557.235645
995008102,-16553.91845
995009102,-17236.30294
995010102,-13781.75064
995011102,-11205.04886
995012102,-8823.769417
995013102,-5037.157699
995014102,-1447.354156
995015102,120.939087
995016102,270.138685
995016868,-11802.18861
995017868,-16767.69459
995018868,-13635.9167
995019868,-7355.113496
995020868,-2080.650929
995021868,2095.937056
995022868,4896.975384
995023868,4685.826786
995024868,2287.615614
995025868,470.495164
995026633,518.760379
995027633,-467.901321
995028633,-524.054067
995029633,-273.384453
995030633,-761.399753
995031633,-2176.288427
995032633,-3238.108078
995033633,-2691.322304
995034633,-1180.265316
995035633,-181.788107
995037375,-2839.41848
995038375,-6001.002727
995039375,-6238.935269
995040375,-5007.306291
995041375,-3586.942065
995042375,-1714.056389
995043375,380.637294
995044375,1321.369422
995045375,864.312351
995046375,228.368743
995047141,-1035.818178
995048141,-918.17667
995049141,26.804461
995050141,828.035416
995051141,737.516245
995052141,0.288158
995053141,-573.919872
995054141,-563.329646
995055141,-249.759468
995056141,-42.193391
995056907,914.054968
995057907,271.803459
995058907,344.600872
995059907,762.006841
995060907,312.843332
995061907,-1485.25739
995062907,-3156.76758
995063907,-2937.353551
995064907,-1367.124654
995065907,-233.555726
995066672,-4071.422072
995067672,-7915.638139
995068672,-8437.001605
995069672,-6857.852605
995070672,-4296.985799
995071672,-719.177623
995072672,2616.750316
995073672,3375.718762
995074672,1821.327484
995075672,402.098685
995076438,564.701122
995077438,2339.068451
995078438,3666.878582
995079438,4246.325889
995080438,3464.25247
995081438,1137.789807
995082438,-1293.839362
995083438,-1968.299562
995084438,-1082.265323
995085438,-238.994784
995087180,388.707266
995088180,-2637.274518
995089180,-3818.648063
995090180,-3691.198896
995091180,-3541.851422
995092180,-3504.53741
995093180,-2856.400624
995094180,-1576.590853
995095180,-473.819484
995096180,-6.486534
995096946,-4672.88121
995097946,-6189.654356
995098946,-4368.337807
995099946,-1026.808401
995100946,1462.846899
995101946,2350.591028
995102946,2085.958849
995103946,1270.987028
995104946,477.165368
995105946,74.277457
995106711,-692.817027
995107711,-1538.666446
995108711,-1472.388072
995109711,-850.396444
995110711,-313.594445
995111711,-152.812415
995112711,-219.266138
995113711,-227.061611
995114711,-111.802158
995115711,-12.963946
995116477,-353.041581
995117477,-2022.798825
995118477,-2485.563061
995119477,-2133.90961
995120477,-1742.847179
995121477,-1543.953911
995122477,-1247.524942
995123477,-718.615594
995124477,-227.576987
995125477,-3.045031
995127219,-957.154638
995128219,-1893.603308
995129219,-1386.068654
995130219,-507.214585
995131219,-366.548938
995132219,-846.487619
995133219,-1135.88717
995134219,-854.874171
995135219,-343.210182
995136219,-41.902065
995136985,-24.659552
995137985,-4021.706514
995138985,-5754.442134
995139985,-6068.524383
995140985,-5948.108515
995141985,-5012.112761
995142985,-3000.844539
995143985,-1005.161973
995144985,-49.501743
995145985,109.345896
995146750,-2647.535206
995147750,-3317.499902
995148750,-1705.399586
995149750,76.83825
995150750,337.389738
995151750,-556.177785
995152750,-1226.960517
995153750,-1026.59664
995154750,-425.648159
995155750,-56.54107
995156516,-1160.214321
995157516,-4544.18781
995158516,-5597.466962
995159516,-4805.118289
995160516,-3435.983943
995161516,-2186.382714
995162516,-1177.874978
995163516,-454.094667
995164516,-69.700581
995165516,48.02181
995167258,-2415.797265
995168258,-5808.36502
995169258,-5676.613308
995170258,-3845.35758
995171258,-2642.933373
995172258,-2346.85108
995173258,-1978.87775
995174258,-1156.689955
995175258,-363.33918
995176258,1.917218
995177024,-1810.853982
995178024,-5883.142212
995179024,-6213.563535
995180024,-4895.374817
995181024,-4300.796605
995182024,-4244.618019
995183024,-3423.78852
995184024,-1828.612406
995185024,-515.945758
995186024,12.259997
995186789,-3941.506645
995187789,-8319.367021
995188789,-8206.178944
995189789,-5930.737059
995190789,-4000.397195
995191789,-2479.812056
995192789,-884.557937
995193789,191.568928
995194789,351.2909
995195789,153.396109
995196555,-1559.615727
995197555,-5426.172889
995198555,-5817.052024
995199555,-4090.224224
995200555,-2799.25244
995201555,-2835.013148
995202555,-3043.904192
995203555,-2247.829821
995204555,-904.452224
995205555,-94.075039
995207297,-3402.872479
995208297,-8877.293483
995209297,-9197.575419
995210297,-6611.037778
995211297,-4432.070706
995212297,-3306.103899
995213297,-2245.160244
995214297,-1032.514546
995215297,-210.296723
995216297,65.216276
995217063,-2208.521813
995218063,-8496.372115
995219063,-9520.504588
995220063,-7900.822692
995221063,-6847.099613
995222063,-6315.861376
995223063,-4835.66828
995224063,-2513.916554
995225063,-696.205455
995226063,28.108581
995226829,-6110.301149
995227829,-12211.5459
995228829,-11664.41444
995229829,-8293.136353
995230829,-5726.792622
995231829,-3751.420258
995232829,-1503.783969
995233829,117.566893
995234829,442.762065
995235829,211.288974
995236594,-2233.428461
995237594,-7880.063941
995238594,-8328.195177
995239594,-6359.777808
995240594,-5500.906138
995241594,-5807.818353
995242594,-5229.965575
995243594,-3168.759664
995244594,-1056.454875
995245594,-51.60292
995247336,-6998.769055
995248336,-11738.3181
995249336,-10122.59416
995250336,-6006.959877
995251336,-3081.024486
995252336,-1343.604564
995253336,109.472262
995254336,838.285473
995255336,610.237943
995256336,194.943875
995257102,-2220.835619
995258102,-5913.632827
995259102,-5414.019356
995260102,-3143.291743
995261102,-2303.039171
995262102,-3315.886576
995263102,-4119.517296
995264102,-3161.85554
995265102,-1302.921076
995266102,-160.51347
995266868,-1350.387838
995267868,-10878.10016
995268868,-14832.87758
995269868,-15710.52277
995270868,-15195.44169
995271868,-11628.09155
995272868,-5344.960571
995273868,-470.850085
995274868,819.534583
995275868,433.456549
995276633,-2481.010475
995277633,-5533.734267
995278633,-3319.418911
995279633,147.396176
995280633,-126.811836
995281633,-4468.489914
995282633,-8086.049283
995283633,-6996.133377
995284633,-3086.466257
995285633,-476.398947
995287375,-5095.427458
995288375,-14591.81402
995289375,-15741.04106
995290375,-12696.56927
995291375,-10210.31264
995292375,-8264.549718
995293375,-5301.435006
995294375,-2112.425039
995295375,-296.841636
995296375,170.864926
995297141,-7063.436368
995298141,-14892.68353
995299141,-14155.36423
995300141,-9750.586131
995301141,-6819.865945
995302141,-5329.321231
995303141,-3408.717766
995304141,-1291.191509
995305141,-115.187609
995306141,148.355192
995306907,-4773.287284
995307907,-11657.8596
995308907,-11120.03078
995309907,-7431.56831
995310907,-5606.70136
995311907,-5815.239627
995312907,-5390.055394
995313907,-3345.343411
995314907,-1131.779886
995315907,-51.267805
995316672,-7279.195675
995317672,-15202.81967
995318672,-14792.78547
995319672,-10385.75764
995320672,-6790.864177
995321672,-4260.949255
995322672,-1714.839509
995323672,100.120869
995324672,490.389307
995325672,245.878658
995326438,-8875.335508
995327438,-12347.91984
995328438,-9115.895981
995329438,-3143.161045
995330438,1092.311928
995331438,2470.989068
995332438,2081.584922
995333438,1141.198759
995334438,399.539621
995335438,79.279132
995337180,1175.389472
995338180,-10153.22445
995339180,-14649.48398
995340180,-14796.78564
995341180,-14735.00318
995342180,-14458.32579
995343180,-11630.10418
995344180,-6481.853784
995345180,-2022.459401
995346180,-56.885129
995382102,-7971.45336
995383102,-16407.49729
995384102,-15366.60015
995385102,-10200.71699
995386102,-6790.041866
995387102,-5165.458953
995388102,-3133.959736
995389102,-960.835418
995390102,85.147783
995391102,196.058904
995428000,-5626.820888
995429000,-13502.42744
995430000,-12925.50077
995431000,-8617.454966
995432000,-6278.756343
995433000,-6230.53319
995434000,-5604.636523
995435000,-3380.144038
995436000,-1097.561574
995437000,-26.475083
995442649,-9011.291754
995443649,-18151.96659
995444649,-18130.96683
995445649,-13432.06062
995446649,-8669.785605
995447649,-4101.002566
995448649,182.432359
995449649,2133.291718
995450649,1495.498886
995451649,446.537589
995452414,-4756.102667
995453414,-8789.878027
995454414,-7114.149201
995455414,-3295.551247
995456414,-1501.370324
995457414,-2268.948842
995458414,-3276.101871
995459414,-2699.483407
995460414,-1150.094674
995461414,-141.102859
995462180,823.125657
995463180,-9521.48237
995464180,-12758.96318
995465180,-12010.43972
995466180,-12237.80564
995467180,-13756.10458
995468180,-13017.05842
995469180,-8447.767538
995470180,-3098.346271
995471180,-283.527843
995471946,-15605.47452
995472946,-28080.73933
995473946,-26709.31234
995474946,-18854.21446
995475946,-11212.26181
995476946,-3783.919693
995477946,2849.018904
995478946,5066.240298
995479946,2996.677588
995480946,768.675191
995482688,522.99299
995483688,-7071.204059
995484688,-9704.40302
995485688,-10168.44572
995486688,-11205.3555
995487688,-11999.75182
995488688,-10308.68738
995489688,-6134.012037
995490688,-2086.159289
995491688,-139.935279
995492454,-11055.52104
995493454,-20542.15041
995494454,-20310.50383
995495454,-16407.11764
995496454,-12427.20237
995497454,-6079.8266
995498454,1785.187923
995499454,5327.510297
995500454,3418.769105
995501454,871.071746
995502219,3561.480994
995503219,7018.047495
995504219,10862.41609
995505219,13118.69468
995506219,9588.840045
995507219,-1238.858042
995508219,-12027.354
995509219,-13252.70577
995510219,-6656.336892
995511219,-1289.039298
995511985,-2131.404346
995512985,-21401.63784
995513985,-27799.92274
995514985,-26130.7409
995515985,-23725.7435
995516985,-20714.46873
995517985,-14418.47013
995518985,-6657.935523
995519985,-1509.981202
995520985,219.791608
995522727,-17629.07765
995523727,-27934.55042
995524727,-22181.45505
995525727,-10080.17471
995526727,-2402.967261
995527727,-644.170044
995528727,-845.353709
995529727,-605.963586
995530727,-109.547025
995531727,114.084723
995532493,-7992.427744
995533493,-20231.40793
995534493,-20958.96582
995535493,-15943.19193
995536493,-11924.43433
995537493,-9190.715584
995538493,-5678.038568
995539493,-2106.532706
995540493,-190.652806
995541493,234.652416
995542258,-21207.39147
995543258,-28142.03101
995544258,-23628.60659
995545258,-13513.99746
995546258,-2203.280843
995547258,9672.325861
995548258,17592.49359
995549258,15587.04842
995550258,7208.230182
995551258,1318.181084
995561789,-7455.457284
995562789,-27090.95264
995563789,-31574.035
995564789,-27983.39789
995565789,-24192.74193
995566789,-19702.34645
995567789,-12290.59796
995568789,-4721.273524
995569789,-614.924605
995570789,387.872982
995571555,-21198.99008
995572555,-32181.60368
995573555,-26810.07215
995574555,-14885.11361
995575555,-5406.539126
995576555,1157.362202
995577555,5530.602042
995578555,5866.106053
995579555,3028.406172
995580555,695.931065
995581321,1350.030254
995582321,-6547.118283
995583321,-8715.671434
995584321,-8780.984652
995585321,-10793.41121
995586321,-13678.85549
995587321,-13294.94391
995588321,-8547.126514
995589321,-3088.546543
995590321,-293.04275
995591086,-12720.90128
995592086,-18343.22787
995593086,-13017.43656
995594086,-3215.6944
995595086,2810.831467
995596086,2671.442547
995597086,-205.894969
995598086,-1646.746938
995599086,-1018.00615
995600086,-170.05623
995601829,-2721.856564
995602829,-14022.22819
995603829,-15150.22607
995604829,-10569.92245
995605829,-8355.648119
995606829,-10632.12618
995607829,-12427.31907
995608829,-9373.687663
995609829,-3835.341169
995610829,-464.473357
995611594,-12651.53507
995612594,-30804.88912
995613594,-31802.91656
995614594,-24196.63562
995615594,-17778.83869
995616594,-12983.81034
995617594,-7256.680982
995618594,-2119.0367
995619594,167.060477
995620594,424.322321
995621360,-23169.92762
995622360,-35594.63618
995623360,-33873.49772
995624360,-25224.43811
995625360,-13422.72604
995626360,3043.750377
995627360,17627.62412
995628360,18964.65245
995629360,9557.029565
995630360,1932.064634
995631125,19657.25327
995632125,25558.83107
995633125,23918.51155
995634125,17106.13081
995635125,5018.25432
995636125,-12237.29569
995637125,-25203.34005
995638125,-23004.55585
995639125,-10708.92072
995640125,-1928.864601
995641868,-9259.303223
995642868,-28061.49643
995643868,-33283.47666
995644868,-31232.99355
995645868,-26658.30355
995646868,-17053.39586
995647868,-4030.015224
995648868,3759.581753
995649868,3541.555655
995650868,1142.325069
995651633,-12176.4346
995652633,-12311.91614
995653633,-4568.296959
995654633,4899.79612
995655633,9356.660273
995656633,7069.381829
995657633,1821.138145
995658633,-1306.051199
995659633,-1217.246828
995660633,-323.97541
995661399,5879.826142
995662399,-5923.800462
995663399,-11706.24819
995664399,-13613.20187
995665399,-16204.43304
995666399,-19447.95584
995667399,-18814.79393
995668399,-12364.37128
995669399,-4607.897978
995670399,-475.23464
995671164,-19619.53856
995672164,-35642.59489
995673164,-34337.86509
995674164,-25129.76153
995675164,-15987.56152
995676164,-5724.612529
995677164,4635.720346
995678164,8376.383212
995679164,4990.067504
995680164,1234.283298
995681907,-17930.91813
995682907,-14599.23794
995683907,-6377.752921
995684907,3806.051062
995685907,13636.48063
995686907,20400.65141
995687907,20288.89447
995688907,13145.845
995689907,4852.496741
995690907,578.657052
995691672,33110.8717
995692672,23320.76956
995693672,8002.789856
995694672,-6954.293762
995695672,-21768.14608
995696672,-36704.71739
995697672,-42673.36589
995698672,-31708.16552
995699672,-13124.52612
995700672,-1895.131812
995713157,-6165.269397
995714157,-8652.055817
995715157,-3744.26089
995716157,3453.254443
995717157,5606.995678
995718157,996.95171
995719157,-4852.693938
995720157,-5956.82599
995721157,-3026.514655
995722157,-559.116714
995722922,-2546.198593
995723922,-14935.44265
995724922,-17733.55871
995725922,-14971.97521
995726922,-12976.49349
995727922,-12522.26459
995728922,-10522.58214
995729922,-6142.272414
995730922,-1988.943279
995731922,-65.539821
995732688,-20929.37728
995733688,-26405.18053
995734688,-19163.40264
995735688,-7595.102284
995736688,1436.518295
995737688,7731.229049
995738688,10992.21253
995739688,9118.518062
995740688,4137.344864
995741688,757.626279
995742454,6211.698228
995743454,5064.787415
995744454,4230.398633
995745454,3523.063877
995746454,317.125668
995747454,-6555.103208
995748454,-12314.79093
995749454,-11136.74469
995750454,-5150.789577
995751454,-884.704746
995753196,-7691.502372
995754196,-22069.65379
995755196,-24993.28998
995756196,-20947.28968
995757196,-15722.16916
995758196,-9947.669514
995759196,-3644.981887
995760196,447.268356
995761196,1133.482476
995762196,511.63984
995772727,-3827.062145
995773727,-11965.5152
995774727,-12040.91235
995775727,-8586.373626
995776727,-7297.514645
995777727,-8273.035137
995778727,-7965.5173
995779727,-5049.760644
995780727,-1751.788597
995781727,-115.504361
995782493,-17127.05377
995783493,-21309.96117
995784493,-16555.64442
995785493,-8656.015905
995786493,-1029.340638
995787493,6813.818817
995788493,12278.22532
995789493,10960.85019
995790493,5097.89682
995791493,935.178016
995792258,16392.86904
995793258,15434.84051
995794258,11180.29158
995795258,5202.13776
995796258,-3839.462156
995797258,-15957.76097
995798258,-23632.39353
995799258,-19458.40787
995800258,-8552.880803
995801258,-1392.226132
995802024,-16286.76775
995803024,-31277.57536
995804024,-30724.5848
995805024,-23008.78399
995806024,-15415.10189
995807024,-6784.269886
995808024,2383.441346
995809024,6267.711886
995810024,3980.78044
995811024,1041.066686
995812766,1020.981417
995813766,2348.949338
995814766,6824.699562
995815766,8946.197528
995816766,3819.941309
995817766,-6887.744074
995818766,-14664.87786
995819766,-13038.93222
995820766,-5883.248554
995821766,-1002.61552
995822532,-10964.15482
995823532,-22225.87952
995824532,-22683.87375
995825532,-17265.698
995826532,-11096.89879
995827532,-4359.469385
995828532,2043.430212
995829532,4463.306357
995830532,2747.252314
995831532,715.189869
995832297,1366.811114
995833297,-643.245946
995834297,1148.374161
995835297,3399.928061
995836297,1086.111261
995837297,-6389.611107
995838297,-12624.91515
995839297,-11356.18864
995840297,-5181.646331
995841297,-865.924648
995842063,-10896.20001
995843063,-24322.90709
995844063,-25724.32392
995845063,-21106.99448
995846063,-15759.00087
995847063,-8636.050445
995848063,-366.04324
995849063,3888.975342
995850063,2869.407468
995851063,832.622785
995852805,-2985.267301
995853805,-1435.598756
995854805,4874.116102
995855805,10983.68988
995856805,9962.267358
995857805,626.50118
995858805,-8991.89385
995859805,-10316.30054
995860805,-5156.570972
995861805,-985.854791
995862571,-8254.541724
995863571,-17304.97809
995864571,-17348.76132
995865571,-12894.03153
995866571,-8662.725092
995867571,-4711.716777
995868571,-680.425287
995869571,1510.76644
995870571,1255.037387
995871571,411.191758
995872336,-5233.023528
995873336,-9549.209513
995874336,-9320.898376
995875336,-7508.958507
995876336,-5731.322115
995877336,-2855.973016
995878336,699.791612
995879336,2295.210261
995880336,1476.292874
995881336,379.473027
995882102,5583.837046
995883102,4129.907666
995884102,3635.260325
995885102,2908.759711
995886102,-885.655966
995887102,-8163.458932
995888102,-13615.67171
995889102,-11757.75171
995890102,-5296.021154
995891102,-877.016636
995892844,-15704.26157
995893844,-27486.89588
995894844,-27139.956
995895844,-20580.62828
995896844,-12308.47874
995897844,-1541.242447
995898844,8487.06925
995899844,10614.06757
995900844,5668.287252
995901844,1241.266669
995902610,6438.173175
995903610,4478.830925
995904610,2680.66629
995905610,-237.637685
995906610,-5396.340896
995907610,-11244.81243
995908610,-13510.717
995909610,-9931.549127
995910610,-4043.86015
995911610,-575.596966
995912375,-11986.62373
995913375,-19242.71813
995914375,-17558.2185
995915375,-12105.36699
995916375,-6706.751657
995917375,-653.242919
995918375,4910.06496
995919375,6098.104374
995920375,3272.309106
995921375,726.206013
995922141,1090.552179
995923141,1574.53881
995924141,2632.66858
995925141,3100.775489
995926141,1512.615241
995927141,-2028.285592
995928141,-4865.327788
995929141,-4513.324395
995930141,-2088.105992
995931141,-366.535902
995932883,-2461.94274
995933883,-6728.74728
995934883,-7253.065685
995935883,-6155.051807
995936883,-5297.804374
995937883,-4140.89402
995938883,-2150.243432
995939883,-415.365834
995940883,189.123643
995941883,147.07631
995942649,-2769.655005
995943649,-6756.641718
995944649,-6734.964702
995945649,-4600.65553
995946649,-3011.865647
995947649,-2495.775544
995948649,-2073.993137
995949649,-1233.497406
995950649,-397.364586
995951649,2.021064
995952414,-470.46972
995953414,-7328.599954
995954414,-9625.655909
995955414,-9544.699847
995956414,-9491.097972
995957414,-8874.721931
995958414,-6449.623107
995959414,-3124.91246
995960414,-790.84228
995961414,54.661173
995962180,-8740.317512
995963180,-15091.0252
995964180,-14495.7735
995965180,-10877.47191
995966180,-6951.633546
995967180,-1920.419493
995968180,3132.787945
995969180,4637.490487
995970180,2614.176516
995971180,606.693544
995971946,-1358.847082
995972946,-659.929049
995973946,851.786188
995974946,2370.027821
995975946,2800.714718
995976946,1642.822192
995977946,-174.53409
995978946,-1039.594465
995979946,-685.615366
995980946,-164.693963
995982688,1535.826785
995983688,-5036.599638
995984688,-7745.829831
995985688,-8161.918796
995986688,-8814.203759
995987688,-9470.472158
995988688,-8199.033157
995989688,-4855.442629
995990688,-1622.507854
995991688,-100.60613
995992454,-7998.612046
995993454,-12074.02727
995994454,-9665.452708
995995454,-5420.217058
995996454,-2906.569219
995997454,-1287.913216
995998454,542.179103
995999454,1469.669687
996000454,976.889443
996001454,267.697548
996002219,-2758.989809
996003219,-3879.243536
996004219,-2276.989239
996005219,461.84735
996006219,1898.358343
996007219,960.027813
996008219,-1009.496183
996009219,-1761.561791
996010219,-1008.18999
996011219,-200.80932
996011985,-4016.479203
996012985,-10402.4436
996013985,-12308.13908
996014985,-11840.89387
996015985,-9910.66846
996016985,-5056.972809
996017985,1116.102293
996018985,3875.652198
996019985,2491.605857
996020985,626.709406
996022727,-910.55101
996023727,3261.114869
996024727,7441.345289
996025727,9684.668605
996026727,8192.552408
996027727,2858.409248
996028727,-2823.65837
996029727,-4496.634861
996030727,-2507.027973
996031727,-554.914105
996032493,4323.334814
996033493,-3775.242136
996034493,-9580.420164
996035493,-13415.9961
996036493,-15408.46657
996037493,-13857.14376
996038493,-8655.248671
996039493,-3187.155376
996040493,-383.069674
996041493,219.954392
996042258,-6561.013044
996043258,-6186.36575
996044258,-2100.787705
996045258,1985.831897
996046258,3412.023861
996047258,2489.578419
996048258,948.069877
996049258,36.701252
996050258,-129.255132
996051258,-49.18578
996052024,-1655.159249
996053024,-3387.025143
996054024,-3564.038193
996055024,-3068.088215
996056024,-2372.129759
996057024,-1071.283799
996058024,487.399938
996059024,1113.711166
996060024,679.023354
996061024,165.584749
996062766,6595.933725
996063766,3896.711528
996064766,461.689612
996065766,-3200.214317
996066766,-6874.188416
996067766,-9781.079411
996068766,-10030.4211
996069766,-6841.039967
996070766,-2658.533258
996071766,-336.262717
996072532,-8434.605204
996073532,-9104.274141
996074532,-4478.640004
996075532,1186.621609
996076532,4035.908035
996077532,3838.60848
996078532,2371.975004
996079532,1033.842617
996080532,284.085793
996081532,19.663108
996082297,3702.083803
996083297,1279.032251
996084297,112.495532
996085297,-714.588573
996086297,-3142.256428
996087297,-7027.625033
996088297,-9120.387655
996089297,-7018.968658
996090297,-2931.383916
996091297,-426.456522
996092063,-11261.25361
996093063,-14472.67233
996094063,-11585.73875
996095063,-6017.840743
996096063,-357.923607
996097063,5048.335262
996098063,8387.660422
996099063,7222.198924
996100063,3296.528363
996101063,596.551772
996102805,6421.552854
996103805,7628.677987
996104805,7465.712879
996105805,6484.595921
996106805,3053.663617
996107805,-3686.420497
996108805,-9464.574785
996109805,-9079.360204
996110805,-4303.80721
996111805,-783.269798
996112571,-7020.891418
996113571,-16432.89995
996114571,-19024.84808
996115571,-17319.23741
996116571,-12939.51979
996117571,-5175.623889
996118571,3020.806807
996119571,5913.639708
996120571,3494.869635
996121571,844.483236
996122336,-413.393441
996123336,1155.568373
996124336,2820.232414
996125336,3541.593369
996126336,2684.86224
996127336,512.645335
996128336,-1533.48617
996129336,-1946.999374
996130336,-1024.639427
996131336,-214.953266
996132102,1140.199739
996133102,-1060.106625
996134102,-582.710459
996135102,936.370606
996136102,129.185449
996137102,-4042.073921
996138102,-7902.646481
996139102,-7231.989565
996140102,-3346.459864
996141102,-560.704418
996142844,-14552.15867
996143844,-23864.82753
996144844,-24074.13587
996145844,-18716.74621
996146844,-9984.066348
996147844,2238.262139
996148844,12580.95242
996149844,13315.15765
996150844,6641.328148
996151844,1335.382593
996152610,4615.192193
996153610,7520.556972
996154610,7725.219261
996155610,6235.526151
996156610,3452.526099
996157610,-792.909383
996158610,-4483.361456
996159610,-4753.943773
996160610,-2368.565479
996161610,-471.820631
996162375,645.261669
996163375,-2470.53152
996164375,-3521.003532
996165375,-2983.281055
996166375,-2679.963553
996167375,-3481.190621
996168375,-4164.199719
996169375,-3248.621408
996170375,-1378.403211
996171375,-186.01873
996172141,-4109.240716
996173141,-10129.73186
996174141,-11031.45397
996175141,-9118.017065
996176141,-6805.441456
996177141,-4064.214579
996178141,-1014.065328
996179141,767.808853
996180141,775.740449
996181141,273.966782
996182883,-2554.977405
996183883,-4857.76459
996184883,-4264.003471
996185883,-2389.829194
996186883,-1181.587477
996187883,-927.116172
996188883,-871.261581
996189883,-570.975412
996190883,-195.602215
996191883,0.895557
996192649,-843.799174
996193649,-4446.893121
996194649,-4524.874219
996195649,-3013.664115
996196649,-2790.420964
996197649,-4103.011685
996198649,-4777.54915
996199649,-3461.631361
996200649,-1360.689057
996201649,-157.534888
996202414,-4169.617201
996203414,-9626.907527
996204414,-9728.040326
996205414,-7061.616244
996206414,-4802.635305
996207414,-3315.396061
996208414,-1812.896296
996209414,-516.287127
996210414,57.162545
996211414,118.879864
996212180,-1498.305078
996213180,-6974.565535
996214180,-8183.50483
996215180,-7168.681406
996216180,-6438.631325
996217180,-5999.932919
996218180,-4686.078372
996219180,-2541.302982
996220180,-759.536815
996221180,1.784786
996221946,-6981.204288
996222946,-11645.03968
996223946,-10099.04205
996224946,-5947.615308
996225946,-2804.574074
996226946,-801.463904
996227946,757.174429
996228946,1323.370532
996229946,812.894798
996230946,224.137844
996232688,-71.143688
996233688,-3452.908836
996234688,-4094.929214
996235688,-3331.596522
996236688,-3291.763261
996237688,-4392.966071
996238688,-5011.543842
996239688,-3747.227921
996240688,-1544.821458
996241688,-198.326429
996242454,-4598.335977
996243454,-12436.63708
996244454,-13486.13633
996245454,-10581.81587
996246454,-7597.403756
996247454,-5175.298448
996248454,-2672.064954
996249454,-671.679951
996250454,132.787463
996251454,182.773155
996252219,-6327.193505
996253219,-10949.12328
996254219,-9622.660214
996255219,-5954.887095
996256219,-3379.29488
996257219,-1814.367412
996258219,-344.95121
996259219,549.448354
996260219,503.603758
996261219,180.765896
996261985,291.309891
996262985,-4332.952435
996263985,-5197.050649
996264985,-4183.411694
996265985,-4413.402237
996266985,-6219.288166
996267985,-7012.314728
996268985,-5064.780871
996269985,-2011.755464
996270985,-242.93558
996272727,-8322.112763
996273727,-15302.31215
996274727,-14163.71141
996275727,-9294.031776
996276727,-5293.680718
996277727,-2507.011213
996278727,-164.160352
996279727,1022.498433
996280727,802.729583
996281727,270.847527
996282493,-1613.219211
996283493,-7465.027009
996284493,-8212.957604
996285493,-6653.260567
996286493,-6248.017131
996287493,-6919.443964
996288493,-6394.434717
996289493,-3977.270815
996290493,-1376.374526
996291493,-93.760993
996292258,-5124.140969
996293258,-12950.75772
996294258,-12689.26399
996295258,-8540.760868
996296258,-6036.35205
996297258,-5851.616105
996298258,-5360.245312
996299258,-3344.599233
996300258,-1132.45381
996301258,-43.263268
996302024,-5149.564072
996303024,-14697.00975
996304024,-15723.99122
996305024,-12518.86289
996306024,-10028.11708
996307024,-8268.351565
996308024,-5510.837383
996309024,-2353.502592
996310024,-420.01982
996311024,147.299461
996312766,-6957.18158
996313766,-13305.83574
996314766,-11323.61809
996315766,-6444.415703
996316766,-4268.833077
996317766,-4651.99763
996318766,-4521.564536
996319766,-2816.447842
996320766,-929.223148
996321766,-27.869747
996322532,-4845.568773
996323532,-12610.5243
996324532,-12649.46921
996325532,-9118.846904
996326532,-6982.417172
996327532,-6585.459586
996328532,-5628.71835
996329532,-3340.314393
996330532,-1091.003655
996331532,-26.729183
996332297,-6543.855941
996333297,-16477.25746
996334297,-16834.64212
996335297,-12745.98849
996336297,-9901.603838
996337297,-8100.357216
996338297,-5203.764944
996339297,-1969.474574
996340297,-193.032986
996341297,198.564097
996342063,-7338.028929
996343063,-14525.7614
996344063,-12525.49375
996345063,-6692.986122
996346063,-3634.795688
996347063,-4128.212312
996348063,-4734.89557
996349063,-3379.678431
996350063,-1264.257849
996351063,-93.97081
996352805,-4688.901859
996353805,-14621.6546
996354805,-14899.06099
996355805,-10750.89681
996356805,-8879.345111
996357805,-9630.492026
996358805,-9121.125495
996359805,-5785.275484
996360805,-2018.741131
996361805,-130.409915
996362571,-6838.848263
996363571,-19477.9426
996364571,-19768.61915
996365571,-14078.40003
996366571,-10800.37575
996367571,-10869.69324
996368571,-10044.19765
996369571,-6352.517059
996370571,-2211.626306
996371571,-123.622773
996372336,-15063.67361
996373336,-29386.28458
996374336,-28920.43308
996375336,-21187.93328
996376336,-13562.83626
996377336,-6083.352019
996378336,1084.127874
996379336,4187.654949
996380336,2776.396464
996381336,782.050498
996382102,-5511.282343
996383102,-11586.05628
996384102,-10522.21322
996385102,-6452.161191
996386102,-4226.306337
996387102,-4201.369461
996388102,-3970.206408
996389102,-2484.555366
996390102,-826.904044
996391102,-22.999572
996392844,-4012.767543
996393844,-12133.52853
996394844,-12850.18913
996395844,-9883.405088
996396844,-7920.566534
996397844,-7204.576019
996398844,-5658.852016
996399844,-3030.435944
996400844,-861.53482
996401844,31.257708
996402610,-7794.467157
996403610,-15315.68095
996404610,-14526.73487
996405610,-9787.50246
996406610,-5937.601573
996407610,-3439.358116
996408610,-1254.552419
996409610,192.122684
996410610,452.902581
996411610,221.584794
996412375,-2058.461743
996413375,-8422.639764
996414375,-9062.896411
996415375,-7282.036826
996416375,-6867.601437
996417375,-7579.234181
996418375,-6942.202983
996419375,-4293.36891
996420375,-1483.345213
996421375,-99.593209
996422141,-5484.033949
996423141,-14270.47807
996424141,-14406.1695
996425141,-10615.27688
996426141,-8355.968155
996427141,-7614.338382
996428141,-5867.5949
996429141,-2989.272503
996430141,-768.001956
996431141,68.518788
996432883,-10191.84257
996433883,-17211.69355
996434883,-15135.01335
996435883,-8901.335339
996436883,-3895.271114
996437883,-845.655599
996438883,1131.336824
996439883,1709.03106
996440883,1018.799351
996441883,288.775066
996442649,-506.159329
996443649,-7021.910838
996444649,-8317.265187
996445649,-7013.67967
996446649,-6916.152688
996447649,-8189.260332
996448649,-8094.920671
996449649,-5357.366842
996450649,-1980.11023
996451649,-186.684695
996452414,-7577.292697
996453414,-15957.19339
996454414,-15462.85682
996455414,-10753.85042
996456414,-7064.220543
996457414,-4782.509435
996458414,-2511.456914
996459414,-597.020551
996460414,173.390653
996461414,197.395782
996462180,-4742.961293
996463180,-11792.04616
996464180,-11093.89646
996465180,-6865.451472
996466180,-4749.592426
996467180,-5460.810485
996468180,-5863.575052
996469180,-4081.538364
996470180,-1533.893216
996471180,-132.2944
996471946,-5180.623876
996472946,-15071.73117
996473946,-15614.5609
996474946,-11669.81743
996475946,-9291.758382
996476946,-8782.109434
996477946,-7260.83673
996478946,-4096.161894
996479946,-1248.442547
996480946,1.248176
996482688,-11454.37462
996483688,-19851.90542
996484688,-17762.24373
996485688,-11331.07427
996486688,-6349.149833
996487688,-2777.920438
996488688,379.125021
996489688,1837.202201
996490688,1270.718166
996491688,383.951495
996492454,-1951.499491
996493454,-8900.182383
996494454,-9692.108881
996495454,-7569.777407
996496454,-6851.720563
996497454,-7830.893212
996498454,-7735.809991
996499454,-5156.795094
996500454,-1917.081328
996501454,-175.796331
996502219,-5440.756759
996503219,-15726.14039
996504219,-16003.42955
996505219,-11522.61776
996506219,-9043.933217
996507219,-9084.982957
996508219,-8165.895928
996509219,-4987.366139
996510219,-1667.447717
996511219,-69.283099
996511985,-13562.7851
996512985,-22299.29105
996513985,-19831.96756
996514985,-12342.60492
996515985,-5801.682035
996516985,-665.407333
996517985,3158.681528
996518985,3938.968645
996519985,2143.483821
996520985,519.906955
996522727,68.570094
996523727,-6300.074335
996524727,-8086.826297
996525727,-7212.768969
996526727,-6966.351445
996527727,-7854.246713
996528727,-7690.454783
996529727,-5168.242412
996530727,-1955.312383
996531727,-194.70821
996532493,-5454.341264
996533493,-14992.43043
996534493,-15186.64591
996535493,-10967.77132
996536493,-8483.713237
996537493,-8140.23147
996538493,-6980.12077
996539493,-4095.441715
996540493,-1308.933674
996541493,-24.26468
996542258,-9355.478336
996543258,-19249.41643
996544258,-18640.76732
996545258,-13131.95138
996546258,-8707.984507
996547258,-5571.77501
996548258,-2336.231237
996549258,22.001678
996550258,581.079885
996551258,306.281236
996552024,-4315.993928
996553024,-11924.21023
996554024,-11719.27346
996555024,-8104.439769
996556024,-6475.72878
996557024,-7280.997512
996558024,-7385.828358
996559024,-5030.503703
996560024,-1893.322667
996561024,-170.563289
996562766,-6744.02638
996563766,-18337.62382
996564766,-19464.05243
996565766,-15422.35715
996566766,-12164.39091
996567766,-9751.824215
996568766,-6299.003874
996569766,-2593.103485
996570766,-418.77081
996571766,189.887351
996572532,-9079.209138
996573532,-18091.83171
996574532,-16190.59254
996575532,-9758.388925
996576532,-6029.201326
996577532,-5532.924048
996578532,-4978.003745
996579532,-3005.163463
996580532,-952.045023
996581532,6.296172
996582297,-7233.500925
996583297,-17034.3708
996584297,-16483.31123
996585297,-11444.82519
996586297,-8553.246825
996587297,-7980.227446
996588297,-6604.67697
996589297,-3698.378333
996590297,-1100.773533
996591297,21.08731
996592063,-8503.253936
996593063,-19562.44436
996594063,-19770.21904
996595063,-14660.7027
996596063,-10423.96188
996597063,-7336.089815
996598063,-3868.349485
996599063,-943.278001
996600063,224.567524
996601063,272.335919
996602805,-6747.111102
996603805,-14959.571
996604805,-14076.46538
996605805,-9612.192928
996606805,-7293.713806
996607805,-6880.833865
996608805,-5570.145101
996609805,-2991.34681
996610805,-834.919503
996611805,40.408899
996612571,-4183.159224
996613571,-14106.10494
996614571,-14517.14577
996615571,-10469.04752
996616571,-8711.764831
996617571,-9808.860686
996618571,-9725.288606
996619571,-6441.456372
996620571,-2353.787659
996621571,-194.455326
996622336,-9916.717721
996623336,-22694.16662
996624336,-22373.402
996625336,-15947.65541
996626336,-11380.81891
996627336,-8976.479896
996628336,-5912.918459
996629336,-2422.779376
996630336,-340.314654
996631336,213.192109
996632102,-11145.06813
996633102,-20893.95117
996634102,-18651.92547
996635102,-11459.2958
996636102,-6757.11082
996637102,-4933.02239
996638102,-3317.757775
996639102,-1410.517911
996640102,-197.854748
996641102,148.262057
996642844,-3657.855262
996643844,-14783.19452
996644844,-15522.05016
996645844,-11082.60996
996646844,-9235.100383
996647844,-11282.86842
996648844,-12331.16697
996649844,-8865.410312
996650844,-3498.245853
996651844,-385.016516
996652610,-14004.762
996653610,-27733.11342
996654610,-25223.34269
996655610,-15509.08144
996656610,-9141.057398
996657610,-7052.39055
996658610,-5188.866212
996659610,-2460.858473
996660610,-477.938631
996661610,173.871589
996662375,-9763.018868
996663375,-22177.53695
996664375,-21803.8578
996665375,-15499.63532
996666375,-10995.8355
996667375,-8686.949353
996668375,-5881.678066
996669375,-2595.04266
996670375,-482.609641
996671375,174.204944
996672141,-8199.438292
996673141,-19634.02409
996674141,-18966.86766
996675141,-12799.76431
996676141,-9179.286817
996677141,-8766.308262
996678141,-7749.771493
996679141,-4666.107974
996680141,-1518.12687
996681141,-31.070938
996682883,-9952.133509
996683883,-22317.93689
996684883,-21722.11994
996685883,-15080.41122
996686883,-10413.90128
996687883,-8354.926297
996688883,-5993.710709
996689883,-2897.587715
996690883,-665.821872
996691883,133.683604
996692649,-8587.581091
996693649,-20559.94878
996694649,-20163.86293
996695649,-14465.52808
996696649,-11149.20467
996697649,-10090.18648
996698649,-7787.191307
996699649,-3996.945944
996700649,-1042.829454
996701649,89.665753
996702414,-10181.20127
996703414,-20665.31669
996704414,-18889.67701
996705414,-11503.62047
996706414,-6663.418247
996707414,-5653.992318
996708414,-5177.420432
996709414,-3313.157688
996710414,-1129.73858
996711414,-16.421882
996712180,-8005.426673
996713180,-22470.97647
996714180,-23621.89737
996715180,-17699.9553
996716180,-13119.64264
996717180,-10976.33518
996718180,-8200.169518
996719180,-4230.637788
996720180,-1126.92814
996721180,100.501409
996721946,-8065.461913
996722946,-22806.04257
996723946,-23178.185
996724946,-17045.14976
996725946,-13790.51609
996726946,-13741.31984
996727946,-12039.28583
996728946,-7203.435232
996729946,-2369.734309
996730946,-84.295058
996732688,-15803.16579
996733688,-30160.27359
996734688,-27808.43773
996735688,-17749.78494
996736688,-10112.11052
996737688,-5971.215163
996738688,-2657.972551
996739688,-199.232439
996740688,538.707979
996741688,353.202885
996742454,-6781.187476
996743454,-19762.03796
996744454,-20536.14358
996745454,-15394.64197
996746454,-12196.76758
996747454,-11550.54759
996748454,-9787.207707
996749454,-5760.560053
996750454,-1869.678241
996751454,-46.754387
996762961,-6812.459477
996763961,-19369.76517
996764961,-19532.37458
996765961,-13948.87399
996766961,-11008.72849
996767961,-11337.31027
996768961,-10485.61403
996769961,-6591.996003
996770961,-2282.618507
996771961,-128.909368
996772727,-12266.04796
996773727,-27038.29608
996774727,-26355.11327
996775727,-18264.04
996776727,-12256.55936
996777727,-9210.786158
996778727,-6025.448183
996779727,-2516.239057
996780727,-372.071257
996781727,229.62963
996782493,-9568.429087
996783493,-23094.92051
996784493,-22821.97522
996785493,-16422.0981
996786493,-12475.85683
996787493,-11061.42765
996788493,-8434.460931
996789493,-4292.526871
996790493,-1102.462019
996791493,108.975272
996792258,-12482.15593
996793258,-25239.25332
996794258,-23371.35927
996795258,-15055.42616
996796258,-9480.295298
996797258,-7278.97096
996798258,-5078.712445
996799258,-2285.296224
996800258,-407.476398
996801258,176.818303
996803000,-6215.40736
996804000,-19599.05514
996805000,-20619.97679
996806000,-15737.0641
996807000,-13008.92604
996808000,-12808.92677
996809000,-11018.35333
996810000,-6497.78281
996811000,-2109.289407
996812000,-65.696431
996812766,-13024.18465
996813766,-27338.98954
996814766,-26231.85487
996815766,-18379.31548
996816766,-12791.05264
996817766,-9473.548904
996818766,-5540.870521
996819766,-1754.717414
996820766,52.523215
996821766,314.817922
996822532,-8126.818643
996823532,-20546.86175
996824532,-20123.71537
996825532,-14055.31125
996826532,-10814.99348
996827532,-10697.45523
996828532,-9390.046767
996829532,-5569.802027
996830532,-1791.945115
996831532,-41.256719
996832297,-12122.90665
996833297,-25377.22744
996834297,-25025.23103
996835297,-18793.6126
996836297,-13757.14442
996837297,-9051.82939
996838297,-3270.913399
996839297,729.363119
996840297,1289.263844
996841297,536.091846
996843039,-1923.390645
996844039,-11019.32014
996845039,-9806.491499
996846039,-4824.129682
996847039,-5486.628222
996848039,-12595.56403
996849039,-17577.43634
996850039,-13930.88596
996851039,-5851.723815
996852039,-817.508469
996852805,-14000.91103
996853805,-31470.41188
996854805,-31235.23026
996855805,-22648.81077
996856805,-16063.67777
996857805,-11860.13799
996858805,-6945.831904
996859805,-2265.578803
996860805,7.607073
996861805,373.21589
996883079,-7594.563354
996884079,-20303.24718
996885079,-20587.51618
996886079,-14822.15272
996887079,-11093.55196
996888079,-10199.4015
996889079,-8568.013572
996890079,-4993.882921
996891079,-1586.263481
996892079,-15.131891
996892844,-10655.42214
996893844,-24099.25424
996894844,-23565.17984
996895844,-16552.07337
996896844,-11638.04605
996897844,-9313.740326
996898844,-6473.443136
996899844,-2953.618474
996900844,-593.425114
996901844,175.026425
996902610,-9624.005466
996903610,-21800.88316
996904610,-21235.90642
996905610,-15059.2564
996906610,-11018.94172
996907610,-9218.294139
996908610,-6610.447159
996909610,-3130.566794
996910610,-697.696938
996911610,141.543959
996912375,-10916.13934
996913375,-21776.81766
996914375,-19862.28146
996915375,-12647.98868
996916375,-8192.434867
996917375,-6700.96799
996918375,-4903.948513
996919375,-2308.286495
996920375,-469.661462
996921375,138.013231
996923118,-5189.769886
996924118,-17166.77559
996925118,-18153.95819
996926118,-14216.20323
996927118,-12422.03633
996928118,-12696.53646
996929118,-11066.49825
996930118,-6579.620375
996931118,-2166.363796
996932118,-90.870199
996942649,-5768.668205
996943649,-15955.0672
996944649,-15766.07979
996945649,-10825.97447
996946649,-8345.682837
996947649,-9042.495905
996948649,-8949.276937
996949649,-5959.105398
996950649,-2183.812883
996951649,-171.400622
996952414,-9141.731339
996953414,-23239.1007
996954414,-23945.39457
996955414,-18218.11748
996956414,-13934.47845
996957414,-11191.29571
996958414,-7290.409474
996959414,-2975.185995
996960414,-444.057621
996961414,237.263597
996962180,-12091.61129
996963180,-24585.38008
996964180,-23674.1921
996965180,-16717.64561
996966180,-11259.56042
996967180,-7254.917947
996968180,-2910.570991
996969180,228.719886
996970180,870.388083
996971180,418.921227
996971946,-5069.520561
996972946,-14472.47493
996973946,-13891.29703
996974946,-9282.305996
996975946,-7824.009129
996976946,-9793.236879
996977946,-10464.41448
996978946,-7270.46032
996979946,-2773.442459
996980946,-277.133379
996982688,-11682.46464
996983688,-25496.41324
996984688,-24968.86339
996985688,-17618.87126
996986688,-11974.4083
996987688,-8632.947531
996988688,-5081.218887
996989688,-1704.741695
996990688,-18.110145
996991688,278.52192
996992454,-10188.43575
996993454,-21833.99795
996994454,-20829.36342
996995454,-14069.99857
996996454,-9404.915279
996997454,-7395.61076
996998454,-5205.187262
996999454,-2425.1031
997000454,-501.820608
997001454,144.477648
997002219,-7616.715863
997003219,-19313.79946
997004219,-19392.83148
997005219,-13859.56918
997006219,-10193.66875
997007219,-9052.394169
997008219,-7253.303716
997009219,-3981.525883
997010219,-1153.554032
997011219,43.827614
997011985,-10849.90354
997012985,-21693.94154
997013985,-20289.77738
997014985,-13432.58732
997015985,-8519.249094
997016985,-5864.80657
997017985,-3174.988309
997018985,-762.827723
997019985,230.955694
997020985,255.951961
997062766,-5066.359391
997063766,-15691.3509
997064766,-16297.10011
997065766,-12415.15246
997066766,-10562.11348
997067766,-10785.64579
997068766,-9501.176675
997069766,-5711.047571
997070766,-1900.570459
997071766,-84.548696
997072532,-12043.53695
997073532,-23840.05503
997074532,-22782.37546
997075532,-16336.47006
997076532,-11403.91731
997077532,-7300.815837
997078532,-2473.588898
997079532,818.917632
997080532,1185.401157
997081532,475.854813
997082297,-4702.311713
997083297,-11985.12121
997084297,-10753.25718
997085297,-6226.890912
997086297,-4858.767831
997087297,-7137.456211
997088297,-8651.777158
997089297,-6466.660436
997090297,-2602.095556
997091297,-306.690158
997092063,-8706.999518
997093063,-20375.02487
997094063,-20207.79018
997095063,-14102.52582
997096063,-9516.309866
997097063,-7410.865928
997098063,-5261.05494
997099063,-2541.077278
997100063,-580.082353
997101063,124.505684
997107688,-10278.80262
997108688,-18680.70946
997109688,-16672.74302
997110688,-9847.942943
997111688,-4739.421883
997112688,-2323.134898
997113688,-858.314503
997114688,108.329939
997115688,331.347098
997116688,191.594882
997117454,-3020.085614
997118454,-10928.24699
997119454,-11539.68639
997120454,-8703.88022
997121454,-7458.619207
997122454,-8123.367434
997123454,-7730.866687
997124454,-4979.661189
997125454,-1781.460938
997126454,-133.678576
997127219,-8209.749066
997128219,-17626.68817
997129219,-16886.93256
997130219,-11646.18901
997131219,-8077.771063
997132219,-6266.814857
997133219,-3988.480821
997134219,-1483.909085
997135219,-109.221569
997136219,182.096806
997136985,-15579.70924
997137985,-20123.68463
997138985,-16399.39591
997139985,-9311.439459
997140985,-1909.087485
997141985,6120.871341
997142985,11939.80165
997143985,10911.93864
997144985,5138.766997
997145985,955.808927
997147727,19812.61426
997148727,21876.56902
997149727,17793.6619
997150727,10115.77344
997151727,-1185.639275
997152727,-16271.20452
997153727,-26837.06737
997154727,-23202.87852
997155727,-10540.3767
997156727,-1808.531456
997157493,-14730.52149
997158493,-34652.30123
997159493,-36874.12365
997160493,-29758.53297
997161493,-21884.78
997162493,-12963.30366
997163493,-3018.407437
997164493,2762.454783
997165493,2660.736475
997166493,919.705551
997167258,-13738.92035
997168258,-21093.12442
997169258,-16894.53321
997170258,-8419.273697
997171258,-2800.592868
997172258,-411.753581
997173258,876.656269
997174258,1331.154419
997175258,842.264861
997176258,262.981728
997177024,-974.217655
997178024,-9412.631727
997179024,-11313.18377
997180024,-9561.361985
997181024,-8773.835875
997182024,-9580.660111
997183024,-9146.469727
997184024,-5986.154676
997185024,-2195.379216
997186024,-190.593871
997187766,-5790.612526
997188766,-17263.72965
997189766,-17188.58583
997190766,-11947.80867
997191766,-9733.83726
997192766,-11061.5346
997193766,-11011.97002
997194766,-7257.387127
997195766,-2625.835812
997196766,-206.714381
997213157,4184.357081
997214157,-8772.097908
997215157,-15158.1391
997216157,-16859.73232
997217157,-18081.64566
997218157,-19221.99871
997219157,-17079.55098
997220157,-10627.83967
997221157,-3778.789287
997222157,-309.642475
997222922,-20863.05874
997223922,-32686.80097
997224922,-27965.19482
997225922,-16376.71581
997226922,-6913.788052
997227922,286.417926
997228922,5784.31561
997229922,6720.519999
997230922,3596.949918
997231922,832.595673
997232688,-16666.49781
997233688,-17211.75951
997234688,-11594.96222
997235688,-2525.198374
997236688,7361.229342
997237688,15778.78381
997238688,18571.94704
997239688,13547.91117
997240688,5533.240551
997241688,824.352856
997242454,23244.08985
997243454,20930.08914
997244454,12972.70377
997245454,3621.63247
997246454,-7365.140049
997247454,-20771.83751
997248454,-28971.04606
997249454,-23532.45877
997250454,-10311.19288
997251454,-1662.252008
997258079,-26681.77497
997259079,-37423.35556
997260079,-29934.4379
997261079,-14851.89879
997262079,-2024.490203
997263079,7681.464521
997264079,13455.56822
997265079,11934.39499
997266079,5607.964647
997267079,1090.452296
997267844,6703.780508
997268844,1346.57841
997269844,-2875.710572
997270844,-5824.381213
997271844,-8860.290487
997272844,-11895.1123
997273844,-12285.83793
997274844,-8482.278058
997275844,-3314.657054
997276844,-408.122784
997277610,-15181.53175
997278610,-19359.28217
997279610,-13792.24667
997280610,-4561.165104
997281610,2434.010491
997282610,6132.621458
997283610,6997.615467
997284610,5127.36653
997285610,2170.97535
997286610,379.940513
997287375,-4890.865218
997288375,-7023.792897
997289375,-5255.310701
997290375,-1018.665239
997291375,2524.936392
997292375,3369.457804
997293375,2043.724404
997294375,531.340598
997295375,-43.651307
997296375,-45.029723
997298118,12524.9188
997299118,2756.856456
997300118,-7105.529219
997301118,-16013.56475
997302118,-22507.16644
997303118,-24132.29696
997304118,-19496.49656
997305118,-10938.23292
997306118,-3559.496503
997307118,-228.97612
997307883,-14897.16541
997308883,-21912.98982
997309883,-16642.84033
997310883,-7414.842596
997311883,-1945.845829
997312883,-246.191319
997313883,499.163919
997314883,888.15131
997315883,623.627323
997316883,219.824124
997317649,-3855.512948
997318649,-11796.16016
997319649,-13217.07232
997320649,-11283.08294
997321649,-9397.809079
997322649,-7140.646078
997323649,-3695.565612
997324649,-732.079189
997325649,320.837496
997326649,257.605673
997327414,-8806.253927
997328414,-12166.24312
997329414,-11903.22613
997330414,-9958.906743
997331414,-5677.366177
997332414,2257.486941
997333414,9572.669918
997334414,9968.337468
997335414,4918.5975
997336414,949.801503
997338157,20109.44108
997339157,24596.03985
997340157,23944.00311
997341157,18290.1154
997342157,4635.723416
997343157,-16130.82924
997344157,-30869.75176
997345157,-27173.96656
997346157,-12311.80017
997347157,-2138.039967
997347922,-18114.15045
997348922,-36456.00659
997349922,-37013.57899
997350922,-27865.13437
997351922,-17554.52783
997352922,-6649.250059
997353922,3388.914711
997354922,7038.714976
997355922,4285.962047
997356922,1116.450126
997357688,-17302.08373
997358688,-20700.72827
997359688,-15310.73556
997360688,-6203.705978
997361688,2494.297715
997362688,9856.461142
997363688,13512.30293
997364688,10805.46601
997365688,4734.297457
997366688,805.891733
997367454,12753.61399
997368454,15856.93546
997369454,14022.9859
997370454,9465.228203
997371454,2391.363807
997372454,-7590.772644
997373454,-15217.05139
997374454,-13891.43654
997375454,-6480.561643
997376454,-1165.84057
997378196,-9070.726512
997379196,-19265.46407
997380196,-21145.19026
997381196,-19082.76058
997382196,-15095.56839
997383196,-6815.66172
997384196,3167.565483
997385196,7194.464479
997386196,4397.530251
997387196,1067.321589
997387961,4048.692655
997388961,7010.808045
997389961,9099.855701
997390961,8818.487087
997391961,4479.681304
997392961,-3569.213745
997393961,-10164.31058
997394961,-9848.064669
997395961,-4692.580163
997396961,-865.691654
997397727,-3440.747838
997398727,-14576.37809
997399727,-17509.41255
997400727,-15580.78508
997401727,-13175.22108
997402727,-10427.65275
997403727,-6348.554321
997404727,-2364.67414
997405727,-267.73664
997406727,218.360383
997407493,-13490.0645
997408493,-19143.68616
997409493,-16018.86325
997410493,-9074.259634
997411493,-2467.49775
997412493,3471.782709
997413493,7430.966913
997414493,6874.917428
997415493,3268.725073
997416493,640.625906
997418235,3961.363133
997419235,1732.031777
997420235,-929.677504
997421235,-3983.200077
997422235,-6692.064549
997423235,-7610.16452
997424235,-6032.11944
997425235,-3150.293381
997426235,-917.934739
997427235,-32.381021
997428000,891.992004
997429000,-2838.781144
997430000,-4424.248059
997431000,-5210.251581
997432000,-6269.779395
997433000,-6685.859998
997434000,-5316.877395
997435000,-2812.620071
997436000,-821.248166
997437000,-13.932693
997437766,-7546.2632
997438766,-10809.53672
997439766,-9441.086158
997440766,-5968.003788
997441766,-2213.451471
997442766,1893.949005
997443766,5036.496384
997444766,4906.755177
997445766,2379.636602
997446766,466.356393
997447532,2485.628339
997448532,1933.02243
997449532,1249.745127
997450532,395.526832
997451532,-1112.75764
997452532,-3048.167513
997453532,-3998.965723
997454532,-3050.3093
997455532,-1265.984276
997456532,-188.733666
997457297,2560.991582
997458297,-868.186158
997459297,-2388.618839
997460297,-3678.605366
997461297,-6223.249504
997462297,-8626.936463
997463297,-8293.678924
997464297,-5127.685127
997465297,-1775.202741
997466297,-161.622545
997468039,-4139.743282
997469039,-6019.18943
997470039,-4264.358737
997471039,-1514.158626
997472039,-248.590849
997473039,-470.189386
997474039,-854.594146
997475039,-689.238938
997476039,-262.831562
997477039,-14.931547
997477805,-1468.759237
997478805,-4949.09259
997479805,-5437.783794
997480805,-4527.015455
997481805,-3969.14492
997482805,-3503.22387
997483805,-2345.215364
997484805,-941.859703
997485805,-132.904688
997486805,67.267958
997487571,-236.025409
997488571,-3610.264543
997489571,-4375.760541
997490571,-4532.443947
997491571,-5465.801022
997492571,-6139.381569
997493571,-5127.27275
997494571,-2834.549081
997495571,-870.343228
997496571,-31.572371
997497336,-6977.669655
997498336,-8316.247935
997499336,-5307.250368
997500336,-884.019366
997501336,2103.510817
997502336,3217.951107
997503336,3058.11247
997504336,2032.352644
997505336,814.463449
997506336,130.498218
997508079,3010.398809
997509079,476.020518
997510079,-1330.707626
997511079,-2162.888946
997512079,-3100.545395
997513079,-4841.395251
997514079,-5964.929584
997515079,-4691.65967
997516079,-2019.310875
997517079,-297.111563
997517844,-8699.514822
997518844,-14768.65443
997519844,-14426.51634
997520844,-10438.68502
997521844,-5333.433851
997522844,508.697504
997523844,5145.222583
997524844,5583.959922
997525844,2824.896445
997526844,595.845051
997527610,253.719938
997528610,211.76125
997529610,367.454662
997530610,483.416953
997531610,203.587463
997532610,-438.806698
997533610,-912.28628
997534610,-802.345467
997535610,-357.713351
997536610,-59.89123
997537375,1841.066629
997538375,976.040619
997539375,556.392672
997540375,-111.944094
997541375,-1760.676789
997542375,-3859.994092
997543375,-4706.683162
997544375,-3446.067863
997545375,-1387.187916
997546375,-192.762743
997548118,-3170.94583
997549118,-5538.302226
997550118,-5086.149732
997551118,-3691.289942
997552118,-2638.254801
997553118,-1449.217864
997554118,6.61506
997555118,763.198722
997556118,547.828926
997557118,156.5883
997557883,-2269.631607
997558883,-5190.32357
997559883,-5957.680848
997560883,-5016.105787
997561883,-3105.992032
997562883,-669.803882
997563883,1294.833843
997564883,1689.186965
997565883,897.779533
997566883,206.577368
997567649,-1124.436441
997568649,-2906.87788
997569649,-3090.339377
997570649,-2262.91371
997571649,-1414.834145
997572649,-750.032502
997573649,-150.545254
997574649,188.421571
997575649,174.742251
997576649,62.2269
997577414,4566.582803
997578414,772.440216
997579414,-1689.361617
997580414,-3262.83386
997581414,-5656.57783
997582414,-8783.979521
997583414,-9842.397162
997584414,-7054.621374
997585414,-2811.379087
997586414,-366.31827
997588157,-10701.31082
997589157,-16329.76569
997590157,-15505.80289
997591157,-10761.1857
997592157,-4193.700305
997593157,3309.911051
997594157,8485.649607
997595157,7915.649272
997596157,3717.282271
997597157,713.418911
997597922,258.912213
997598922,2192.847484
997599922,3101.00555
997600922,3450.191529
997601922,3412.789566
997602922,2445.939751
997603922,751.237252
997604922,-389.196331
997605922,-442.924616
997606922,-145.586021
997607688,6720.485515
997608688,1955.745029
997609688,-2703.050457
997610688,-6785.632139
997611688,-10181.739
997612688,-11789.91993
997613688,-10198.10354
997614688,-6017.097505
997615688,-2042.197351
997616688,-167.25138
997617454,-12453.0569
997618454,-14214.25539
997619454,-9596.900039
997620454,-2506.344462
997621454,3571.55262
997622454,7847.047989
997623454,9345.148516
997624454,7021.44606
997625454,2970.833447
997626454,479.03902
997628196,10278.51645
997629196,8953.268316
997630196,4499.393675
997631196,-1248.264001
997632196,-6843.509783
997633196,-10975.60703
997634196,-11482.40162
997635196,-7780.484293
997636196,-2994.960844
997637196,-392.104215
997637961,-6559.559047
997638961,-3942.454897
997639961,1737.178811
997640961,6776.927132
997641961,8065.226645
997642961,5457.033199
997643961,1574.038412
997644961,-637.632614
997645961,-722.165678
997646961,-230.366696
997647727,1869.663063
997648727,-1456.057869
997649727,-3320.821559
997650727,-3687.787237
997651727,-3863.811553
997652727,-4654.736831
997653727,-5035.026992
997654727,-3720.324921
997655727,-1532.891406
997656727,-197.501709
997657493,-4679.658793
997658493,-9977.05581
997659493,-10616.08403
997660493,-9037.976339
997661493,-6894.609196
997662493,-3462.735692
997663493,510.778592
997664493,2296.196968
997665493,1511.004784
997666493,400.580183
997677024,5366.396356
997678024,5538.845046
997679024,4260.957988
997680024,1440.644615
997681024,-2631.115912
997682024,-6616.396048
997683024,-8054.218605
997684024,-5879.873408
997685024,-2381.238508
997686024,-349.221488
997686789,-5005.34102
997687789,-6731.838392
997688789,-5080.786889
997689789,-2152.54651
997690789,110.734549
997691789,1383.576028
997692789,1800.313015
997693789,1377.933382
997694789,598.475106
997695789,114.892489
997696555,-9.047009
997697555,-1216.684562
997698555,-1245.487096
997699555,-653.067037
997700555,-575.524059
997701555,-1447.624358
997702555,-2329.825919
997703555,-2052.245107
997704555,-935.280013
997705555,-147.686463
997706321,374.389517
997707321,-6102.118695
997708321,-8784.226378
997709321,-8791.427487
997710321,-8286.703165
997711321,-7584.564316
997712321,-5838.326183
997713321,-3195.120125
997714321,-986.570375
997715321,-14.700962
997717063,-9187.045477
997718063,-17836.99843
997719063,-19024.95604
997720063,-15319.86746
997721063,-9263.751816
997722063,-1101.826809
997723063,6160.725851
997724063,7570.770926
997725063,4008.05819
997726063,873.99507
997726829,1601.954571
997727829,5495.329232
997728829,7598.271887
997729829,7574.396125
997730829,5389.781294
997731829,1306.730889
997732829,-2518.768789
997733829,-3409.040552
997734829,-1831.558124
997735829,-402.19369
997736594,2033.718893
997737594,-860.496575
997738594,-3398.396981
997739594,-4717.071972
997740594,-4753.106594
997741594,-3714.694702
997742594,-2055.289592
997743594,-639.757838
997744594,-15.2381
997745594,77.105851
997746360,-904.117324
997747360,-1390.002958
997748360,-375.351315
997749360,654.503806
997750360,289.190366
997751360,-1279.058269
997752360,-2482.890136
997753360,-2169.115895
997754360,-965.894761
997755360,-154.953455
997757102,-1861.894148
997758102,-4735.076643
997759102,-4890.511142
997760102,-3625.025703
997761102,-2571.722491
997762102,-1906.443459
997763102,-1180.505092
997764102,-463.061494
997765102,-59.369272
997766102,46.272025
997766868,-360.818746
997767868,-3524.817408
997768868,-3666.033579
997769868,-2348.036759
997770868,-2219.440214
997771868,-3745.656425
997772868,-4818.48523
997773868,-3736.414495
997774868,-1553.911144
997775868,-207.350653
997776633,-7079.394033
997777633,-12934.56957
997778633,-12756.76171
997779633,-9259.910866
997780633,-5157.924654
997781633,-676.697705
997782633,3107.525982
997783633,3868.002449
997784633,2065.856486
997785633,466.479234
997786399,1486.723759
997787399,-122.506516
997788399,-388.971706
997789399,-113.225051
997790399,-1069.341256
997791399,-3592.937695
997792399,-5453.455302
997793399,-4537.659396
997794399,-1989.130767
997795399,-309.554279
997797141,-3371.859816
997798141,-10092.33088
997799141,-11386.33853
997800141,-9980.962355
997801141,-8476.131019
997802141,-6263.230892
997803141,-2890.870845
997804141,-229.344907
997805141,490.152977
997806141,264.066715
997806907,-7727.628533
997807907,-9897.359439
997808907,-7036.403629
997809907,-2546.133062
997810907,642.496272
997811907,2410.405928
997812907,3131.395048
997813907,2517.249669
997814907,1136.070004
997815907,213.735779
997816672,4227.546423
997817672,1338.264909
997818672,-57.084866
997819672,-645.311869
997820672,-2880.717474
997821672,-7246.175215
997822672,-10124.12309
997823672,-8157.676856
997824672,-3516.912737
997825672,-535.556474
997826438,-11467.36167
997827438,-17223.29693
997828438,-14963.83883
997829438,-9249.901418
997830438,-3809.449292
997831438,1392.444238
997832438,5387.573708
997833438,5574.301624
997834438,2795.492288
997835438,583.965285
997837180,1522.024654
997838180,293.078785
997839180,-261.68131
997840180,-797.219436
997841180,-2064.30083
997842180,-3796.873577
997843180,-4568.383055
997844180,-3419.869842
997845180,-1413.882114
997846180,-199.956737
997846946,-2276.087214
997847946,-5734.084131
997848946,-5562.473263
997849946,-4084.789256
997850946,-3559.608924
997851946,-3804.425808
997852946,-3462.289268
997853946,-2142.002869
997854946,-738.165571
997855946,-43.883918
997856711,-3671.53273
997857711,-8129.295516
997858711,-7480.144289
997859711,-4219.996127
997860711,-2148.517143
997861711,-2241.418168
997862711,-2729.338827
997863711,-2100.294417
997864711,-842.635693
997865711,-79.792186
997866477,-2438.596003
997867477,-9924.538883
997868477,-11727.63961
997869477,-10409.73059
997870477,-9015.898966
997871477,-7364.378599
997872477,-4568.172556
997873477,-1708.075972
997874477,-191.464595
997875477,152.966484
997876243,-7006.833857
997877243,-10582.70084
997878243,-8675.449547
997879243,-4854.320313
997880243,-2100.952719
997881243,-283.044682
997882243,1101.646191
997883243,1451.024354
997884243,815.877053
997885243,206.470062
997886985,615.19611
997887985,-3056.262414
997888985,-3843.388871
997889985,-3549.372171
997890985,-4429.053934
997891985,-6060.053781
997892985,-6215.389598
997893985,-4126.264116
997894985,-1528.556392
997895985,-158.997677
997896750,-5341.980976
997897750,-11228.6819
997898750,-10883.82529
997899750,-7073.544165
997900750,-3794.0285
997901750,-2046.066596
997902750,-936.237025
997903750,-147.902953
997904750,140.769195
997905750,119.357764
997906516,-3042.273759
997907516,-7021.186928
997908516,-6424.778591
997909516,-4093.403546
997910516,-3162.722881
997911516,-3558.148741
997912516,-3429.632821
997913516,-2149.573271
997914516,-728.59612
997915516,-37.675844
997916282,-3898.373709
997917282,-8708.463319
997918282,-8346.770009
997919282,-5918.106414
997920282,-4518.730655
997921282,-3928.812652
997922282,-2823.510638
997923282,-1316.345358
997924282,-287.430436
997925282,58.352039
997927024,-5445.629433
997928024,-9423.01701
997929024,-7810.655799
997930024,-4371.013186
997931024,-2603.872168
997932024,-2195.220233
997933024,-1560.974605
997934024,-621.928222
997935024,-54.803049
997936024,73.426978
997936789,-2845.201209
997937789,-6990.537553
997938789,-6717.598958
997939789,-4413.13915
997940789,-3119.026229
997941789,-3251.267767
997942789,-3268.545451
997943789,-2227.139917
997944789,-831.353201
997945789,-65.766471
997946555,-4214.241285
997947555,-9955.526802
997948555,-10326.12817
997949555,-7843.77331
997950555,-5502.732362
997951555,-3678.131639
997952555,-1848.381503
997953555,-431.622167
997954555,113.917852
997955555,136.290668
997956321,-2275.555082
997957321,-7771.932445
997958321,-7388.568947
997959321,-4282.459661
997960321,-3281.028525
997961321,-5250.158785
997962321,-6845.685286
997963321,-5356.7225
997964321,-2231.801637
997965321,-289.401221
997967063,-10216.79369
997968063,-19178.67349
997969063,-18460.56702
997970063,-12776.75949
997971063,-7242.280842
997972063,-2299.04296
997973063,1928.423684
997974063,3338.905082
997975063,1983.521727
997976063,512.72524
997976829,-3525.96242
997977829,-7118.785729
997978829,-6395.022986
997979829,-4133.108968
997980829,-3030.190918
997981829,-2926.15399
997982829,-2472.788303
997983829,-1399.075847
997984829,-422.478199
997985829,5.67049
997986594,-2732.25298
997987594,-7616.597901
997988594,-7873.06484
997989594,-6007.145117
997990594,-4863.877464
997991594,-4510.682362
997992594,-3657.069007
997993594,-2064.81
997994594,-642.548062
997995594,-3.627701
997996360,-3844.802738
997997360,-9596.541444
997998360,-9369.825707
997999360,-6400.330087
998000360,-4707.820129
998001360,-4610.658076
998002360,-4123.655961
998003360,-2493.343831
998004360,-814.323078
998005360,-21.394915
998007102,-4748.892972
998008102,-11487.8136
998009102,-11413.54024
998010102,-7761.439051
998011102,-5075.635656
998012102,-4102.938314
998013102,-3145.004352
998014102,-1634.242354
998015102,-414.649208
998016102,55.952407
998016868,-4738.510251
998017868,-10803.85384
998018868,-10369.99412
998019868,-7001.731507
998020868,-4913.774175
998021868,-4445.527832
998022868,-3732.71971
998023868,-2145.540559
998024868,-656.195906
998025868,9.570207
998026633,-4335.907155
998027633,-10834.37485
998028633,-10415.74458
998029633,-6817.550749
998030633,-4878.294012
998031633,-5075.596762
998032633,-4889.395802
998033633,-3135.787075
998034633,-1088.588831
998035633,-58.512611
998036399,-5325.124482
998037399,-13797.66791
998038399,-14407.12543
998039399,-10617.17199
998040399,-7301.411906
998041399,-5445.526559
998042399,-3696.29252
998043399,-1744.963158
998044399,-389.452089
998045399,93.511293
998047141,-7015.65386
998048141,-14435.9324
998049141,-13913.51723
998050141,-9506.211371
998051141,-5909.402138
998052141,-3752.650646
998053141,-1935.101001
998054141,-500.430588
998055141,102.589688
998056141,154.501363
998056907,-3060.001381
998057907,-11062.14835
998058907,-12126.06467
998059907,-9958.51779
998060907,-8844.990786
998061907,-8598.099671
998062907,-6955.12627
998063907,-3821.098694
998064907,-1141.397154
998065907,-0.364046
998066672,-9088.51309
998067672,-16168.1633
998068672,-14650.12352
998069672,-9392.100504
998070672,-5258.252993
998071672,-2426.221695
998072672,2.321321
998073672,1205.489797
998074672,898.943086
998075672,290.749823
998076438,-1726.560794
998077438,-7550.493346
998078438,-8071.095483
998079438,-6280.985467
998080438,-5895.673028
998081438,-6879.787536
998082438,-6697.403944
998083438,-4345.889094
998084438,-1568.341738
998085438,-131.756561
998087180,-3809.887025
998088180,-11249.67195
998089180,-11428.31481
998090180,-8232.454113
998091180,-6608.407067
998092180,-7001.945736
998093180,-6696.623047
998094180,-4357.834154
998095180,-1569.81492
998096180,-114.606166
998096946,-8650.607005
998097946,-16884.84954
998098946,-15390.7033
998099946,-9880.308384
998100946,-6334.636198
998101946,-4840.787248
998102946,-3168.297267
998103946,-1235.186587
998104946,-114.913848
998105946,147.604556
998106711,-6153.269087
998107711,-13869.84821
998108711,-13528.1378
998109711,-9568.464786
998110711,-6887.81435
998111711,-5630.428767
998112711,-3948.004337
998113711,-1811.121613
998114711,-370.768377
998115711,100.393572
998116477,-3733.255841
998117477,-11997.32899
998118477,-13167.6342
998119477,-10698.76613
998120477,-8775.769608
998121477,-7679.174758
998122477,-5813.612729
998123477,-3096.836342
998124477,-901.169766
998125477,26.82669
998126243,-7359.419752
998127243,-14996.85144
998128243,-13958.51698
998129243,-8852.724393
998130243,-5236.8637
998131243,-3895.374564
998132243,-2910.335542
998133243,-1521.308519
998134243,-388.158443
998135243,66.806438
998136985,-4713.87975
998137985,-13359.8612
998138985,-13854.85894
998139985,-10265.41274
998140985,-7865.077512
998141985,-7217.100741
998142985,-6002.105187
998143985,-3470.7094
998144985,-1094.849521
998145985,-9.043553
998146750,-6321.297336
998147750,-15744.3339
998148750,-15713.45408
998149750,-11303.01881
998150750,-8478.236435
998151750,-7512.921339
998152750,-5851.845169
998153750,-3089.167244
998154750,-845.898131
998155750,55.526271
998156516,-5773.425542
998157516,-15022.08635
998158516,-14924.76296
998159516,-10658.86149
998160516,-8318.432588
998161516,-8135.25839
998162516,-7057.33404
998163516,-4170.466194
998164516,-1343.84207
998165516,-31.582057
998172141,-7314.568213
998173141,-16028.3688
998174141,-15132.6266
998175141,-9924.03457
998176141,-6648.42925
998177141,-5808.638662
998178141,-4761.506457
998179141,-2661.438481
998180141,-776.116805
998181141,35.962214
998187766,-6692.863448
998188766,-16255.01959
998189766,-16105.82394
998190766,-11381.18438
998191766,-8229.915479
998192766,-7138.351938
998193766,-5609.833701
998194766,-3042.401324
998195766,-871.206396
998196766,43.464474
998197532,-7100.425936
998198532,-16780.70549
998199532,-16199.55197
998200532,-11154.93349
998201532,-8247.216963
998202532,-7623.028406
998203532,-6233.941856
998204532,-3437.201251
998205532,-999.772796
998206532,31.877839
998207297,-7472.464084
998208297,-18432.85696
998209297,-18373.22159
998210297,-13421.34386
998211297,-10382.59118
998212297,-9171.808753
998213297,-6815.317451
998214297,-3325.101826
998215297,-788.563636
998216297,112.262882
998217063,-8756.713974
998218063,-18284.73648
998219063,-16742.58557
998220063,-10327.33778
998221063,-6420.869664
998222063,-5749.432794
998223063,-5090.73781
998224063,-3062.70742
998225063,-972.221189
998226063,7.22209
998227805,-8572.676763
998228805,-20078.96946
998229805,-21150.45074
998230805,-16407.75284
998231805,-11347.95462
998232805,-6728.804312
998233805,-2267.629789
998234805,464.135597
998235805,845.803422
998236805,380.456985
998237571,-4942.914925
998238571,-13503.12982
998239571,-13327.20545
998240571,-9235.730486
998241571,-7211.194857
998242571,-7769.443424
998243571,-7622.61056
998244571,-5061.496762
998245571,-1857.473848
998246571,-146.560334
998247336,-7986.7025
998248336,-20540.40427
998249336,-21029.44865
998250336,-15866.24943
998251336,-12315.37624
998252336,-10416.0493
998253336,-7333.005298
998254336,-3378.805658
998255336,-720.992959
998256336,157.179317
998257102,-10332.19032
998258102,-22090.52683
998259102,-20948.06724
998260102,-13941.60202
998261102,-9227.018129
998262102,-7263.201064
998263102,-4975.822684
998264102,-2116.696984
998265102,-312.080739
998266102,185.052883
998267844,-5924.276544
998268844,-15982.39839
998269844,-15599.57536
998270844,-10719.8853
998271844,-8574.235089
998272844,-9455.629516
998273844,-9149.564606
998274844,-5880.221265
998275844,-2070.094167
998276844,-138.177955
998277610,-10932.21029
998278610,-23040.38987
998279610,-21999.05823
998280610,-14745.70213
998281610,-9426.724154
998282610,-6901.388571
998283610,-4524.711696
998284610,-1909.153803
998285610,-282.974377
998286610,182.880949
998287375,-5352.404118
998288375,-18826.33244
998289375,-20441.78747
998290375,-16504.38796
998291375,-14413.79493
998292375,-14047.50036
998293375,-11583.74429
998294375,-6555.703439
998295375,-2045.673946
998296375,-35.624752
998297141,-14338.33401
998298141,-26737.56711
998299141,-24618.55527
998300141,-16351.03825
998301141,-10169.15265
998302141,-6111.964304
998303141,-2168.757742
998304141,503.390531
998305141,905.997863
998306141,409.095018
998307883,-7256.949859
998308883,-17714.73226
998309883,-18435.88826
998310883,-14548.29794
998311883,-11296.21047
998312883,-8125.072502
998313883,-3745.96486
998314883,-252.162703
998315883,694.264638
998316883,375.467041
998317649,-2602.457774
998318649,-10034.04444
998319649,-9815.834022
998320649,-6401.985316
998321649,-5798.769004
998322649,-8566.722014
998323649,-10229.54077
998324649,-7642.107789
998325649,-3101.241253
998326649,-383.90037
998327414,-7714.04328
998328414,-21588.20542
998329414,-22605.17804
998330414,-17192.26766
998331414,-13323.73757
998332414,-11547.69652
998333414,-8688.125844
998334414,-4464.136662
998335414,-1188.521704
998336414,94.84969
998337180,-12801.13512
998338180,-24586.38145
998339180,-22758.39597
998340180,-14715.18717
998341180,-8630.715875
998342180,-5327.852182
998343180,-2620.001028
998344180,-491.468404
998345180,298.977594
998346180,268.142343
998347922,-4503.164469
998348922,-17048.99329
998349922,-18874.18227
998350922,-14684.00128
998351922,-11679.78861
998352922,-11184.49499
998353922,-9893.334885
998354922,-6150.186486
998355922,-2128.918446
998356922,-112.688416
998357688,-12125.50308
998358688,-25385.63769
998359688,-24321.87795
998360688,-16819.62622
998361688,-11368.20768
998362688,-8249.322985
998363688,-4811.918192
998364688,-1529.651118
998365688,49.507259
998366688,282.671384
998367454,-7626.857901
998368454,-19337.98934
998369454,-19026.34179
998370454,-13169.80104
998371454,-9759.872672
998372454,-9387.121282
998373454,-8220.489461
998374454,-4906.528946
998375454,-1588.767624
998376454,-33.903838
998397727,-9800.571739
998398727,-22731.84396
998399727,-23076.32101
998400727,-17350.65086
998401727,-12658.19638
998402727,-9108.739386
998403727,-4854.846264
998404727,-1183.596709
998405727,284.102871
998406727,334.372553
998413352,-7580.998484
998414352,-20159.88518
998415352,-20562.23026
998416352,-15090.11395
998417352,-11499.81751
998418352,-10496.24691
998419352,-8683.71881
998420352,-5004.494918
998421352,-1573.943157
998422352,-8.349149
998428000,-10646.57133
998429000,-22778.38397
998430000,-21657.98815
998431000,-14339.38543
998432000,-9242.694911
998433000,-7206.233299
998434000,-5170.010751
998435000,-2461.764492
998436000,-521.848131
998437000,143.772767
998437766,-7572.205966
998438766,-19172.22566
998439766,-19204.1419
998440766,-13635.25255
998441766,-9951.45601
998442766,-8889.900469
998443766,-7255.265971
998444766,-4081.031949
998445766,-1225.256089
998446766,25.605038
998447532,-8448.894074
998448532,-20270.17064
998449532,-19893.85998
998450532,-13936.1774
998451532,-10188.27928
998452532,-9207.90042
998453532,-7584.107266
998454532,-4306.681796
998455532,-1313.143622
998456532,17.424409
998457297,-9670.458682
998458297,-22676.76915
998459297,-22714.08784
998460297,-16447.57494
998461297,-11686.469
998462297,-8923.588036
998463297,-5651.08816
998464297,-2199.478033
998465297,-248.677864
998466297,228.774804
998468039,-9281.238862
998469039,-19986.53403
998470039,-18842.1157
998471039,-12420.73939
998472039,-8315.374048
998473039,-6992.352548
998474039,-5351.576003
998475039,-2725.050891
998476039,-672.914591
998477039,98.179384
998477805,-9817.162896
998478805,-20486.93839
998479805,-19581.29824
998480805,-12873.51486
998481805,-7653.786862
998482805,-5007.745057
998483805,-2845.64623
998484805,-877.122843
998485805,77.755723
998486805,206.739181
998487571,-6922.348146
998488571,-15076.83143
998489571,-13605.86524
998490571,-7866.620004
998491571,-4756.623583
998492571,-5411.183239
998493571,-6256.2733
998494571,-4657.189597
998495571,-1854.337799
998496571,-185.312054
998497336,-3837.973445
998498336,-17978.10129
998499336,-20494.6788
998500336,-17074.26814
998501336,-15230.24301
998502336,-15267.93611
998503336,-13117.58663
998504336,-7779.684175
998505336,-2573.243086
998506336,-114.201993
998508079,-15362.66923
998509079,-30203.78529
998510079,-28765.07811
998511079,-19811.80975
998512079,-12515.26757
998513079,-7312.136932
998514079,-2390.065795
998515079,757.164924
998516079,1132.527343
998517079,491.428966
998517844,-9616.208166
998518844,-20638.76716
998519844,-19510.40935
998520844,-13096.74851
998521844,-8996.550294
998522844,-7373.663943
998523844,-5219.489284
998524844,-2355.25443
998525844,-442.184737
998526844,152.299084
998527610,-7546.72694
998528610,-18021.0603
998529610,-17813.27025
998530610,-12633.40827
998531610,-9175.585839
998532610,-7930.425522
998533610,-6189.070575
998534610,-3334.224142
998535610,-946.281105
998536610,51.987732
998537375,-7391.743217
998538375,-18642.51154
998539375,-18631.17208
998540375,-13324.09408
998541375,-9932.13966
998542375,-8865.924009
998543375,-6997.673865
998544375,-3740.547951
998545375,-1040.784295
998546375,58.694089
998548118,-10239.76055
998549118,-21193.48899
998550118,-19727.58064
998551118,-12781.11698
998552118,-8238.547085
998553118,-6517.237295
998554118,-4588.739146
998555118,-2045.439859
998556118,-353.262089
998557118,156.235913
998557883,-8128.11832
998558883,-17870.56779
998559883,-16850.1528
998560883,-10695.00952
998561883,-6657.24975
998562883,-5858.811085
998563883,-5259.700016
998564883,-3264.322804
998565883,-1080.69376
998566883,-12.146217
998567649,-7082.973879
998568649,-18663.9076
998569649,-19638.89433
998570649,-15395.48296
998571649,-12014.06433
998572649,-9532.622817
998573649,-5996.109613
998574649,-2291.54967
998575649,-257.218975
998576649,221.836045
998577414,-12075.58035
998578414,-18716.92348
998579414,-15696.32329
998580414,-8870.637855
998581414,-3607.442045
998582414,-123.644159
998583414,2272.849959
998584414,2704.763481
998585414,1468.178783
998586414,363.542407
998588157,3959.376273
998589157,-4010.961235
998590157,-6511.781316
998591157,-5878.579522
998592157,-7602.246253
998593157,-12955.96073
998594157,-16358.135
998595157,-12725.59102
998596157,-5370.376439
998597157,-758.695585
998597922,-16301.40982
998598922,-32151.66977
998599922,-31222.26034
998600922,-21957.86929
998601922,-13481.35356
998602922,-6500.257806
998603922,-220.039708
998604922,2834.826982
998605922,2122.487425
998606922,676.370315
998607688,-8435.603354
998608688,-18361.88332
998609688,-18365.61324
998610688,-13943.81531
998611688,-10355.11221
998612688,-7061.169001
998613688,-2894.300382
998614688,178.675601
998615688,807.562971
998616688,375.900098
998617454,-4394.408513
998618454,-10599.51824
998619454,-9806.161054
998620454,-6193.854359
998621454,-4650.884831
998622454,-5478.790947
998623454,-5828.699475
998624454,-4078.048229
998625454,-1564.5285
998626454,-149.642774
998627219,-7325.090917
998628219,-19760.10195
998629219,-22658.11945
998630219,-20093.04009
998631219,-15853.07941
998632219,-9144.955847
998633219,-1149.075223
998634219,3125.863329
998635219,2471.108421
998636219,744.555872
998668235,-7524.96699
998669235,-12011.70739
998670235,-9249.339274
998671235,-4394.009496
998672235,-2173.203067
998673235,-1960.186809
998674235,-1380.743134
998675235,-361.494703
998676235,127.060156
998677235,119.976585
998678000,6732.767118
998679000,1314.363783
998680000,-510.021491
998681000,-1025.110219
998682000,-5296.75956
998683000,-13857.42748
998684000,-19447.13832
998685000,-15662.26157
998686000,-6748.578505
998687000,-1026.353396
998687766,-17101.5275
998688766,-29932.24786
998689766,-25892.8626
998690766,-14541.21019
998691766,-6607.245136
998692766,-3358.816038
998693766,-1503.819012
998694766,-74.314749
998695766,395.196304
998696766,273.715684
998697532,-4582.389193
998698532,-19915.76148
998699532,-23429.23361
998700532,-20596.98906
998701532,-18125.19013
998702532,-15928.31725
998703532,-11397.27533
998704532,-5517.076736
998705532,-1375.475899
998706532,135.560638
998708274,-20195.4836
998709274,-31398.55663
998710274,-26149.78933
998711274,-13522.90316
998712274,-3494.28587
998713274,2420.619897
998714274,5550.438669
998715274,5296.463829
998716274,2650.814323
998717274,603.033656
998718039,-6066.372466
998719039,-14146.38142
998720039,-16927.74339
998721039,-16884.92972
998722039,-14065.59618
998723039,-6116.042505
998724039,3570.631953
998725039,7250.154963
998726039,4320.143204
998727039,1014.870978
998727805,11509.02409
998728805,15804.85611
998729805,17674.82599
998730805,16995.22824
998731805,9753.770313
998732805,-6151.748897
998733805,-20774.98631
998734805,-21030.6781
998735805,-10239.13801
998736805,-1917.488754
998737571,-19960.31901
998738571,-42188.31529
998739571,-46466.4817
998740571,-38798.53055
998741571,-25204.37571
998742571,-6366.49224
998743571,10851.86555
998744571,15224.45511
998745571,8355.599611
998746571,1914.820385
998748313,7370.160508
998749313,5790.395907
998750313,6941.391137
998751313,6520.181443
998752313,-1036.891078
998753313,-14322.08349
998754313,-22883.34211
998755313,-18887.96593
998756313,-8206.576733
998757313,-1309.958485
998758079,-19332.19994
998759079,-34838.58757
998760079,-34511.79352
998761079,-26584.40649
998762079,-17140.12654
998763079,-4794.438909
998764079,7406.665805
998765079,10995.50237
998766079,6189.056249
998767079,1437.663345
998772727,24398.52141
998773727,31673.06234
998774727,29518.47164
998775727,21846.94736
998776727,8089.980693
998777727,-13203.44306
998778727,-30529.87063
998779727,-28869.17373
998780727,-13683.49654
998781727,-2508.338591
998803000,3382.360039
998804000,1355.975977
998805000,787.890521
998806000,-207.47864
998807000,-3589.313006
998808000,-8199.114227
998809000,-10140.87049
998810000,-7458.38486
998811000,-3005.446529
998812000,-417.283911
998812766,-4603.225101
998813766,-7273.194002
998814766,-3457.196694
998815766,2286.736276
998816766,3533.761505
998817766,-1297.868526
998818766,-6912.325145
998819766,-7344.726595
998820766,-3586.723566
998821766,-632.788453
998822532,-2368.159494
998823532,-17202.51834
998824532,-20970.04966
998825532,-18284.31553
998826532,-16276.47457
998827532,-15697.03933
998828532,-13057.51605
998829532,-7585.637067
998830532,-2462.659347
998831532,-86.79937
998832297,-24026.63478
998833297,-34757.2099
998834297,-29473.4592
998835297,-18049.87056
998836297,-7605.833869
998837297,3099.327555
998838297,12118.49686
998839297,12823.10985
998840297,6511.587946
998841297,1347.616833
998843039,5887.862927
998844039,11420.21065
998845039,14019.30772
998846039,13224.69291
998847039,8040.769483
998848039,-1329.768985
998849039,-9443.728503
998850039,-10023.35525
998851039,-4961.55259
998852039,-976.569731
998852805,-2852.562563
998853805,-11834.55512
998854805,-15108.93117
998855805,-14002.33992
998856805,-10909.97481
998857805,-6645.252158
998858805,-2275.185367
998859805,282.69702
998860805,665.740631
998861805,305.531385
998862571,-2016.686973
998863571,-9874.831701
998864571,-11528.57063
998865571,-10364.90651
998866571,-9944.608887
998867571,-9516.150948
998868571,-7109.54695
998869571,-3490.815493
998870571,-881.734564
998871571,63.026436
998872336,-10002.612
998873336,-16635.77456
998874336,-14863.26321
998875336,-9372.273711
998876336,-4603.54095
998877336,-877.056029
998878336,1909.526881
998879336,2567.314119
998880336,1425.001215
998881336,359.031335
998883079,1522.99238
998884079,-5901.549144
998885079,-8254.451086
998886079,-7849.555213
998887079,-8626.08295
998888079,-10524.1451
998889079,-10252.72228
998890079,-6621.8319
998891079,-2389.596385
998892079,-219.094305
998892844,-17177.36994
998893844,-21907.1787
998894844,-17086.12699
998895844,-8250.735404
998896844,231.536061
998897844,7781.369534
998898844,12145.02619
998899844,10222.38967
998900844,4609.782859
998901844,824.872836
998907493,-3412.975871
998908493,-7488.171368
998909493,-7195.505562
998910493,-5029.434318
998911493,-3677.284738
998912493,-2995.638765
998913493,-1877.034057
998914493,-606.539767
998915493,22.940554
998916493,100.677112
998917258,367.7995
998918258,-456.847215
998919258,1801.226309
998920258,4531.100985
998921258,3273.386633
998922258,-3003.359486
998923258,-8961.545777
998924258,-8784.505092
998925258,-4162.049383
998926258,-734.136631
998927024,-9980.751285
998928024,-16636.24149
998929024,-14830.19916
998930024,-9100.625803
998931024,-4089.158731
998932024,-287.459407
998933024,2434.42075
998934024,2926.023383
998935024,1575.941586
998936024,380.067638
998936789,-1788.510879
998937789,-6424.375784
998938789,-7036.938878
998939789,-5520.029633
998940789,-4515.69587
998941789,-4107.856385
998942789,-3089.373433
998943789,-1508.93533
998944789,-357.351128
998945789,44.911594
998947532,3187.035266
998948532,476.943044
998949532,-684.963643
998950532,-2203.102747
998951532,-5573.892064
998952532,-9320.725208
998953532,-10117.66643
998954532,-6915.454376
998955532,-2640.81894
998956532,-322.914705
998957297,-9687.369536
998958297,-12025.91746
998959297,-8601.895746
998960297,-3675.872483
998961297,-112.958161
998962297,2650.009658
998963297,4582.755291
998964297,4172.330173
998965297,1994.118484
998966297,383.734965
998967063,6922.743222
998968063,8143.544246
998969063,8497.971194
998970063,7610.987919
998971063,3119.817289
998972063,-5736.8412
998973063,-13184.53718
998974063,-12406.99031
998975063,-5837.320463
998976063,-1043.994802
998976829,-14206.33874
998977829,-23408.20353
998978829,-23161.68006
998979829,-17600.78218
998980829,-9519.760813
998981829,1270.283249
998982829,10458.27815
998983829,11350.71232
998984829,5724.735364
998985829,1174.51979
998987571,3119.505703
998988571,4553.79779
998989571,4082.397295
998990571,2536.251289
998991571,739.995051
998992571,-1204.884629
998993571,-2663.644879
998994571,-2540.661257
998995571,-1232.300424
998996571,-237.364142
998997336,-798.712338
998998336,-5499.598498
998999336,-8367.45115
999000336,-9590.332314
999001336,-8646.206656
999002336,-4681.447274
999003336,306.33703
999004336,2570.672487
999005336,1710.85943
999006336,443.008537
999007102,2438.072873
999008102,1998.542412
999009102,1436.110546
999010102,166.553255
999011102,-2044.22066
999012102,-4347.463883
999013102,-5107.290745
999014102,-3668.013719
999015102,-1465.946481
999016102,-204.618083
999016868,-1737.545256
999017868,-3735.60267
999018868,-2896.890363
999019868,-1292.135642
999020868,-1165.597568
999021868,-2434.845848
999022868,-3245.914745
999023868,-2478.529026
999024868,-1005.314666
999025868,-127.417736
999027610,1070.102804
999028610,-2577.179721
999029610,-3306.683939
999030610,-4203.926735
999031610,-7096.587094
999032610,-9602.932805
999033610,-8683.527451
999034610,-4959.362615
999035610,-1560.134416
999036610,-94.484866
999037375,-5713.793297
999038375,-10574.69648
999039375,-10412.27905
999040375,-7988.483865
999041375,-5377.257989
999042375,-2123.483022
999043375,1223.094677
999044375,2463.608318
999045375,1483.494671
999046375,371.778487
999047141,6103.877915
999048141,3179.294071
999049141,1947.453018
999050141,1172.782772
999051141,-2573.561479
999052141,-9795.134267
999053141,-14848.97353
999054141,-12344.42109
999055141,-5426.445379
999056141,-861.0934
999056907,-20908.94964
999057907,-30821.75054
999058907,-28256.1663
999059907,-19499.90236
999060907,-8561.661666
999061907,5113.973626
999062907,16284.9733
999063907,16373.48275
999064907,8034.788205
999065907,1579.188387
999067649,10281.23875
999068649,12739.46962
999069649,9687.775858
999070649,3771.92243
999071649,-2121.160048
999072649,-6571.650603
999073649,-8100.925333
999074649,-6002.534758
999075649,-2491.011861
999076649,-401.791251
999077414,-2755.711121
999078414,-4029.69164
999079414,-3947.199254
999080414,-2690.444305
999081414,-596.111733
999082414,1841.322916
999083414,3349.988654
999084414,2886.255848
999085414,1302.232072
999086414,231.694826
999087180,-4541.015347
999088180,1373.099566
999089180,5502.3034
999090180,7843.450961
999091180,9545.016308
999092180,10401.09799
999093180,9004.22755
999094180,5394.135066
999095180,1849.871265
999096180,142.030619
999096946,10883.65352
999097946,14007.86826
999098946,10773.33724
999099946,5309.416794
999100946,584.410603
999101946,-3652.183485
999102946,-6563.574521
999103946,-5931.748567
999104946,-2801.87862
999105946,-529.027946
999106711,769.21452
999107711,-806.787367
999108711,-846.380722
999109711,-607.364891
999110711,-1644.502338
999111711,-3737.712173
999112711,-4880.311996
999113711,-3746.807072
999114711,-1557.471778
999115711,-221.573216
999117454,-5245.183559
999118454,-6920.663573
999119454,-4853.098163
999120454,-1603.09956
999121454,456.827356
999122454,1111.491913
999123454,1067.309751
999124454,716.467617
999125454,303.455316
999126454,65.249746
999127219,-52.119887
999128219,-2839.182072
999129219,-3063.923073
999130219,-1586.868177
999131219,-946.849405
999132219,-2300.717347
999133219,-3897.573443
999134219,-3490.17159
999135219,-1592.415452
999136219,-247.946485
999136985,-1853.929713
999137985,-10754.76434
999138985,-13241.89929
999139985,-12300.14727
999140985,-11429.0547
999141985,-9968.132768
999142985,-6467.369786
999143985,-2502.799449
999144985,-316.884849
999145985,189.659297
999146750,-3226.27925
999147750,-2758.236988
999148750,3039.786886
999149750,8691.470318
999150750,7433.467548
999151750,-1354.011609
999152750,-9866.200924
999153750,-10381.41571
999154750,-5027.811935
999155750,-920.202995
999157493,-26043.94415
999158493,-28319.5509
999159493,-18114.30234
999160493,-4005.386516
999161493,7717.125438
999162493,16835.94144
999163493,20999.13431
999164493,16386.74299
999165493,7102.144444
999166493,1159.868544
999167258,13747.41517
999168258,19147.69475
999169258,16315.50832
999170258,9925.316022
999171258,3280.076328
999172258,-3910.534953
999173258,-9435.883366
999174258,-9097.051527
999175258,-4404.239656
999176258,-854.776199
999177024,-1336.935427
999178024,-4639.622081
999179024,-4945.445451
999180024,-3466.522465
999181024,-2403.479422
999182024,-2414.366708
999183024,-2491.933867
999184024,-1769.858665
999185024,-687.765705
999186024,-63.623418
999186789,-4775.94205
999187789,-8919.240534
999188789,-8986.181405
999189789,-6981.266136
999190789,-4490.789557
999191789,-1359.277314
999192789,1593.76893
999193789,2457.679306
999194789,1386.776243
999195789,329.643737
999197532,-2935.258441
999198532,-3592.545931
999199532,-2269.651666
999200532,-440.167952
999201532,594.703079
999202532,813.602558
999203532,702.724594
999204532,468.165298
999205532,200.102751
999206532,38.613398
999207297,898.100848
999208297,-585.759481
999209297,-1152.01045
999210297,-1033.642527
999211297,-1232.838138
999212297,-2122.120077
999213297,-2766.946607
999214297,-2200.256982
999215297,-942.079973
999216297,-136.126315
999217063,-1089.943929
999218063,-3899.233381
999219063,-4290.614201
999220063,-3329.839523
999221063,-2619.387705
999222063,-2522.638856
999223063,-2315.692218
999224063,-1511.59343
999225063,-552.519779
999226063,-39.962978
999226829,-2533.313528
999227829,-5975.594907
999228829,-5686.025488
999229829,-3498.356144
999230829,-2106.051279
999231829,-2099.679212
999232829,-2220.659942
999233829,-1561.216814
999234829,-585.757854
999235829,-43.016712
999237571,-2017.972313
999238571,-6570.563678
999239571,-7237.477548
999240571,-6002.518189
999241571,-5102.404108
999242571,-4443.339556
999243571,-3128.298647
999244571,-1451.55425
999245571,-325.183111
999246571,54.107937
999247336,-4791.302142
999248336,-8105.090273
999249336,-6889.081056
999250336,-3819.575486
999251336,-1737.267083
999252336,-904.018188
999253336,-411.40194
999254336,-18.858413
999255336,109.884814
999256336,74.536663
999257102,2494.55179
999258102,-2580.962553
999259102,-4464.505713
999260102,-4998.923971
999261102,-6843.557898
999262102,-9537.748198
999263102,-9975.406787
999264102,-6794.995446
999265102,-2591.058088
999266102,-296.223503
999266868,-11253.78061
999267868,-16592.07698
999268868,-13384.1682
999269868,-6751.662651
999270868,-1664.274776
999271868,1467.81854
999272868,3272.65612
999273868,3133.843672
999274868,1562.365031
999275868,344.898699
999277610,-1894.509506
999278610,-3925.617626
999279610,-2568.013951
999280610,231.077947
999281610,1117.079097
999282610,-1049.077758
999283610,-3732.716089
999284610,-3849.014406
999285610,-1860.0821
999286610,-319.271808
999287375,-7173.399938
999288375,-12689.48949
999289375,-11819.0041
999290375,-7737.716661
999291375,-3900.348965
999292375,-706.601114
999293375,1787.903939
999294375,2404.096004
999295375,1341.449118
999296375,328.771253
999297141,505.108496
999298141,-2360.171734
999299141,-2770.498015
999300141,-2122.025518
999301141,-2630.862377
999302141,-4512.381114
999303141,-5619.647084
999304141,-4294.935233
999305141,-1782.980018
999306141,-243.182261
999306907,-5964.8652
999307907,-11180.71416
999308907,-10433.00526
999309907,-6874.862198
999310907,-3911.770232
999311907,-1917.743164
999312907,-327.154696
999313907,510.604491
999314907,459.161508
999315907,173.596581
999317649,-2337.741531
999318649,-6425.616881
999319649,-6595.341324
999320649,-4849.33964
999321649,-3698.700385
999322649,-3433.038153
999323649,-2948.694337
999324649,-1786.926629
999325649,-601.59904
999326649,-21.320074
999327414,-2991.585974
999328414,-8307.850465
999329414,-8587.207665
999330414,-6425.219366
999331414,-5014.10772
999332414,-4617.102188
999333414,-3812.5662
999334414,-2191.329298
999335414,-689.120055
999336414,-5.442184
999337180,-3644.200971
999338180,-9720.891592
999339180,-10032.18134
999340180,-7417.328694
999341180,-5506.252534
999342180,-4794.07813
999343180,-3854.459174
999344180,-2189.236069
999345180,-675.868528
999346180,6.893732
999346946,-3130.454943
999347946,-10028.46416
999348946,-10327.45173
999349946,-7067.467098
999350946,-5118.661394
999351946,-5567.575515
999352946,-5853.111457
999353946,-4112.536056
999354946,-1574.542334
999355946,-145.658197
999356711,-10644.617
999357711,-17321.3672
999358711,-15128.52746
999359711,-8772.983315
999360711,-3340.243685
999361711,387.774801
999362711,2731.52184
999363711,2940.771797
999364711,1532.166566
999365711,362.807725
999367454,-1675.803688
999368454,-6785.493035
999369454,-7374.37661
999370454,-5754.475142
999371454,-5008.081724
999372454,-5229.366311
999373454,-4663.937527
999374454,-2813.882175
999375454,-937.723352
999376454,-45.689505
999377219,-4974.48412
999378219,-10030.21069
999379219,-9038.3209
999380219,-5655.042382
999381219,-3778.055878
999382219,-3432.746844
999383219,-2827.291656
999384219,-1537.858529
999385219,-424.822739
999386219,29.980544
999386985,-2317.469342
999387985,-8078.543075
999388985,-8442.071963
999389985,-6162.849244
999390985,-5094.067677
999391985,-5685.522623
999392985,-5659.650909
999393985,-3777.63486
999394985,-1391.125735
999395985,-117.965317
999396750,-5675.553955
999397750,-13137.57179
999398750,-13134.06777
999399750,-9935.783412
999400750,-7743.922657
999401750,-6207.953445
999402750,-3837.282192
999403750,-1367.682832
999404750,-90.728338
999405750,161.842476
999407493,-4931.115502
999408493,-10396.84749
999409493,-9541.994152
999410493,-6500.83252
999411493,-5140.093684
999412493,-4994.072111
999413493,-4040.247117
999414493,-2151.155787
999415493,-596.657751
999416493,27.566252
999417258,-3716.945452
999418258,-10411.31623
999419258,-10651.04901
999420258,-7622.067458
999421258,-5653.564618
999422258,-5428.582927
999423258,-4949.766956
999424258,-3147.911567
999425258,-1105.634308
999426258,-59.951507
999427024,-3818.211
999428024,-12202.11785
999429024,-12638.64374
999430024,-9397.239887
999431024,-7877.423767
999432024,-8362.091129
999433024,-7770.724509
999434024,-4889.543608
999435024,-1701.459706
999436024,-107.14707
999436789,-9411.113639
999437789,-19034.60651
999438789,-18087.76327
999439789,-12271.08673
999440789,-7835.464072
999441789,-5112.271159
999442789,-2419.28347
999443789,-289.701727
999444789,384.309613
999445789,258.531166
999447532,-2483.622019
999448532,-10761.35523
999449532,-11283.89926
999450532,-8565.595173
999451532,-8152.688076
999452532,-10096.83964
999453532,-10419.85122
999454532,-7105.525377
999455532,-2691.821767
999456532,-272.534039
999457297,-10926.92858
999458297,-24219.25889
999459297,-24631.73596
999460297,-18751.50559
999461297,-13393.21959
999462297,-8446.204798
999463297,-2902.816376
999464297,768.966823
999465297,1233.406675
999466297,511.076086
999467063,-10705.78142
999468063,-16060.05017
999469063,-12959.42486
999470063,-6818.482177
999471063,-2469.574829
999472063,72.881356
999473063,1778.217556
999474063,2090.565042
999475063,1144.28487
999476063,286.812529
999476829,-2058.601616
999477829,-6070.939181
999478829,-6009.653375
999479829,-4246.948284
999480829,-3636.660228
999481829,-4154.734127
999482829,-3999.056176
999483829,-2533.120215
999484829,-880.397454
999485829,-58.96581
999487571,-1721.228823
999488571,-7436.034955
999489571,-7920.052826
999490571,-6366.444972
999491571,-6315.837771
999492571,-7346.619762
999493571,-6880.606699
999494571,-4275.992139
999495571,-1477.015073
999496571,-105.110962
999497336,-7929.919953
999498336,-13569.95233
999499336,-11997.82155
999500336,-7642.514625
999501336,-4431.200766
999502336,-2188.344894
999503336,-124.881462
999504336,943.450468
999505336,727.215425
999506336,238.870282
999507102,-4109.015452
999508102,-8918.807015
999509102,-8602.032516
999510102,-5800.650142
999511102,-3717.486152
999512102,-2715.348966
999513102,-1769.751792
999514102,-740.089404
999515102,-106.961965
999516102,72.147016
999516868,-2470.679569
999517868,-7541.239808
999518868,-8006.35841
999519868,-6494.100431
999520868,-5717.380452
999521868,-5367.797923
999522868,-4092.881002
999523868,-2088.203986
999524868,-559.93115
999525868,30.313385
999527610,-5965.306031
999528610,-10673.46338
999529610,-9418.571079
999530610,-5467.036768
999531610,-2605.29601
999532610,-1331.277023
999533610,-532.282325
999534610,51.208573
999535610,198.445214
999536610,113.005106
999537375,-2981.928986
999538375,-6644.622071
999539375,-5948.341934
999540375,-3863.036738
999541375,-3279.418644
999542375,-3875.199371
999543375,-3769.862711
999544375,-2393.105365
999545375,-834.126714
999546375,-55.936048
999547141,-4177.213959
999548141,-9538.371492
999549141,-9371.398485
999550141,-6521.829445
999551141,-4448.571776
999552141,-3544.698389
999553141,-2576.13855
999554141,-1273.906716
999555141,-303.492528
999556141,54.16113
999556907,-3492.212001
999557907,-8031.454318
999558907,-7661.561713
999559907,-5188.699935
999560907,-3774.434144
999561907,-3566.469766
999562907,-3085.686678
999563907,-1832.344437
999564907,-591.456658
999565907,-9.243605
999567649,-5161.8048
999568649,-10630.88419
999569649,-10018.80019
999570649,-6441.479087
999571649,-3765.989882
999572649,-2410.712054
999573649,-1210.669274
999574649,-179.711899
999575649,185.808521
999576649,133.736035
999577414,-1640.707678
999578414,-5353.358033
999579414,-5338.794834
999580414,-3632.041747
999581414,-2983.421047
999582414,-3742.462261
999583414,-4153.585758
999584414,-3006.276538
999585414,-1192.312464
999586414,-133.00098
999587180,-3485.488134
999588180,-10695.34572
999589180,-11963.25915
999590180,-9956.606079
999591180,-7909.895404
999592180,-5887.307551
999593180,-3213.136939
999594180,-884.616937
999595180,94.876989
999596180,181.463984
999596946,-6509.559568
999597946,-10952.02852
999598946,-9682.014319
999599946,-5851.064589
999600946,-2702.926972
999601946,-585.101485
999602946,888.240044
999603946,1289.688165
999604946,746.43889
999605946,201.754255
999606711,-862.600224
999607711,-4612.699865
999608711,-5330.66575
999609711,-4447.015372
999610711,-3979.276039
999611711,-4125.897323
999612711,-3748.550983
999613711,-2363.667644
999614711,-838.114924
999615711,-60.068621
999617454,-2368.233654
999618454,-7534.379023
999619454,-8069.370661
999620454,-6663.907132
999621454,-6029.588626
999622454,-5715.368747
999623454,-4294.06879
999624454,-2113.65412
999625454,-528.568297
999626454,44.751977
999627219,-3169.429374
999628219,-7989.998894
999629219,-7311.372399
999630219,-4160.264809
999631219,-2753.533648
999632219,-3792.867022
999633219,-4731.96373
999634219,-3626.784145
999635219,-1479.943513
999636219,-173.633663
999636985,-6887.985394
999637985,-13407.69327
999638985,-12830.52619
999639985,-8978.98043
999640985,-5738.136308
999641985,-3129.934841
999642985,-536.62891
999643985,935.345101
999644985,816.828311
999645985,278.57721
999646750,449.137325
999647750,-3164.690719
999648750,-3175.061526
999649750,-1936.676505
999650750,-2876.110939
999651750,-6239.344063
999652750,-8466.406951
999653750,-6703.365997
999654750,-2841.748646
999655750,-408.47709
999657493,-9101.044076
999658493,-17051.8122
999659493,-15677.13288
999660493,-9958.660641
999661493,-5498.811414
999662493,-2859.95773
999663493,-732.136156
999664493,565.466619
999665493,621.576144
999666493,252.915878
999667258,-4691.768256
999668258,-11121.45712
999669258,-11110.01171
999670258,-7952.262891
999671258,-5606.346276
999672258,-4407.146747
999673258,-3007.383494
999674258,-1350.709127
999675258,-262.692854
999676258,85.301329
999677024,-4595.262526
999678024,-10309.35179
999679024,-9965.163753
999680024,-6885.348586
999681024,-4847.221023
999682024,-4160.263184
999683024,-3309.754757
999684024,-1838.599714
999685024,-544.442404
999686024,20.918698
999686789,-3648.786532
999687789,-10286.60117
999688789,-10578.43421
999689789,-7611.772204
999690789,-5641.601402
999691789,-5256.156243
999692789,-4541.096899
999693789,-2711.484203
999694789,-880.590659
999695789,-18.359659
999697532,-4564.757713
999698532,-12256.86413
999699532,-12651.14277
999700532,-9524.732137
999701532,-7374.444546
999702532,-6455.671441
999703532,-4938.190076
999704532,-2599.061971
999705532,-722.09842
999706532,41.351868
999707297,-6311.589764
999708297,-13750.8447
999709297,-12500.04154
999710297,-7662.313351
999711297,-5217.591599
999712297,-5524.490823
999713297,-5436.077757
999714297,-3520.505794
999715297,-1227.8728
999716297,-65.172104
999717063,-6053.409674
999718063,-17333.3991
999719063,-18801.94143
999720063,-15116.41539
999721063,-11852.10388
999722063,-9106.371194
999723063,-5339.906868
999724063,-1747.550455
999725063,-24.764616
999726063,252.862001
999726829,-7210.678979
999727829,-14459.69085
999728829,-12840.63041
999729829,-7955.602408
999730829,-5569.666961
999731829,-5603.05496
999732829,-5082.128689
999733829,-3060.971817
999734829,-987.950469
999735829,-17.472218
999737571,-6547.625459
999738571,-15835.2751
999739571,-15731.27716
999740571,-11435.22442
999741571,-8738.358298
999742571,-7491.009415
999743571,-5239.282254
999744571,-2278.686407
999745571,-394.426676
999746571,146.238431
999747336,-7683.83865
999748336,-14273.08459
999749336,-11981.38442
999750336,-6149.255299
999751336,-3076.113863
999752336,-3498.265524
999753336,-4185.55309
999754336,-3078.69396
999755336,-1179.031119
999756336,-93.302916
999757102,-3182.499516
999758102,-13625.52339
999759102,-15157.31184
999760102,-12037.70918
999761102,-10309.99132
999762102,-10506.22948
999763102,-9360.494488
999764102,-5716.716821
999765102,-1936.655917
999766102,-102.071807
999766868,-10189.52684
999767868,-21458.22249
999768868,-20501.22367
999769868,-14304.56886
999770868,-10081.7301
999771868,-7653.021719
999772868,-4529.098057
999773868,-1410.429464
999774868,68.148127
999775868,259.038886
999777610,-6833.708491
999778610,-15800.78492
999779610,-15031.05885
999780610,-9858.383726
999781610,-6814.746147
999782610,-6572.5625
999783610,-6045.117068
999784610,-3795.148549
999785610,-1293.419118
999786610,-49.350174
999787375,-6184.749389
999788375,-17215.61787
999789375,-17470.47881
999790375,-12474.89714
999791375,-9463.311951
999792375,-9284.235994
999793375,-8419.461304
999794375,-5260.430699
999795375,-1808.432077
999796375,-87.984048
999797141,-10014.10948
999798141,-22772.76186
999799141,-23400.08788
999800141,-18750.36547
999801141,-14793.04891
999802141,-10259.81166
999803141,-4035.707764
999804141,467.054629
999805141,1261.877811
999806141,545.00725
999806907,-5081.474177
999807907,-11042.398
999808907,-8384.196968
999809907,-2763.018077
999810907,-1545.738201
999811907,-5541.361818
999812907,-9074.914881
999813907,-7628.49153
999814907,-3294.531567
999815907,-470.965006
999817649,-4504.870586
999818649,-19463.97248
999819649,-22479.08353
999820649,-19277.96626
999821649,-17016.80217
999822649,-15619.31657
999823649,-11834.28233
999824649,-6092.649551
999825649,-1666.491617
999826649,74.894346
999827414,-13075.5157
999828414,-25834.25521
999829414,-24001.77441
999830414,-15561.87177
999831414,-9475.039578
999832414,-6585.208771
999833414,-4059.388966
999834414,-1515.654603
999835414,-96.757937
999836414,223.731387
999837180,-8544.650804
999838180,-21695.74157
999839180,-22140.07322
999840180,-16135.90671
999841180,-11595.06408
999842180,-9428.970193
999843180,-6860.634779
999844180,-3433.030277
999845180,-862.777969
999846180,115.003914
999846946,-9820.624517
999847946,-22116.52929
999848946,-21333.59242
999849946,-14537.24135
999850946,-10042.11637
999851946,-8471.687826
999852946,-6498.503515
999853946,-3378.385828
999854946,-884.359497
999855946,94.824376
999856711,-8918.262292
999857711,-22069.8535
999858711,-22133.13149
999859711,-15872.86732
999860711,-11544.8897
999861711,-9794.574864
999862711,-7366.06162
999863711,-3749.423928
999864711,-959.289642
999865711,107.803299
999867454,-9868.101345
999868454,-21251.12168
999869454,-20131.01057
999870454,-13707.92057
999871454,-9719.722708
999872454,-8246.388238
999873454,-6090.32662
999874454,-2958.785388
999875454,-680.484092
999876454,124.774335
999897727,-9116.450919
999898727,-22513.37127
999899727,-22665.91027
999900727,-16595.0741
999901727,-12408.01753
999902727,-10363.59279
999903727,-7347.974515
999904727,-3423.723089
999905727,-738.082592
999906727,162.301497
999907493,-11514.46594
999908493,-23113.11408
999909493,-21795.22531
999910493,-14313.65649
999911493,-8592.367021
999912493,-5485.637128
999913493,-2775.37158
999914493,-530.575393
999915493,315.574975
999916493,273.084492
999917258,-4408.438494
999918258,-15357.9506
999919258,-16127.72974
999920258,-11993.62561
999921258,-10044.12025
999922258,-10870.42408
999923258,-10375.28629
999924258,-6687.515078
999925258,-2384.185056
999926258,-173.52037
999927024,-12345.3027
999928024,-25188.06698
999929024,-24591.90015
999930024,-17400.0704
999931024,-11102.73837
999932024,-6255.366701
999933024,-1711.323269
999934024,1004.272274
999935024,1142.08478
999936024,452.176049
999937766,-1222.102356
999938766,-10739.43955
999939766,-11414.65591
999940766,-8363.40428
999941766,-8632.600875
999942766,-12753.25948
999943766,-14931.54422
999944766,-11078.17813
999945766,-4501.469751
999946766,-569.839937
999947532,-15730.62542
999948532,-32586.90884
999949532,-31979.07961
999950532,-22846.65543
999951532,-14933.88899
999952532,-8819.335765
999953532,-2842.475257
999954532,957.353062
999955532,1377.664011
999956532,581.275216
999957297,-8998.340956
999958297,-20114.92628
999959297,-18837.68591
999960297,-12002.77247
999961297,-7997.067542
999962297,-7872.0516
999963297,-7640.165385
999964297,-5057.13143
999965297,-1822.667445
999966297,-108.674433
999967063,-8952.760152
999968063,-24565.94368
999969063,-25818.23124
999970063,-19735.03626
999971063,-15071.01968
999972063,-12476.57371
999973063,-8798.54544
999974063,-4142.201306
999975063,-928.397179
999976063,177.788803
999977805,-14746.33474
999978805,-27817.86414
999979805,-26772.84279
999980805,-19403.33214
999981805,-12691.86833
999982805,-6065.247695
999983805,691.180523
999984805,3822.569491
999985805,2608.554223
999986805,742.134715
999987571,-2713.501413
999988571,-6967.521488
999989571,-4921.740196
999990571,-1124.175084
999991571,-1214.035165
999992571,-5696.702143
999993571,-9498.206958
999994571,-8162.780905
999995571,-3625.719931
999996571,-558.132029
999997336,-2252.663416
999998336,-19147.15365
999999336,-23169.72937
1000000336,-19998.83777
1000001336,-18331.33983
1000002336,-18960.91948
1000003336,-16874.76505
1000004336,-10351.82652
1000005336,-3554.317651
1000006336,-220.170321
1000007102,-22488.9239
1000008102,-39782.5084
1000009102,-37575.45103
1000010102,-26134.50396
1000011102,-14999.60389
1000012102,-4055.756194
1000013102,5750.838922
1000014102,8690.062029
1000015102,4969.666716
1000016102,1211.549748
1000017844,164.220579
1000018844,-5432.570253
1000019844,-4323.744546
1000020844,-451.595285
1000021844,-1030.244616
1000022844,-7882.853817
1000023844,-14087.922
1000024844,-12463.20482
1000025844,-5631.143861
1000026844,-900.45017
1000027610,-11982.81434
1000028610,-27061.47075
1000029610,-27062.34375
1000030610,-19533.64512
1000031610,-13342.08484
1000032610,-9258.267019
1000033610,-5003.676798
1000034610,-1336.992472
1000035610,224.272455
1000036610,345.237031
1000037375,-10878.63906
1000038375,-22831.21587
1000039375,-22082.9811
1000040375,-16350.42958
1000041375,-12543.33648
1000042375,-9290.120583
1000043375,-4322.783775
1000044375,-174.188189
1000045375,911.189166
1000046375,464.185503
1000047141,-16127.57659
1000048141,-14241.83709
1000049141,-5057.218795
1000050141,5970.156862
1000051141,13201.78413
1000052141,14367.07003
1000053141,10560.22424
1000054141,5163.771642
1000055141,1428.333698
1000056141,48.20098
1000057883,19376.1274
1000058883,8629.883349
1000059883,-1835.968984
1000060883,-10829.82916
1000061883,-20450.69015
1000062883,-29490.89268
1000063883,-30881.92379
1000064883,-21197.65546
1000065883,-8206.808616
1000066883,-1020.02524
1000067649,-21186.03328
1000068649,-30510.96986
1000069649,-22735.02371
1000070649,-9702.971738
1000071649,-2163.812764
1000072649,214.563821
1000073649,1435.270883
1000074649,1939.616253
1000075649,1219.518636
1000076649,366.30857
1000077414,-5101.473182
1000078414,-11481.5528
1000079414,-9521.218714
1000080414,-4262.866164
1000081414,-2468.652113
1000082414,-5345.367273
1000083414,-8230.711452
1000084414,-6936.446666
1000085414,-3023.124706
1000086414,-426.378143
1000087180,-2665.974648
1000088180,-18043.99641
1000089180,-20979.31826
1000090180,-17655.1252
1000091180,-16554.30777
1000092180,-18121.46359
1000093180,-16975.65045
1000094180,-10877.68087
1000095180,-3913.364782
1000096180,-316.632381
1000096946,-19998.20331
1000097946,-38419.20113
1000098946,-37470.52931
1000099946,-28195.97362
1000100946,-19733.97949
1000101946,-10282.17077
1000102946,390.96185
1000103946,5728.773682
1000104946,4056.185293
1000105946,1154.913669
1000107688,-3433.58485
1000108688,51.571191
1000109688,6196.086181
1000110688,10941.46639
1000111688,9997.586032
1000112688,2941.688097
1000113688,-4714.994391
1000114688,-6655.857192
1000115688,-3578.789903
1000116688,-748.614665
1000117454,8678.341936
1000118454,-5429.898588
1000119454,-12806.88561
1000120454,-15385.14657
1000121454,-18847.60658
1000122454,-23815.57269
1000123454,-24303.97282
1000124454,-16680.24097
1000125454,-6453.488355
1000126454,-745.196082
1000127219,-34227.81644
1000128219,-50805.9956
1000129219,-45686.28117
1000130219,-29985.27026
1000131219,-12135.44533
1000132219,7772.001492
1000133219,23120.06857
1000134219,22890.08859
1000135219,11176.52038
1000136219,2214.969652
1000136985,19550.50332
1000137985,19688.21608
1000138985,15868.17359
1000139985,9111.759925
1000140985,-2643.13117
1000141985,-19167.67706
1000142985,-30163.23678
1000143985,-25380.17782
1000144985,-11292.68051
1000145985,-1876.238528
1000147727,-28935.36094
1000148727,-43273.96984
1000149727,-36096.33347
1000150727,-19983.64023
1000151727,-6492.886207
1000152727,3916.381267
1000153727,11120.25675
1000154727,11119.98013
1000155727,5561.969191
1000156727,1182.609774
1000157493,-3117.557401
1000158493,-5997.565358
1000159493,-3986.364242
1000160493,-24.318947
1000161493,1288.050111
1000162493,-1406.56992
1000163493,-4749.370123
1000164493,-4852.360062
1000165493,-2333.261951
1000166493,-395.143853
1000167258,2574.604329
1000168258,-10303.10734
1000169258,-15005.96267
1000170258,-15077.88008
1000171258,-16256.30209
1000172258,-18487.79495
1000173258,-17227.35862
1000174258,-10949.30364
1000175258,-3936.28058
1000176258,-345.133641
1000177024,-25028.24457
1000178024,-37117.03302
1000179024,-32073.69064
1000180024,-19732.39561
1000181024,-7992.481857
1000182024,3570.443915
1000183024,12757.39385
1000184024,13223.07583
1000185024,6655.446325
1000186024,1376.702465
1000187766,8154.511342
1000188766,12248.75856
1000189766,13628.95341
1000190766,11794.43602
1000191766,5361.344556
1000192766,-5493.356085
1000193766,-14238.70774
1000194766,-13603.41349
1000195766,-6448.456992
1000196766,-1185.627188
1000197532,-5823.181405
1000198532,-16952.87441
1000199532,-19000.49703
1000200532,-16159.08916
1000201532,-12988.68612
1000202532,-9188.40645
1000203532,-4175.422646
1000204532,-370.613009
1000205532,674.979191
1000206532,386.02707
1000207297,-8707.367995
1000208297,-15838.92274
1000209297,-15056.53131
1000210297,-10445.8252
1000211297,-6046.760942
1000212297,-2004.678749
1000213297,1558.862722
1000214297,2779.51274
1000215297,1659.133564
1000216297,428.557774
1000217063,4765.903323
1000218063,-990.914462
1000219063,-3456.669705
1000220063,-4424.709223
1000221063,-7353.58734
1000222063,-12107.63702
1000223063,-14105.60396
1000224063,-10335.39963
1000225063,-4180.982769
1000226063,-557.672261
1000227805,-9709.370864
1000228805,-22178.19519
1000229805,-23073.71111
1000230805,-18039.45834
1000231805,-12985.65987
1000232805,-7885.862893
1000233805,-2292.436535
1000234805,1150.876685
1000235805,1352.855035
1000236805,512.820725
1000258079,4294.388284
1000259079,3724.85561
1000260079,4214.859878
1000261079,4874.96492
1000262079,2381.628699
1000263079,-4682.485378
1000264079,-11209.17107
1000265079,-10752.78549
1000266079,-5104.849171
1000267079,-906.732963
1000267844,-9038.96518
1000268844,-21021.03342
1000269844,-21901.2713
1000270844,-16568.83817
1000271844,-11109.40911
1000272844,-6374.41692
1000273844,-1885.468154
1000274844,784.710214
1000275844,1002.508422
1000276844,410.398989
1000277610,-10323.7246
1000278610,-15882.41888
1000279610,-13644.72428
1000280610,-8721.658602
1000281610,-4792.010133
1000282610,-996.383506
1000283610,2669.189648
1000284610,3721.492648
1000285610,2090.193277
1000286610,490.310023
1000287375,-1192.632258
1000288375,-2710.170056
1000289375,-2021.365697
1000290375,-672.217634
1000291375,-529.116644
1000292375,-1791.024832
1000293375,-2900.90287
1000294375,-2478.275381
1000295375,-1095.532802
1000296375,-164.690344
1000298118,-3625.391225
1000299118,-7442.75507
1000300118,-7261.818224
1000301118,-5027.553898
1000302118,-3062.84786
1000303118,-1781.912135
1000304118,-773.368624
1000305118,-95.732434
1000306118,115.257372
1000307118,88.319773
1000307883,-2515.600666
1000308883,-6022.891673
1000309883,-6100.140018
1000310883,-4585.184181
1000311883,-3437.767393
1000312883,-2654.99383
1000313883,-1639.815639
1000314883,-621.84259
1000315883,-70.566445
1000316883,63.30931
1000317649,-135.070902
1000318649,-5702.163145
1000319649,-7385.105491
1000320649,-6732.908867
1000321649,-6357.195327
1000322649,-6506.520954
1000323649,-5665.140833
1000324649,-3409.727973
1000325649,-1151.021725
1000326649,-65.764377
1000327414,-6916.454273
1000328414,-10999.47728
1000329414,-8476.072223
1000330414,-3620.710444
1000331414,-1001.691082
1000332414,-895.581643
1000333414,-1179.822474
1000334414,-814.628196
1000335414,-251.328355
1000336414,19.405696
1000338157,-9285.388298
1000339157,-13791.13835
1000340157,-12703.22445
1000341157,-8098.602535
1000342157,-2171.933304
1000343157,3850.773486
1000344157,7444.436249
1000345157,6459.092904
1000346157,2924.50804
1000347157,540.525405
1000347922,4761.508853
1000348922,3890.322188
1000349922,2787.954823
1000350922,1180.60316
1000351922,-1919.537283
1000352922,-6172.566676
1000353922,-8591.081348
1000354922,-6815.154532
1000355922,-2913.120119
1000356922,-452.230163
1000357688,-3921.605675
1000358688,-7419.141082
1000359688,-6563.170942
1000360688,-4099.450232
1000361688,-2730.985274
1000362688,-2489.715153
1000363688,-2143.591702
1000364688,-1268.661579
1000365688,-403.542415
1000366688,1.532443
1000367454,-4322.94479
1000368454,-8755.41868
1000369454,-9027.654405
1000370454,-7122.951233
1000371454,-4813.332109
1000372454,-2012.547513
1000373454,741.998899
1000374454,1797.490751
1000375454,1111.454182
1000376454,290.129715
1000378196,-3449.57532
1000379196,-5718.715716
1000380196,-5462.116472
1000381196,-3668.156948
1000382196,-1466.500686
1000383196,735.043186
1000384196,2199.459631
1000385196,2099.087761
1000386196,1000.646046
1000387196,200.843806
1000387961,1329.971832
1000388961,-1818.705075
1000389961,-2831.185927
1000390961,-2559.781903
1000391961,-3065.190956
1000392961,-4672.218844
1000393961,-5434.49045
1000394961,-3975.02734
1000395961,-1591.600006
1000396961,-201.458351
1000397727,-6761.277933
1000398727,-9877.363837
1000399727,-8807.069422
1000400727,-6056.541846
1000401727,-3016.863477
1000402727,732.041189
1000403727,3945.433727
1000404727,4206.863842
1000405727,2114.044975
1000406727,432.148168
1000407493,3164.653933
1000408493,4899.446128
1000409493,5680.09015
1000410493,4845.320777
1000411493,1798.365558
1000412493,-2946.992049
1000413493,-6430.38948
1000414493,-5862.875782
1000415493,-2712.989045
1000416493,-485.7177
1000418235,-4510.581814
1000419235,-9311.609635
1000420235,-9601.974582
1000421235,-7094.842017
1000422235,-4078.614357
1000423235,-1181.374489
1000424235,1093.627216
1000425235,1734.040789
1000426235,995.368351
1000427235,255.304697
1000428000,1215.695648
1000429000,-2056.733552
1000430000,-3762.973214
1000431000,-4469.516388
1000432000,-5038.309321
1000433000,-5367.265463
1000434000,-4691.584956
1000435000,-2889.772149
1000436000,-1026.835787
1000437000,-85.334216
1000437766,-3372.174336
1000438766,-8007.293414
1000439766,-8691.652831
1000440766,-7276.211558
1000441766,-5502.132107
1000442766,-3085.65476
1000443766,-261.255316
1000444766,1235.889304
1000445766,946.173818
1000446766,280.472856
1000447532,-2054.010003
1000448532,-558.19805
1000449532,1900.385438
1000450532,3704.046091
1000451532,3566.833624
1000452532,1679.610797
1000453532,-361.381296
1000454532,-1082.635869
1000455532,-646.933349
1000456532,-153.998232
1000457297,1294.28003
1000458297,-915.163125
1000459297,-2428.158037
1000460297,-3540.564127
1000461297,-4364.008092
1000462297,-4319.594844
1000463297,-3110.846367
1000464297,-1470.567937
1000465297,-365.935787
1000466297,18.761617
1000468039,2622.973869
1000469039,1822.693716
1000470039,2368.632035
1000471039,2147.143578
1000472039,-1043.260849
1000473039,-6281.221194
1000474039,-9356.438551
1000475039,-7488.380503
1000476039,-3191.243168
1000477039,-494.018634
1000477805,-7241.796644
1000478805,-9966.45227
1000479805,-6682.161825
1000480805,-1491.262546
1000481805,1257.413862
1000482805,1037.547396
1000483805,-106.083178
1000484805,-559.056548
1000485805,-310.616818
1000486805,-37.163574
1000487571,-7897.988348
1000488571,-13055.53058
1000489571,-13118.90629
1000490571,-10111.50066
1000491571,-5375.322
1000492571,1132.144002
1000493571,6621.355005
1000494571,7025.330485
1000495571,3507.981832
1000496571,707.915149
1000497336,12905.40298
1000498336,13330.63851
1000499336,12147.59225
1000500336,9409.289263
1000501336,1697.046576
1000502336,-11853.96969
1000503336,-22264.61319
1000504336,-19811.26268
1000505336,-9049.912571
1000506336,-1556.391832
1000508079,-31601.52232
1000509079,-37894.47437
1000510079,-26494.34434
1000511079,-9133.774431
1000512079,4863.904524
1000513079,15216.15737
1000514079,20423.46054
1000515079,16527.81138
1000516079,7360.082757
1000517079,1282.531746
1000517844,9560.019266
1000518844,11202.48574
1000519844,7982.187527
1000520844,3217.858767
1000521844,-942.209698
1000522844,-4587.933068
1000523844,-6691.417615
1000524844,-5546.540645
1000525844,-2481.701703
1000526844,-432.759569
1000527610,-2446.541271
1000528610,-2364.08276
1000529610,-1108.241059
1000530610,743.537837
1000531610,2212.555788
1000532610,2574.854013
1000533610,1861.849404
1000534610,831.754687
1000535610,190.247807
1000536610,-5.190693
1000537375,9825.50627
1000538375,4292.141775
1000539375,-1200.753285
1000540375,-6000.952292
1000541375,-10921.36468
1000542375,-15179.18499
1000543375,-15442.2149
1000544375,-10387.96575
1000545375,-3960.211381
1000546375,-474.522019
1000548118,-18936.48559
1000549118,-18983.54477
1000550118,-9031.476829
1000551118,2896.666639
1000552118,9940.496
1000553118,11912.75293
1000554118,10711.34935
1000555118,7055.866592
1000556118,2801.074852
1000557118,395.339555
1000557883,9448.385095
1000558883,9326.659987
1000559883,5882.004331
1000560883,1451.097848
1000561883,-2905.256873
1000562883,-7428.082269
1000563883,-10126.84052
1000564883,-8264.119486
1000565883,-3665.393255
1000566883,-604.038006
1000567649,-4303.142708
1000568649,-13086.59263
1000569649,-15157.34534
1000570649,-13710.42218
1000571649,-11620.71838
1000572649,-7963.350583
1000573649,-2764.037382
1000574649,775.573868
1000575649,1175.087135
1000576649,444.76404
1000577414,-7090.721431
1000578414,-4024.273194
1000579414,1623.824469
1000580414,6400.872762
1000581414,7924.414926
1000582414,6397.357563
1000583414,3589.68857
1000584414,1280.838317
1000585414,188.62535
1000586414,-72.154473
1000588157,13105.01054
1000589157,11419.22299
1000590157,10727.52426
1000591157,8663.532424
1000592157,-615.498057
1000593157,-16620.93842
1000594157,-27376.36215
1000595157,-22920.16616
1000596157,-10045.32996
1000597157,-1631.095609
1000597922,-32630.33047
1000598922,-43940.16282
1000599922,-36675.20533
1000600922,-20108.1921
1000601922,-2360.786572
1000602922,14646.75417
1000603922,25077.44082
1000604922,21704.29593
1000605922,9930.477631
1000606922,1812.579699
1000607688,13772.04204
1000608688,18909.49907
1000609688,17095.44592
1000610688,11612.65957
1000611688,4118.225608
1000612688,-5616.736154
1000613688,-13207.39946
1000614688,-12542.10717
1000615688,-5985.928678
1000616688,-1124.700245
1000617454,-3697.430456
1000618454,-12748.29499
1000619454,-14237.86277
1000620454,-11838.7892
1000621454,-10002.85887
1000622454,-8609.301876
1000623454,-5901.95782
1000624454,-2583.385342
1000625454,-492.780025
1000626454,134.874226
1000628196,-13829.09194
1000629196,-16467.35074
1000630196,-11599.62552
1000631196,-4111.064974
1000632196,2159.55558
1000633196,6848.011849
1000634196,9017.446614
1000635196,7129.211816
1000636196,3112.527554
1000637196,531.933348
1000637961,5302.170151
1000638961,3555.033337
1000639961,1429.682602
1000640961,-287.062398
1000641961,-2471.600294
1000642961,-5747.650326
1000643961,-7912.090075
1000644961,-6426.18358
1000645961,-2806.994577
1000646961,-440.292217
1000647727,2580.484357
1000648727,-5708.194662
1000649727,-8803.119414
1000650727,-9852.794841
1000651727,-12363.06485
1000652727,-15026.42541
1000653727,-13973.42985
1000654727,-8671.41105
1000655727,-3036.592812
1000656727,-259.343584
1000657493,-19125.27127
1000658493,-22091.95428
1000659493,-14692.87915
1000660493,-4238.057072
1000661493,3741.97247
1000662493,9132.08222
1000663493,11436.70125
1000664493,8945.647469
1000665493,3906.082084
1000666493,665.623712
1000668235,5116.380366
1000669235,4648.474746
1000670235,2401.285001
1000671235,-77.587464
1000672235,-2090.956156
1000673235,-3968.332989
1000674235,-5045.038886
1000675235,-4058.041362
1000676235,-1797.269749
1000677235,-291.84729
1000678000,-2337.09798
1000679000,-6445.934795
1000680000,-6559.40419
1000681000,-5046.75222
1000682000,-4355.05794
1000683000,-4238.234487
1000684000,-3394.50292
1000685000,-1817.897634
1000686000,-519.528512
1000687000,11.605695
1000687766,-3413.092501
1000688766,-8526.364259
1000689766,-8524.46337
1000690766,-6157.374363
1000691766,-4616.497217
1000692766,-4121.183642
1000693766,-3337.650337
1000694766,-1897.058909
1000695766,-590.304389
1000696766,2.583017
1000697532,-5282.861711
1000698532,-11638.80952
1000699532,-11615.60635
1000700532,-8204.689236
1000701532,-5197.236939
1000702532,-3197.582301
1000703532,-1440.771576
1000704532,-163.979042
1000705532,231.091778
1000706532,159.437388
1000707297,-3182.352459
1000708297,-7762.065291
1000709297,-7734.95156
1000710297,-5725.967281
1000711297,-4489.948173
1000712297,-3967.582154
1000713297,-2991.693378
1000714297,-1536.079737
1000715297,-413.017968
1000716297,30.468958
1000718039,-4457.251359
1000719039,-9326.992248
1000720039,-8924.345127
1000721039,-6311.75649
1000722039,-4529.672204
1000723039,-3398.129
1000724039,-1903.573211
1000725039,-501.392234
1000726039,90.68242
1000727039,124.840125
1000727805,-3546.9746
1000728805,-8074.29005
1000729805,-7819.03108
1000730805,-5271.403533
1000731805,-3524.943961
1000732805,-2893.181848
1000733805,-2181.418745
1000734805,-1103.975583
1000735805,-270.264125
1000736805,41.844332
1000737571,-2782.859974
1000738571,-7575.000129
1000739571,-7771.633369
1000740571,-5790.125729
1000741571,-4522.015832
1000742571,-4093.777479
1000743571,-3237.040277
1000744571,-1752.729312
1000745571,-506.219602
1000746571,16.495496
1000747336,-4255.736384
1000748336,-9035.344194
1000749336,-8418.058382
1000750336,-5493.905171
1000751336,-3735.204231
1000752336,-3164.876081
1000753336,-2290.619839
1000754336,-1018.114892
1000755336,-172.718241
1000756336,71.835143
1000758079,-2851.537707
1000759079,-7322.23484
1000760079,-7417.35964
1000761079,-5329.843628
1000762079,-3856.109162
1000763079,-3310.125455
1000764079,-2589.758057
1000765079,-1401.816718
1000766079,-399.073611
1000767079,21.193107
1000767844,-3217.225226
1000768844,-7680.547935
1000769844,-7658.018011
1000770844,-5622.310432
1000771844,-4254.463771
1000772844,-3559.069122
1000773844,-2505.095272
1000774844,-1161.065597
1000775844,-250.746889
1000776844,54.868022
1000777610,-3126.41354
1000778610,-7791.847849
1000779610,-7698.814927
1000780610,-5409.281629
1000781610,-4010.704587
1000782610,-3690.831648
1000783610,-3052.507866
1000784610,-1723.282432
1000785610,-520.465692
1000786610,7.202519
1000787375,-3313.387666
1000788375,-8395.16359
1000789375,-8389.256295
1000790375,-5925.914567
1000791375,-4316.960584
1000792375,-3849.624571
1000793375,-3102.577221
1000794375,-1706.427465
1000795375,-494.321973
1000796375,18.814191
1000798118,-3866.034791
1000799118,-9465.086838
1000800118,-9223.43977
1000801118,-6270.195155
1000802118,-4503.609236
1000803118,-4138.466145
1000804118,-3381.834928
1000805118,-1831.141684
1000806118,-508.007754
1000807118,28.384864
1000807883,-4023.435859
1000808883,-9453.987556
1000809883,-8870.390234
1000810883,-5854.053222
1000811883,-4442.954562
1000812883,-4739.430421
1000813883,-4527.923146
1000814883,-2897.043947
1000815883,-1016.322395
1000816883,-61.386359
1000817649,-6203.631523
1000818649,-13159.72497
1000819649,-13078.58734
1000820649,-9636.386517
1000821649,-6633.914492
1000822649,-4119.225054
1000823649,-1466.254132
1000824649,288.231983
1000825649,550.73052
1000826649,243.394947
1000827414,-4444.584972
1000828414,-9133.797646
1000829414,-8268.477823
1000830414,-5078.38199
1000831414,-3270.4828
1000832414,-3145.189229
1000833414,-2942.055768
1000834414,-1852.929212
1000835414,-624.887115
1000836414,-17.932968
1000838157,-3285.013794
1000839157,-9612.63982
1000840157,-10049.42071
1000841157,-7756.929051
1000842157,-6387.887777
1000843157,-5918.774869
1000844157,-4653.93917
1000845157,-2490.539209
1000846157,-713.905277
1000847157,20.761424
1000847922,-6047.707148
1000848922,-12409.96086
1000849922,-11532.44762
1000850922,-7479.555998
1000851922,-4821.047331
1000852922,-3854.792538
1000853922,-2826.088096
1000854922,-1371.399412
1000855922,-303.662217
1000856922,72.269065
1000857688,-4618.051773
1000858688,-11272.42202
1000859688,-11021.48333
1000860688,-7587.589815
1000861688,-5516.570146
1000862688,-5055.515699
1000863688,-4126.820729
1000864688,-2252.607325
1000865688,-637.247018
1000866688,29.401486
1000867454,-4526.008752
1000868454,-11244.70767
1000869454,-10989.50036
1000870454,-7699.722274
1000871454,-5925.723169
1000872454,-5763.450405
1000873454,-4935.133009
1000874454,-2851.122978
1000875454,-887.317787
1000876454,-6.659481
1000878196,-5215.465679
1000879196,-12964.72183
1000880196,-12962.17718
1000881196,-9302.333253
1000882196,-6892.347379
1000883196,-6056.636652
1000884196,-4737.112024
1000885196,-2529.521468
1000886196,-705.645105
1000887196,41.202125
1000887961,-5273.935812
1000888961,-13306.43006
1000889961,-13031.24417
1000890961,-9049.929408
1000891961,-6855.592648
1000892961,-6875.84415
1000893961,-6351.460732
1000894961,-4035.974528
1000895961,-1418.373797
1000896961,-81.510118
1000897727,-6836.168094
1000898727,-18873.30326
1000899727,-19876.12972
1000900727,-15237.72372
1000901727,-11676.52982
1000902727,-9634.817462
1000903727,-6700.009188
1000904727,-3070.486551
1000905727,-645.17531
1000906727,151.424174
1000907493,-8997.993897
1000908493,-18354.87134
1000909493,-17053.13375
1000910493,-11402.96874
1000911493,-7894.77562
1000912493,-6405.983578
1000913493,-4358.523932
1000914493,-1822.186607
1000915493,-264.10248
1000916493,156.411357
1000918235,-6367.727099
1000919235,-15162.72166
1000920235,-14406.66933
1000921235,-9106.870022
1000922235,-5963.612742
1000923235,-6144.791009
1000924235,-6396.851351
1000925235,-4489.177829
1000926235,-1712.452018
1000927235,-142.924849
1000928000,-5702.808308
1000929000,-19215.20568
1000930000,-20646.2453
1000931000,-15993.43153
1000932000,-13155.53743
1000933000,-12684.86206
1000934000,-10705.7414
1000935000,-6206.689506
1000936000,-1971.872864
1000937000,-41.425398
1000937766,-14555.84989
1000938766,-26743.41788
1000939766,-24793.59385
1000940766,-16446.92143
1000941766,-9588.379443
1000942766,-4589.468198
1000943766,-201.298358
1000944766,2005.156445
1000945766,1534.251059
1000946766,501.793241
1000947532,-7339.494699
1000948532,-14775.60036
1000949532,-13623.07172
1000950532,-8892.717975
1000951532,-5905.106689
1000952532,-4646.951974
1000953532,-3051.629297
1000954532,-1165.734586
1000955532,-94.237624
1000956532,140.094435
1000957297,-5243.306145
1000958297,-12300.12257
1000959297,-12369.15417
1000960297,-9003.328583
1000961297,-6382.054575
1000962297,-4864.035921
1000963297,-3147.89363
1000964297,-1309.90998
1000965297,-203.222646
1000966297,110.551475
1000968039,-3002.641919
1000969039,-10392.73426
1000970039,-11204.0982
1000971039,-8787.677783
1000972039,-7424.298699
1000973039,-7248.733407
1000974039,-6062.264193
1000975039,-3447.396038
1000976039,-1066.91385
1000977039,-13.827594
1000977805,-8379.60612
1000978805,-14487.28245
1000979805,-12781.04098
1000980805,-7541.834492
1000981805,-3457.867005
1000982805,-1171.994209
1000983805,260.868216
1000984805,833.185987
1000985805,575.691368
1000986805,195.820046
1000987571,-4616.314098
1000988571,-10195.83117
1000989571,-10486.15079
1000990571,-8145.280881
1000991571,-5841.217837
1000992571,-3579.610695
1000993571,-1149.885074
1000994571,368.236283
1000995571,524.643493
1000996571,214.413321
1000997336,-3484.301495
1000998336,-6802.999613
1000999336,-6031.744719
1001000336,-3575.155817
1001001336,-2135.27429
1001002336,-1955.795942
1001003336,-1823.957939
1001004336,-1151.524277
1001005336,-385.318193
1001006336,-5.900181
1001008079,-2416.578386
1001009079,-7102.595013
1001010079,-7868.161371
1001011079,-6447.662914
1001012079,-4972.444467
1001013079,-3597.388857
1001014079,-1956.959252
1001015079,-578.356226
1001016079,22.848493
1001017079,104.257636
1001017844,-2382.989093
1001018844,-6563.179125
1001019844,-6289.616271
1001020844,-4168.710883
1001021844,-3408.096847
1001022844,-4180.393746
1001023844,-4427.969163
1001024844,-3047.050959
1001025844,-1146.844801
1001026844,-108.136908
1001027610,-4079.731091
1001028610,-9807.414109
1001029610,-9972.246296
1001030610,-7261.782241
1001031610,-5050.22868
1001032610,-3711.533652
1001033610,-2265.358149
1001034610,-831.006592
1001035610,-60.82329
1001036610,105.956462
1001037375,-3321.827796
1001038375,-7509.995036
1001039375,-7104.488031
1001040375,-4850.180689
1001041375,-3690.884587
1001042375,-3534.929281
1001043375,-2900.999444
1001044375,-1567.29221
1001045375,-437.642488
1001046375,19.708312
1001048118,-1266.642428
1001049118,-5898.145087
1001050118,-5997.853655
1001051118,-4324.629396
1001052118,-4328.150711
1001053118,-5985.514196
1001054118,-6556.842023
1001055118,-4588.677534
1001056118,-1764.723151
1001057118,-193.237011
1001057883,-8168.899829
1001058883,-14008.26375
1001059883,-12796.29502
1001060883,-8973.156003
1001061883,-5883.129475
1001062883,-2682.214458
1001063883,837.382883
1001064883,2404.150277
1001065883,1552.083833
1001066883,412.347241
1001067649,-979.919969
1001068649,-4141.280974
1001069649,-4459.544378
1001070649,-3110.768038
1001071649,-2277.684998
1001072649,-2593.729403
1001073649,-2898.346914
1001074649,-2151.871688
1001075649,-870.31377
1001076649,-97.98461
1001077414,-3129.133486
1001078414,-7661.289704
1001079414,-7799.097842
1001080414,-6013.171051
1001081414,-4779.715619
1001082414,-3910.640517
1001083414,-2521.457789
1001084414,-1007.012992
1001085414,-145.024817
1001086414,80.765593
1001088157,-3332.336218
1001089157,-8650.201448
1001090157,-8524.72145
1001091157,-5761.451007
1001092157,-4132.156456
1001093157,-4022.480215
1001094157,-3594.090377
1001095157,-2149.93032
1001096157,-686.533524
1001097157,-11.071
1001097922,-6054.773585
1001098922,-12175.12787
1001099922,-11579.29485
1001100922,-7608.80255
1001101922,-4346.340991
1001102922,-2367.637137
1001103922,-779.83683
1001104922,237.357262
1001105922,379.696618
1001106922,174.89101
1001107688,-2201.130283
1001108688,-6968.947242
1001109688,-7068.138828
1001110688,-5065.26063
1001111688,-4232.24587
1001112688,-4715.655714
1001113688,-4555.475575
1001114688,-2929.694781
1001115688,-1036.578929
1001116688,-73.824498
1001117454,-2610.25255
1001118454,-8617.517354
1001119454,-8773.690774
1001120454,-6399.814169
1001121454,-5560.812343
1001122454,-6415.997495
1001123454,-6408.089303
1001124454,-4283.898508
1001125454,-1589.944297
1001126454,-142.537826
1001128196,-8431.946965
1001129196,-16019.27636
1001130196,-15337.44462
1001131196,-10965.38807
1001132196,-7124.322449
1001133196,-3567.1485
1001134196,27.240754
1001135196,1790.765897
1001136196,1291.064712
1001137196,386.806488
1001137961,-1967.753124
1001138961,-7670.994633
1001139961,-8414.8696
1001140961,-6690.926755
1001141961,-5768.018318
1001142961,-5983.924838
1001143961,-5547.93715
1001144961,-3577.293077
1001145961,-1295.822311
1001146961,-99.666913
1001147727,-5176.030055
1001148727,-12202.04526
1001149727,-11831.30515
1001150727,-8145.75442
1001151727,-5908.942768
1001152727,-5379.350632
1001153727,-4431.394677
1001154727,-2492.951623
1001155727,-747.506668
1001156727,15.541574
1001157493,-6719.482087
1001158493,-14548.56417
1001159493,-14118.70515
1001160493,-9691.728988
1001161493,-6325.860896
1001162493,-4611.148236
1001163493,-2987.813444
1001164493,-1259.81332
1001165493,-193.128419
1001166493,117.142526
1001168235,-4531.532306
1001169235,-12420.53587
1001170235,-12549.03768
1001171235,-9062.547079
1001172235,-7065.756925
1001173235,-6769.45435
1001174235,-5690.124837
1001175235,-3237.035418
1001176235,-990.76018
1001177235,-0.639606
1001178000,-6683.405087
1001179000,-15225.98652
1001180000,-14986.56517
1001181000,-10199.55251
1001182000,-6468.441283
1001183000,-4865.550041
1001184000,-3606.446236
1001185000,-1914.401185
1001186000,-519.024384
1001187000,62.33982
1001187766,-5162.717144
1001188766,-13562.45734
1001189766,-13647.85629
1001190766,-9580.378737
1001191766,-6886.71471
1001192766,-6306.127397
1001193766,-5434.065275
1001194766,-3254.414749
1001195766,-1060.929873
1001196766,-19.287102
1001197532,-5740.018961
1001198532,-15486.71536
1001199532,-16369.23201
1001200532,-13389.35943
1001201532,-11305.81861
1001202532,-9316.598611
1001203532,-5729.090735
1001204532,-2027.847073
1001205532,-149.444668
1001206532,220.420663
1001207297,-8391.274992
1001208297,-16971.24113
1001209297,-16056.25406
1001210297,-10789.99017
1001211297,-6863.339466
1001212297,-4656.087629
1001213297,-2505.013597
1001214297,-620.322094
1001215297,166.214603
1001216297,198.892091
1001218039,-1902.6923
1001219039,-11221.60786
1001220039,-12559.81438
1001221039,-9576.041236
1001222039,-8296.58977
1001223039,-9813.657765
1001224039,-10307.69191
1001225039,-7198.264726
1001226039,-2771.98554
1001227039,-286.187884
1001227805,-10107.58991
1001228805,-22241.05221
1001229805,-21805.22562
1001230805,-15326.82868
1001231805,-10369.50236
1001232805,-7482.0645
1001233805,-4388.830578
1001234805,-1430.369664
1001235805,21.415935
1001236805,251.008333
1001237571,-9373.970085
1001238571,-19685.96065
1001239571,-18787.17035
1001240571,-12814.94591
1001241571,-8549.412807
1001242571,-6307.609048
1001243571,-3867.447725
1001244571,-1381.850384
1001245571,-66.712926
1001246571,197.60224
1001247336,-5051.637034
1001248336,-15639.7024
1001249336,-16155.58826
1001250336,-11993.88203
1001251336,-9888.344619
1001252336,-10155.76199
1001253336,-9157.576141
1001254336,-5624.269602
1001255336,-1908.84783
1001256336,-97.393453
1001258079,-11243.46228
1001259079,-24317.34774
1001260079,-24193.98935
1001261079,-17643.87282
1001262079,-12044.93098
1001263079,-7769.50319
1001264079,-3340.029501
1001265079,-135.258571
1001266079,690.391292
1001267079,391.171265
1001267844,-5885.531507
1001268844,-15536.68284
1001269844,-15148.82338
1001270844,-10823.83945
1001271844,-9155.276015
1001272844,-9805.521835
1001273844,-8885.635351
1001274844,-5380.528447
1001275844,-1789.630815
1001276844,-82.758222
1001277610,-7882.336139
1001278610,-20684.88489
1001279610,-21037.24387
1001280610,-15452.00049
1001281610,-11780.70528
1001282610,-10538.37151
1001283610,-8373.179071
1001284610,-4585.962674
1001285610,-1343.70645
1001286610,39.481042
1001287375,-12864.89983
1001288375,-24876.81034
1001289375,-23127.40658
1001290375,-15293.0903
1001291375,-9468.658732
1001292375,-5915.077036
1001293375,-2458.738572
1001294375,98.929221
1001295375,690.503718
1001296375,359.226161
1001298118,-2772.684251
1001299118,-11516.22056
1001300118,-11379.6703
1001301118,-7722.125325
1001302118,-7424.685091
1001303118,-10849.25429
1001304118,-12646.72257
1001305118,-9300.71938
1001306118,-3735.970877
1001307118,-455.041587
1001307883,-11719.55388
1001308883,-28175.71897
1001309883,-28801.97166
1001310883,-21464.69533
1001311883,-15398.74047
1001312883,-11157.55651
1001313883,-6264.326256
1001314883,-1846.727305
1001315883,140.765024
1001316883,372.062574
1001317649,-11802.00941
1001318649,-24104.25171
1001319649,-22766.58766
1001320649,-15352.63989
1001321649,-10076.8315
1001322649,-7306.800204
1001323649,-4378.860063
1001324649,-1478.798791
1001325649,-7.612136
1001326649,248.032812
1001327414,-7131.819012
1001328414,-18238.59736
1001329414,-18157.84899
1001330414,-12773.32334
1001331414,-9418.586193
1001332414,-8889.459761
1001333414,-7831.076069
1001334414,-4796.820991
1001335414,-1615.038768
1001336414,-56.700405
1001338157,-9998.158317
1001339157,-22927.60546
1001340157,-23248.14042
1001341157,-17287.59109
1001342157,-12196.24527
1001343157,-8440.284911
1001344157,-4376.107911
1001345157,-1032.243881
1001346157,277.897495
1001347157,318.727765
1001347922,-7652.192277
1001348922,-18672.15868
1001349922,-18009.74177
1001350922,-12153.61099
1001351922,-8939.672522
1001352922,-8884.879383
1001353922,-8063.065271
1001354922,-4949.826375
1001355922,-1651.441879
1001356922,-58.81104
1001357688,-9995.835851
1001358688,-23797.19287
1001359688,-23941.31117
1001360688,-17457.40153
1001361688,-12546.61701
1001362688,-9722.281147
1001363688,-6319.51468
1001364688,-2611.944061
1001365688,-396.848121
1001366688,219.208507
1001367454,-9970.704281
1001368454,-22323.00793
1001369454,-22012.94696
1001370454,-15595.07895
1001371454,-10700.64688
1001372454,-7795.722097
1001373454,-4546.70792
1001374454,-1432.319525
1001375454,58.010253
1001376454,265.724708
1001378196,-9832.516231
1001379196,-17075.05114
1001380196,-13622.72779
1001381196,-5991.768634
1001382196,-1958.974449
1001383196,-2772.516634
1001384196,-4458.916486
1001385196,-3808.369873
1001386196,-1624.19135
1001387196,-184.137494
1001387961,-4450.370818
1001388961,-17644.87183
1001389961,-19440.96886
1001390961,-15338.51361
1001391961,-12972.54951
1001392961,-13045.76977
1001393961,-11555.61568
1001394961,-7054.327537
1001395961,-2393.0523
1001396961,-123.274637
1001397727,-13379.32689
1001398727,-27485.83966
1001399727,-26445.19699
1001400727,-18723.98846
1001401727,-12935.30411
1001402727,-8842.144283
1001403727,-4063.429025
1001404727,-265.044237
1001405727,793.308213
1001406727,450.461635
1001412375,-1846.969381
1001413375,-8919.799068
1001414375,-9102.299116
1001415375,-6483.75972
1001416375,-6368.066022
1001417375,-9062.605232
1001418375,-10397.83504
1001419375,-7604.230558
1001420375,-3048.487085
1001421375,-369.710006
1001422141,-6881.873716
1001423141,-20794.49969
1001424141,-21920.52478
1001425141,-16709.79073
1001426141,-13357.17676
1001427141,-12361.73802
1001428141,-9985.34293
1001429141,-5525.401652
1001430141,-1646.308414
1001431141,21.015934
1001431907,-14765.75169
1001432907,-26005.06096
1001433907,-22657.86249
1001434907,-13147.87099
1001435907,-6567.32295
1001436907,-3653.323178
1001437907,-1592.552552
1001438907,3.525673
1001439907,453.562945
1001440907,273.834285
1001441672,-7846.252718
1001442672,-19926.55201
1001443672,-21612.25278
1001444672,-17844.80801
1001445672,-13709.91288
1001446672,-8895.756625
1001447672,-3104.594061
1001448672,719.266748
1001449672,1215.726269
1001450672,497.061671
1001452414,-3360.950143
1001453414,-8176.775346
1001454414,-6434.91747
1001455414,-3242.84781
1001456414,-3702.946051
1001457414,-7081.124669
1001458414,-8771.41259
1001459414,-6436.435783
1001460414,-2550.035118
1001461414,-312.852295
1001462180,-5015.510425
1001463180,-12992.4367
1001464180,-11440.07708
1001465180,-5667.385521
1001466180,-3501.135239
1001467180,-6680.571836
1001468180,-9945.543099
1001469180,-8331.69183
1001470180,-3628.402495
1001471180,-509.690469
1001471946,-12578.09289
1001472946,-29652.64051
1001473946,-30304.46101
1001474946,-23183.82168
1001475946,-17418.8408
1001476946,-12673.57707
1001477946,-6509.78555
1001478946,-1261.034872
1001479946,618.740107
1001480946,502.790477
1001488547,15137.17836
1001489547,16735.3481
1001490547,15213.49322
1001491547,11417.79086
1001492547,2610.741405
1001493547,-12228.69937
1001494547,-23851.92429
1001495547,-21562.09672
1001496547,-9963.423195
1001497547,-1744.85661
1001533469,-22557.04997
1001534469,-29310.06214
1001535469,-19564.28779
1001536469,-3947.309318
1001537469,6029.561748
1001538469,8389.774419
1001539469,6691.666624
1001540469,3825.663585
1001541469,1407.537528
1001542469,235.084091
1001549094,-18583.48708
1001550094,-29120.50995
1001551094,-24998.42498
1001552094,-14001.79295
1001553094,-4375.247198
1001554094,2456.600301
1001555094,6456.152154
1001556094,6167.255794
1001557094,3019.500158
1001558094,656.333504
1001577414,-17393.22415
1001578414,-24040.17869
1001579414,-19608.86688
1001580414,-8974.402204
1001581414,1567.353791
1001582414,9112.098497
1001583414,11807.91202
1001584414,8916.604765
1001585414,3768.399243
1001586414,647.312501
1001587180,10601.8776
1001588180,636.318903
1001589180,-7179.147029
1001590180,-11834.59005
1001591180,-15507.8119
1001592180,-18736.4528
1001593180,-18265.60949
1001594180,-12212.58474
1001595180,-4656.53379
1001596180,-525.965932
1001596946,-17497.66224
1001597946,-31562.11272
1001598946,-29595.11203
1001599946,-19981.02258
1001600946,-11243.41116
1001601946,-3789.951659
1001602946,2672.68378
1001603946,4985.100488
1001604946,3027.291415
1001605946,799.192359
1001606711,-16559.2478
1001607711,-16430.53059
1001608711,-11107.41581
1001609711,-3391.460274
1001610711,5594.593004
1001611711,14585.49953
1001612711,18587.9166
1001613711,14104.79374
1001614711,5884.612271
1001615711,903.663783
1001617454,32389.47944
1001618454,32034.08967
1001619454,20307.09636
1001620454,2874.999698
1001621454,-15365.91387
1001622454,-31444.88195
1001623454,-37777.29057
1001624454,-28415.38136
1001625454,-11928.87509
1001626454,-1825.193209
1001627219,-25950.83928
1001628219,-43103.01325
1001629219,-39383.27811
1001630219,-26174.47808
1001631219,-13670.09965
1001632219,-1701.259696
1001633219,8527.471606
1001634219,10823.46472
1001635219,5892.323525
1001636219,1359.284278
1001653586,7980.497443
1001654586,-1850.893337
1001655586,-4277.804451
1001656586,-4466.564175
1001657586,-10808.50607
1001658586,-23189.28347
1001659586,-30264.01137
1001660586,-23439.56651
1001661586,-9822.179724
1001662586,-1414.65095
1001663352,-43998.41973
1001664352,-54839.35161
1001665352,-42155.93109
1001666352,-20550.7323
1001667352,-100.598499
1001668352,19301.05178
1001669352,31744.31038
1001670352,27512.9584
1001671352,12626.96255
1001672352,2283.299266
1001673118,13430.94232
1001674118,17926.49298
1001675118,14314.64748
1001676118,7499.99347
1001677118,1258.376994
1001678118,-4365.335649
1001679118,-8089.164402
1001680118,-7279.715213
1001681118,-3418.921315
1001682118,-648.464171
1001682883,-11552.13398
1001683883,-11982.28476
1001684883,-12603.22802
1001685883,-12612.76676
1001686883,-5962.434401
1001687883,9742.771232
1001688883,23483.75662
1001689883,22257.18312
1001690883,10457.27884
1001691883,1856.90647
1001693625,49306.11459
1001694625,54673.0444
1001695625,39029.87728
1001696625,14310.20174
1001697625,-10958.87366
1001698625,-35720.68281
1001699625,-50077.82461
1001700625,-41135.61215
1001701625,-18339.22572
1001702625,-3091.638414
1001703391,-41028.78432
1001704391,-77009.44871
1001705391,-87021.23351
1001706391,-82316.346
1001707391,-60954.43593
1001708391,-12829.24743
1001709391,38647.48802
1001710391,51304.95908
1001711391,27639.41832
1001712391,5903.772056
1001713157,38519.33345
1001714157,85576.46027
1001715157,103700.6235
1001716157,97104.66804
1001717157,66420.30611
1001718157,10090.88256
1001719157,-43564.86538
1001720157,-54329.75411
1001721157,-28618.37176
1001722157,-6080.061069
1001722922,5348.698978
1001723922,-42336.87833
1001724922,-65969.92398
1001725922,-69949.50988
1001726922,-65700.50056
1001727922,-54003.83391
1001728922,-33742.17607
1001729922,-13410.38228
1001730922,-2151.685108
1001731922,848.785533
1001733664,-55841.99942
1001734664,-73526.00235
1001735664,-59378.53675
1001736664,-34923.56134
1001737664,-12116.44151
1001738664,13432.10469
1001739664,34636.54943
1001740664,34238.53733
1001741664,16786.99323
1001742664,3282.13337
1001743430,23048.81897
1001744430,42355.82533
1001745430,45612.96797
1001746430,36361.65443
1001747430,18904.69243
1001748430,-4055.844569
1001749430,-21840.16814
1001750430,-22479.26556
1001751430,-11028.13745
1001752430,-2217.357049
1001753196,1204.88812
1001754196,-4890.92451
1001755196,-9412.718255
1001756196,-13386.30606
1001757196,-15163.53004
1001758196,-11034.67679
1001759196,-2687.234271
1001760196,2687.564785
1001761196,2480.155687
1001762196,726.452978
1001762961,10782.4148
1001763961,27011.08424
1001764961,39579.28412
1001765961,44445.9636
1001766961,33066.89389
1001767961,2669.67153
1001768961,-27463.39064
1001769961,-32502.84391
1001770961,-16709.85257
1001771961,-3378.266811
1001773704,-9359.053786
1001774704,-38707.25109
1001775704,-47815.97823
1001776704,-46109.53245
1001777704,-41786.29574
1001778704,-30991.04668
1001779704,-13495.78726
1001780704,-221.21265
1001781704,2827.680185
1001782704,1332.961516
1001783469,-28828.3148
1001784469,-41159.32978
1001785469,-37068.37888
1001786469,-25383.08252
1001787469,-10972.56169
1001788469,7229.052675
1001789469,22029.57987
1001790469,21943.68326
1001791469,10706.89713
1001792469,2090.513423
1001793235,1381.501057
1001794235,12439.60561
1001795235,16283.96143
1001796235,14891.52566
1001797235,12493.53209
1001798235,10082.01209
1001799235,6726.20378
1001800235,3051.168671
1001801235,671.971146
1001802235,-127.55696
1001803000,35984.6794
1001804000,37935.71997
1001805000,30125.08085
1001806000,17515.40383
1001807000,-1751.001546
1001808000,-28954.0908
1001809000,-48293.29512
1001810000,-41729.53187
1001811000,-18881.32823
1001812000,-3218.945735
1001813743,-40673.33404
1001814743,-60528.38204
1001815743,-48655.6448
1001816743,-24144.2466
1001817743,-5943.934635
1001818743,4461.199841
1001819743,10397.00363
1001820743,10226.62217
1001821743,5224.192224
1001822743,1193.115425
1001823508,-18293.40516
1001824508,-18363.05335
1001825508,-11511.47769
1001826508,-3942.890125
1001827508,2518.505343
1001828508,10225.25297
1001829508,16276.6295
1001830508,14373.81413
1001831508,6678.042139
1001832508,1169.399921
1001833274,19683.41829
1001834274,31760.44139
1001835274,28592.89775
1001836274,16351.45566
1001837274,3686.084963
1001838274,-5666.420658
1001839274,-9946.467201
1001840274,-8254.35119
1001841274,-3703.466771
1001842274,-733.818841
1001843039,9947.149703
1001844039,10111.52524
1001845039,3450.621357
1001846039,-2551.281294
1001847039,-3008.16586
1001848039,-537.547748
1001849039,573.568952
1001850039,102.906035
1001851039,-210.611092
1001852039,-88.180843
1001852805,24868.67585
1001853805,9953.502031
1001854805,-890.251016
1001855805,-8748.815401
1001856805,-21550.19564
1001857805,-39804.31779
1001858805,-48922.22724
1001859805,-37139.01145
1001860805,-15469.74235
1001861805,-2222.233385
1001863547,-62259.30976
1001864547,-97680.10014
1001865547,-94148.06768
1001866547,-66827.92576
1001867547,-28562.75832
1001868547,16761.16113
1001869547,50103.50555
1001870547,48558.25321
1001871547,23287.97859
1001872547,4548.010813
1001873313,-6125.232096
1001874313,-2004.356496
1001875313,-1459.441068
1001876313,-330.552424
1001877313,6097.739164
1001878313,15876.50002
1001879313,20614.68132
1001880313,15545.37318
1001881313,6364.090579
1001882313,907.59975
1001883079,38019.50793
1001884079,37190.6453
1001885079,24016.28099
1001886079,7142.690909
1001887079,-10822.73644
1001888079,-30072.39891
1001889079,-40743.79721
1001890079,-32473.80295
1001891079,-14061.19316
1001892079,-2258.223449
1001892844,-31577.67161
1001893844,-50116.15916
1001894844,-51635.66338
1001895844,-42531.7696
1001896844,-23784.55406
1001897844,5738.374377
1001898844,30928.59308
1001899844,32276.40573
1001900844,15881.73456
1001901844,3130.451358
1001903586,-3384.640658
1001904586,3058.564377
1001905586,5192.201762
1001906586,5862.259899
1001907586,8895.85248
1001908586,13512.63974
1001909586,14766.70183
1001910586,10276.95319
1001911586,3969.546284
1001912586,475.478085
1001913352,35739.94531
1001914352,34427.9748
1001915352,21725.00797
1001916352,4309.067339
1001917352,-14460.94444
1001918352,-32407.50063
1001919352,-40183.79865
1001920352,-30459.4021
1001921352,-12770.26577
1001922352,-1956.365163
1001923118,-39639.11047
1001924118,-41555.1992
1001925118,-24553.60636
1001926118,-1625.318776
1001927118,16407.08595
1001928118,27432.24659
1001929118,29538.77992
1001930118,21028.67339
1001931118,8587.355801
1001932118,1292.130611
1001932883,19350.78282
1001933883,17612.82007
1001934883,8484.090124
1001935883,-1036.869398
1001936883,-7753.54894
1001937883,-12668.05766
1001938883,-14486.3842
1001939883,-10834.52057
1001940883,-4553.605645
1001941883,-695.23427
1001943625,-6124.495135
1001944625,-465.323565
1001945625,18537.13231
1001946625,38437.29055
1001947625,36826.29126
1001948625,6985.746805
1001949625,-26112.10803
1001950625,-32667.19628
1001951625,-16855.59415
1001952625,-3336.546562
1001953391,-29297.73567
1001954391,-61211.97106
1001955391,-65126.62706
1001956391,-52062.47516
1001957391,-33577.38293
1001958391,-10895.80087
1001959391,9793.54078
1001960391,16120.40043
1001961391,9259.099008
1001962391,2259.635353
1001963157,-30971.13528
1001964157,-27543.22466
1001965157,-13586.61879
1001966157,2586.685631
1001967157,16205.06171
1001968157,26938.79253
1001969157,30621.75474
1001970157,22722.14685
1001971157,9504.128865
1001972157,1425.189707
1001972922,31088.55114
1001973922,48521.30931
1001974922,49545.7328
1001975922,41553.90398
1001976922,24981.17376
1001977922,-3995.971884
1001978922,-31195.56324
1001979922,-34219.99798
1001980922,-17302.1805
1001981922,-3460.128811
1001983664,-32001.77189
1001984664,-69978.82837
1001985664,-90498.51225
1001986664,-93856.32974
1001987664,-69381.88382
1001988664,-10825.54828
1001989664,47583.25129
1001990664,59098.04865
1001991664,30880.41524
1001992664,6422.463551
1001993430,53772.86778
1001994430,85569.36226
1001995430,81777.95821
1001996430,55518.46468
1001997430,21108.37443
1001998430,-16409.9488
1001999430,-42824.50828
1002000430,-40776.52428
1002001430,-19513.80728
1002002430,-3809.094662
1002003196,-11845.59598
1002004196,-20902.29178
1002005196,-14850.02385
1002006196,533.88222
1002007196,10254.32394
1002008196,5537.837563
1002009196,-6008.538812
1002010196,-10368.53648
1002011196,-5855.170887
1002012196,-1142.854881
1002012961,-45947.64848
1002013961,-70444.80646
1002014961,-63973.39443
1002015961,-35814.50928
1002016961,-2582.213242
1002017961,23926.64867
1002018961,34398.75595
1002019961,26325.33275
1002020961,11091.81799
1002021961,1947.247813
1002023704,-35250.7854
1002024704,-44893.71771
1002025704,-44433.69483
1002026704,-36857.28753
1002027704,-16274.72027
1002028704,21206.46625
1002029704,53347.29433
1002030704,51377.038
1002031704,24499.97013
1002032704,4486.152065
1002033469,71169.08483
1002034469,90048.25679
1002035469,71873.76083
1002036469,35664.03076
1002037469,-2698.479839
1002038469,-39041.71962
1002039469,-59891.21841
1002040469,-49960.62619
1002041469,-22372.76783
1002042469,-3924.373148
1002043235,-33575.13107
1002044235,-39868.83475
1002045235,-25258.76216
1002046235,-4766.849424
1002047235,8379.891926
1002048235,13878.04934
1002049235,14769.61269
1002050235,10962.30612
1002051235,4766.313008
1002052235,828.111975
1002053000,14702.72629
1002054000,9691.563106
1002055000,1539.907671
1002056000,-7811.206962
1002057000,-16104.62008
1002058000,-20361.3234
1002059000,-18076.95899
1002060000,-10734.67578
1002061000,-3664.245132
1002062000,-338.343965
1002063743,-9959.399375
1002064743,-6581.654302
1002065743,-596.263711
1002066743,2559.147932
1002067743,2877.847642
1002068743,4079.450187
1002069743,6089.018112
1002070743,5554.250612
1002071743,2618.908096
1002072743,441.670453
1002073508,27218.15736
1002074508,22156.99409
1002075508,11494.75338
1002076508,-3730.295799
1002077508,-21801.61939
1002078508,-36620.5371
1002079508,-38565.7487
1002080508,-25824.02533
1002081508,-9764.193535
1002082508,-1228.580548
1002083274,-35469.22888
1002084274,-25915.34163
1002085274,-1787.710968
1002086274,22992.09536
1002087274,35772.42177
1002088274,33629.00223
1002089274,22030.64829
1002090274,9646.280557
1002091274,2290.331779
1002092274,-107.320527
1002093039,-12873.71011
1002094039,-12218.14544
1002095039,-8222.847962
1002096039,2758.143031
1002097039,17309.05366
1002098039,26354.10746
1002099039,24072.12181
1002100039,13970.73481
1002101039,4614.441142
1002102039,425.228192
1002102805,29505.45421
1002103805,37118.34634
1002104805,34819.14532
1002105805,25727.2589
1002106805,7970.310606
1002107805,-19043.74198
1002108805,-39783.64076
1002109805,-36415.11091
1002110805,-16938.95501
1002111805,-3035.369271
1002113547,-20406.00166
1002114547,-33597.43126
1002115547,-21955.01004
1002116547,-4055.815523
1002117547,-133.455464
1002118547,-10281.19539
1002119547,-19035.64049
1002120547,-16091.19285
1002121547,-6845.80395
1002122547,-947.770035
1002123313,-58031.76018
1002124313,-66225.70745
1002125313,-50656.22591
1002126313,-24557.9708
1002127313,5518.287701
1002128313,38408.77045
1002129313,58439.54114
1002130313,48588.14262
1002131313,21577.33125
1002132313,3661.328984
1002133079,57898.4582
1002134079,65060.60496
1002135079,48991.50423
1002136079,22793.3641
1002137079,-7100.711349
1002138079,-39639.66538
1002139079,-59299.26409
1002140079,-49093.32518
1002141079,-21766.18092
1002142079,-3673.418292
1002142844,-47423.13463
1002143844,-60325.64499
1002144844,-45234.67691
1002145844,-18001.77065
1002146844,6001.752151
1002147844,22989.74999
1002148844,29944.23476
1002149844,23334.4382
1002150844,10136.03731
1002151844,1759.667894
1002153586,-16585.9035
1002154586,-734.063919
1002155586,18953.09113
1002156586,37253.05085
1002157586,44583.68851
1002158586,33853.71544
1002159586,12510.97264
1002160586,-2142.837213
1002161586,-4044.239779
1002162586,-1447.11848
1002163352,4966.25955
1002164352,834.497537
1002165352,4663.343277
1002166352,14422.67871
1002167352,15528.08837
1002168352,-1794.602351
1002169352,-23463.65222
1002170352,-26892.10261
1002171352,-13676.68841
1002172352,-2587.513754
1002177024,-46390.79932
1002178024,-60223.08707
1002179024,-49386.06411
1002180024,-27187.8298
1002181024,-3094.624108
1002182024,22251.21655
1002183024,39230.76309
1002184024,34539.09609
1002185024,15912.5222
1002186024,2879.994164
1002186789,14368.08224
1002187789,13734.2558
1002188789,4838.304972
1002189789,242.66861
1002190789,3450.208589
1002191789,5085.330622
1002192789,133.302997
1002193789,-4342.171397
1002194789,-3356.212414
1002195789,-840.535494
1002196555,-6196.568543
1002197555,-40809.63074
1002198555,-58155.52645
1002199555,-60224.83017
1002200555,-50723.24307
1002201555,-28729.85769
1002202555,-2619.179849
1002203555,10531.91883
1002204555,7924.873592
1002205555,2284.422098
1002206321,-21292.25472
1002207321,1930.244713
1002208321,27314.21842
1002209321,43601.27423
1002210321,44396.9307
1002211321,30983.73358
1002212321,12687.50331
1002213321,804.274728
1002214321,-1911.236013
1002215321,-983.275876
1002217063,24382.01342
1002218063,21333.19874
1002219063,8082.663042
1002220063,-6447.356248
1002221063,-15622.87732
1002222063,-19196.64577
1002223063,-17868.70243
1002224063,-11822.39911
1002225063,-4615.637636
1002226063,-608.900922
1002226829,-8567.217356
1002227829,-9964.115231
1002228829,-2442.758983
1002229829,7750.381392
1002230829,10964.08353
1002231829,3708.836272
1002232829,-6452.628157
1002233829,-9307.994983
1002234829,-5014.156119
1002235829,-992.439706
1002236594,-12963.76967
1002237594,-27292.31951
1002238594,-30526.96347
1002239594,-27751.03422
1002240594,-21088.64402
1002241594,-7867.134593
1002242594,6897.123278
1002243594,11938.26827
1002244594,6910.459275
1002245594,1605.016962
1002246360,15191.33869
1002247360,4548.539522
1002248360,-7039.551929
1002249360,-16938.48948
1002250360,-23545.70956
1002251360,-24679.89187
1002252360,-19150.10947
1002253360,-10079.87856
1002254360,-2988.564228
1002255360,-98.114968
1002257102,-25338.56981
1002258102,-17998.50415
1002259102,-492.219249
1002260102,18525.2395
1002261102,29317.34407
1002262102,27647.72139
1002263102,17269.19416
1002264102,6639.184757
1002265102,1124.089188
1002266102,-248.230759
1002266868,22538.75623
1002267868,12058.7552
1002268868,9.391739
1002269868,-9119.386681
1002270868,-17301.95808
1002271868,-26315.37773
1002272868,-29913.35718
1002273868,-22068.65118
1002274868,-9067.774362
1002275868,-1265.103537
1002276633,-55208.31817
1002277633,-54080.46885
1002278633,-28785.43586
1002279633,4776.226345
1002280633,31669.58226
1002281633,46275.72119
1002282633,45408.8441
1002283633,29971.03158
1002284633,11500.18706
1002285633,1532.796824
1002286399,41591.60126
1002287399,33577.00839
1002288399,10849.00672
1002289399,-13260.84736
1002290399,-29754.97623
1002291399,-37381.46519
1002292399,-34962.62212
1002293399,-22723.2897
1002294399,-8627.0031
1002295399,-1065.949231
1002297141,-13796.67188
1002298141,-22783.69606
1002299141,-12840.04579
1002300141,3213.493362
1002301141,7225.629801
1002302141,-4184.955499
1002303141,-16621.69213
1002304141,-16558.5701
1002305141,-7700.394873
1002306141,-1264.72139
1002306907,-19878.45869
1002307907,-9786.520814
1002308907,10219.56011
1002309907,27027.23146
1002310907,29105.89407
1002311907,16078.52574
1002312907,-302.271259
1002313907,-7316.223807
1002314907,-4804.933795
1002315907,-1194.157923
1002316672,-14201.9413
1002317672,-20778.05487
1002318672,-22134.32564
1002319672,-19569.84257
1002320672,-10807.06119
1002321672,5584.412404
1002322672,20011.56536
1002323672,20221.59539
1002324672,9818.60003
1002325672,1859.716982
1002326438,30249.5903
1002327438,31494.49895
1002328438,21521.7937
1002329438,8078.011733
1002330438,-5791.835987
1002331438,-20940.3248
1002332438,-30482.64463
1002333438,-25358.68236
1002334438,-11333.26895
1002335438,-1907.916626
1002337180,-3513.451048
1002338180,-29351.09974
1002339180,-39251.71873
1002340180,-41883.94741
1002341180,-42808.76773
1002342180,-35454.13616
1002343180,-18133.54979
1002344180,-2838.587272
1002345180,2046.120079
1002346180,1248.885058
1002346946,-28713.16724
1002347946,-24088.63016
1002348946,-10544.47367
1002349946,3983.590109
1002350946,15924.07453
1002351946,24908.99168
1002352946,26940.90223
1002353946,19074.2516
1002354946,7644.414332
1002355946,1068.117585
1002356711,21618.47024
1002357711,23960.65617
1002358711,17937.83739
1002359711,8856.383429
1002360711,-1467.516446
1002361711,-13402.79111
1002362711,-21190.90843
1002363711,-17955.2468
1002364711,-8062.662609
1002365711,-1383.087269
1002366477,-15540.33267
1002367477,-31008.18832
1002368477,-38725.11371
1002369477,-39343.68076
1002370477,-28282.55327
1002371477,-2672.578186
1002372477,22470.97679
1002373477,26770.85189
1002374477,13788.71945
1002375477,2819.078363
1002376243,32190.00353
1002377243,21512.18696
1002378243,1746.966378
1002379243,-17697.37631
1002380243,-30503.85042
1002381243,-34896.66683
1002382243,-30039.00815
1002383243,-18069.25667
1002384243,-6366.080078
1002385243,-625.175355
1002386985,-30253.73256
1002387985,-32570.50421
1002388985,-22485.54036
1002389985,-4890.964325
1002390985,14062.35824
1002391985,28185.62478
1002392985,30587.12426
1002393985,20651.76572
1002394985,7883.40675
1002395985,1075.221014
1002396750,30133.72522
1002397750,88.888615
1002398750,-33995.82171
1002399750,-60585.6315
1002400750,-68204.2265
1002401750,-51874.68999
1002402750,-22921.52203
1002403750,-2082.542144
1002404750,3142.813729
1002405750,1618.423647
1002406516,-19623.59113
1002407516,-13770.71439
1002408516,880.368856
1002409516,14416.82036
1002410516,19126.78335
1002411516,15061.01419
1002412516,7570.565402
1002413516,2014.052573
1002414516,-36.74178
1002415516,-242.056756
1002416282,-3685.634964
1002417282,-2366.612108
1002418282,1336.841786
1002419282,9226.626128
1002420282,15878.82705
1002421282,13834.55635
1002422282,4787.718168
1002423282,-1874.100859
1002424282,-2307.270189
1002425282,-700.676978
1002427024,-20981.31436
1002428024,-27754.65854
1002429024,-21152.42317
1002430024,-5142.449904
1002431024,10609.39621
1002432024,18762.02848
1002433024,17442.32782
1002434024,10285.00773
1002435024,3520.548778
1002436024,424.287259
1002436789,20672.50042
1002437789,-16015.79619
1002438789,-51758.64986
1002439789,-75845.03835
1002440789,-76706.29364
1002441789,-49698.8162
1002442789,-11893.22653
1002443789,9315.271503
1002444789,8733.566851
1002445789,2717.192664
1002446555,-11699.68001
1002447555,-3295.770985
1002448555,14161.28418
1002449555,28948.85067
1002450555,27908.74134
1002451555,9580.117624
1002452555,-10735.33837
1002453555,-16226.38434
1002454555,-8795.816461
1002455555,-1855.274639
1002456321,-26116.70318
1002457321,-42078.51972
1002458321,-43524.7141
1002459321,-34364.65546
1002460321,-16775.13316
1002461321,8409.451283
1002462321,28661.41141
1002463321,28592.06698
1002464321,13873.24387
1002465321,2683.831953
1002467063,37480.1767
1002468063,47004.08339
1002469063,34586.18793
1002470063,9377.954012
1002471063,-14159.91275
1002472063,-28551.72388
1002473063,-30932.15745
1002474063,-21670.33748
1002475063,-8777.437393
1002476063,-1354.451713
1002476829,14913.17084
1002477829,12184.73372
1002478829,18220.95101
1002479829,24640.08088
1002480829,12806.42551
1002481829,-22146.43428
1002482829,-53193.80132
1002483829,-50303.48129
1002484829,-23561.56167
1002485829,-4126.373795
1002486594,-77902.27186
1002487594,-111208.7779
1002488594,-96660.16118
1002489594,-55865.65705
1002490594,-10638.82261
1002491594,31745.30837
1002492594,57014.85832
1002493594,49508.80338
1002494594,22653.21788
1002495594,4205.232965
1002496360,-3053.408626
1002497360,763.636068
1002498360,-845.56132
1002499360,-2996.25402
1002500360,1209.988134
1002501360,11727.87681
1002502360,19290.69191
1002503360,16222.86033
1002504360,7110.032607
1002505360,1122.891893
1002507102,48698.66014
1002508102,51443.98287
1002509102,38095.42467
1002510102,14705.57491
1002511102,-15085.59791
1002512102,-44726.95114
1002513102,-57249.11829
1002514102,-42962.17277
1002515102,-17719.38784
1002516102,-2704.469163
1002516868,-13432.5253
1002517868,-11519.08981
1002518868,3573.455206
1002519868,16989.71618
1002520868,15058.07689
1002521868,-1501.7782
1002522868,-17416.07857
1002523868,-18705.59845
1002524868,-9157.701406
1002525868,-1691.416505
1002526633,-38071.32052
1002527633,-65471.63803
1002528633,-66070.01148
1002529633,-51017.43773
1002530633,-28652.2455
1002531633,1343.713315
1002532633,27357.28479
1002533633,30694.05297
1002534633,15701.54735
1002535633,3276.850762
1002536399,17037.49922
1002537399,17841.26445
1002538399,11781.07268
1002539399,2798.494142
1002540399,-6169.141916
1002541399,-13897.16993
1002542399,-16992.24494
1002543399,-12788.05621
1002544399,-5349.556571
1002545399,-827.463346
1002547141,-10255.81533
1002548141,-8583.866219
1002549141,-2644.707143
1002550141,3170.680869
1002551141,6301.001106
1002552141,7073.232165
1002553141,6043.499804
1002554141,3649.823234
1002555141,1292.842715
1002556141,136.918565
1002556907,34644.03594
1002557907,22032.67968
1002558907,15857.22065
1002559907,14028.16933
1002560907,-2613.374735
1002561907,-41735.87626
1002562907,-73743.50937
1002563907,-65012.32914
1002564907,-29510.83493
1002565907,-4915.181993
1002566672,-116255.4726
1002567672,-153390.3798
1002568672,-130807.4146
1002569672,-77842.47145
1002570672,-14595.50302
1002571672,55410.50119
1002572672,102686.523
1002573672,91068.82296
1002574672,42002.47973
1002575672,7636.495622
1002576438,64498.94335
1002577438,87149.19752
1002578438,71139.52094
1002579438,37511.78163
1002580438,4476.80848
1002581438,-25348.23249
1002582438,-43776.42717
1002583438,-38252.67075
1002584438,-17658.58833
1002585438,-3276.797592
1002587180,3949.674455
1002588180,-8227.650112
1002589180,-15680.84631
1002590180,-21754.61784
1002591180,-26522.88028
1002592180,-24055.03953
1002593180,-13290.99818
1002594180,-2821.256231
1002595180,964.678664
1002596180,721.051007
1002596946,15885.41913
1002597946,21912.35109
1002598946,27853.99267
1002599946,29861.71006
1002600946,17641.41354
1002601946,-12021.5968
1002602946,-39031.27061
1002603946,-39053.0422
1002604946,-18856.54288
1002605946,-3483.262627
1002606711,-40843.76598
1002607711,-70926.80645
1002608711,-71094.27738
1002609711,-56589.46311
1002610711,-36272.89135
1002611711,-6325.095003
1002612711,22884.84925
1002613711,29648.77185
1002614711,15955.70191
1002615711,3497.143746
1002616477,-14605.13063
1002617477,1953.658284
1002618477,17680.61191
1002619477,31413.84866
1002620477,39322.99679
1002621477,34661.43582
1002622477,18919.20236
1002623477,4403.812808
1002624477,-965.807457
1002625477,-899.29974
1002626243,18529.79169
1002627243,-3576.456131
1002628243,-21843.61324
1002629243,-28658.56225
1002630243,-27454.35733
1002631243,-25681.10818
1002632243,-23549.14495
1002633243,-16505.79062
1002634243,-6716.680667
1002635243,-789.131411
1002636985,-53601.02607
1002637985,-82475.55648
1002638985,-73955.48032
1002639985,-49068.33651
1002640985,-23718.35858
1002641985,4209.403469
1002642985,28220.97775
1002643985,31083.11194
1002644985,15982.41455
1002645985,3362.08931
1002646750,5556.140106
1002647750,22071.83798
1002648750,35085.27083
1002649750,41894.72379
1002650750,35156.13113
1002651750,10687.20344
1002652750,-16466.04227
1002653750,-23985.05055
1002654750,-13133.19781
1002655750,-2829.490667
1002656516,-10966.21017
1002657516,-28029.82319
1002658516,-28762.91368
1002659516,-20268.49037
1002660516,-13229.73477
1002661516,-9877.781703
1002662516,-6890.910818
1002663516,-3262.040353
1002664516,-688.769563
1002665516,195.029185
1002666282,-12209.43009
1002667282,-16687.27504
1002668282,-7882.465863
1002669282,2633.50207
1002670282,3477.47917
1002671282,-4277.005312
1002672282,-10607.01042
1002673282,-9333.228335
1002674282,-4023.24752
1002675282,-598.854075
1002677024,-27041.57212
1002678024,-24841.27407
1002679024,-12855.53901
1002680024,783.483154
1002681024,12088.64841
1002682024,21049.48755
1002683024,24023.13741
1002684024,17573.80288
1002685024,7209.388619
1002686024,1062.102642
1002686789,28136.41854
1002687789,23849.79593
1002688789,18091.0819
1002689789,14804.28103
1002690789,4389.712306
1002691789,-21085.16743
1002692789,-44698.70241
1002693789,-42098.86264
1002694789,-19875.95857
1002695789,-3502.925577
1002696555,-55477.92068
1002697555,-92490.85042
1002698555,-88712.01834
1002699555,-61943.61405
1002700555,-29378.25172
1002701555,5737.776943
1002702555,32353.75061
1002703555,33838.3251
1002704555,16876.36082
1002705555,3521.545972
1002706321,-31608.88257
1002707321,-43468.71811
1002708321,-44493.88657
1002709321,-34734.17567
1002710321,-11563.36408
1002711321,22737.25326
1002712321,47723.84267
1002713321,43171.90359
1002714321,19901.07463
1002715321,3555.838715
1002717063,69632.25556
1002718063,87056.78197
1002719063,69218.55467
1002720063,33956.00128
1002721063,-3658.894898
1002722063,-41537.29712
1002723063,-65818.44416
1002724063,-56640.79494
1002725063,-25945.71277
1002726063,-4598.210844
1002726829,-27303.52104
1002727829,-68331.4354
1002728829,-75911.22934
1002729829,-67283.53191
1002730829,-55298.2779
1002731829,-33923.19738
1002732829,-5610.844471
1002733829,10594.57588
1002734829,8799.963428
1002735829,2672.969776
1002736594,-36562.68652
1002737594,-17815.81616
1002738594,12327.58952
1002739594,38949.9899
1002740594,49628.11491
1002741594,41734.12165
1002742594,23426.24172
1002743594,7582.92246
1002744594,584.02428
1002745594,-630.929959
1002746360,13044.38475
1002747360,20520.8338
1002748360,20826.3086
1002749360,17504.85817
1002750360,10957.79586
1002751360,-583.105739
1002752360,-11667.82963
1002753360,-13256.55966
1002754360,-6796.472766
1002755360,-1384.490046
1002757102,17140.37088
1002758102,-16033.8202
1002759102,-43176.89677
1002760102,-61258.68359
1002761102,-65931.13525
1002762102,-51173.94587
1002763102,-23808.90267
1002764102,-2918.510168
1002765102,2897.547116
1002766102,1635.525768
1002766868,-21836.50126
1002767868,-19266.64596
1002768868,-5635.485886
1002769868,7835.475389
1002770868,13293.50929
1002771868,11633.22515
1002772868,7243.643253
1002773868,3232.224508
1002774868,863.937013
1002775868,15.145154
1002776633,-8660.453962
1002777633,-19042.75024
1002778633,-27801.50237
1002779633,-31280.21528
1002780633,-22186.05685
1002781633,1064.060908
1002782633,23027.22084
1002783633,25474.65423
1002784633,12732.67095
1002785633,2494.957291
1002786399,54668.65753
1002787399,49687.34331
1002788399,26892.00833
1002789399,-3459.608179
1002790399,-33041.2543
1002791399,-55372.26928
1002792399,-59459.83567
1002793399,-41222.61691
1002794399,-16224.52956
1002795399,-2227.104781
1002797141,-26426.43144
1002798141,-35461.36221
1002799141,-21850.46274
1002800141,326.328411
1002801141,12436.5528
1002802141,8270.466356
1002803141,-2768.572514
1002804141,-7602.99827
1002805141,-4549.001362
1002806141,-894.950162
1002806907,-41674.53937
1002807907,-56636.1583
1002808907,-48413.82423
1002809907,-27039.50063
1002810907,-2346.571729
1002811907,21416.4995
1002812907,34921.83537
1002813907,29329.58686
1002814907,13134.80106
1002815907,2342.534028
1002816672,21911.97008
1002817672,33209.73542
1002818672,37511.50069
1002819672,35233.77007
1002820672,20705.80489
1002821672,-8533.988253
1002822672,-34683.68739
1002823672,-35535.54877
1002824672,-17339.0627
1002825672,-3298.032319
1002826438,-3363.257878
1002827438,-28671.19352
1002828438,-34603.77643
1002829438,-33044.05793
1002830438,-35210.88083
1002831438,-36490.56177
1002832438,-28512.00217
1002833438,-14442.2052
1002834438,-3825.992715
1002835438,126.19472
1002837180,-46373.60482
1002838180,-49758.23843
1002839180,-33085.23729
1002840180,-11095.9491
1002841180,8635.611749
1002842180,27200.89576
1002843180,37734.14027
1002844180,30618.12462
1002845180,13476.63385
1002846180,2254.075528
1002846946,17322.2614
1002847946,22408.36764
1002848946,17917.15421
1002849946,9980.449786
1002850946,2257.808091
1002851946,-5729.862782
1002852946,-11386.83547
1002853946,-10356.28174
1002854946,-4843.114232
1002855946,-905.419498
1002856711,19618.80937
1002857711,20625.95234
1002858711,23758.34246
1002859711,26604.04935
1002860711,15689.157
1002861711,-15762.12788
1002862711,-45862.22554
1002863711,-45648.25074
1002864711,-22034.56278
1002865711,-4017.490116
1002866477,-52687.2402
1002867477,-107668.9677
1002868477,-114428.7426
1002869477,-90303.44239
1002870477,-55073.74481
1002871477,-12713.70686
1002872477,23779.31475
1002873477,32596.203
1002874477,17843.5501
1002875477,4150.993763
1002876243,-29495.99261
1002877243,-15635.79732
1002878243,10613.50383
1002879243,34946.78729
1002880243,43058.51769
1002881243,31566.20675
1002882243,11565.2606
1002883243,-1315.355838
1002884243,-3114.323139
1002885243,-1150.694281
1002886985,5938.239551
1002887985,-16896.47033
1002888985,-32080.94174
1002889985,-39529.89718
1002890985,-39566.83279
1002891985,-29618.19784
1002892985,-13133.37065
1002893985,-935.441752
1002894985,2111.038889
1002895985,1069.660095
1002896750,1149.403359
1002897750,6627.79099
1002898750,18065.37877
1002899750,25105.27494
1002900750,16261.88343
1002901750,-7728.341199
1002902750,-28339.61683
1002903750,-28024.87738
1002904750,-13311.26037
1002905750,-2424.275662
1002906516,-53577.5094
1002907516,-63009.59186
1002908516,-46131.11847
1002909516,-15832.97847
1002910516,14573.72903
1002911516,38263.06645
1002912516,46445.64146
1002913516,34352.09531
1002914516,14226.44715
1002915516,2241.94787
1002916282,20248.92211
1002917282,13084.35283
1002918282,-1194.971626
1002919282,-12406.6429
1002920282,-15713.45467
1002921282,-14321.84828
1002922282,-11602.95374
1002923282,-7526.81959
1002924282,-2990.251365
1002925282,-362.51557
1002927024,-13840.57536
1002928024,-27525.02627
1002929024,-24342.70985
1002930024,-12673.62414
1002931024,-4818.825402
1002932024,-4301.102242
1002933024,-6139.267437
1002934024,-5291.86289
1002935024,-2285.523767
1002936024,-237.429415
1002936789,-35773.28079
1002937789,-58479.30783
1002938789,-56989.53875
1002939789,-40049.97149
1002940789,-16927.45791
1002941789,9050.567342
1002942789,27745.58959
1002943789,26989.02501
1002944789,13002.74017
1002945789,2571.662557
1002946555,11047.43643
1002947555,12535.54429
1002948555,7969.871225
1002949555,23.663431
1002950555,-6851.777924
1002951555,-9815.54831
1002952555,-8538.658535
1002953555,-4891.922573
1002954555,-1645.11662
1002955555,-178.197938
1002956321,5431.149339
1002957321,8010.666352
1002958321,9324.180581
1002959321,7767.06829
1002960321,2131.630428
1002961321,-6036.430079
1002962321,-11328.28529
1002963321,-9730.472941
1002964321,-4330.988212
1002965321,-742.961896
1002967063,10151.21184
1002968063,-649.873744
1002969063,-7057.831964
1002970063,-8690.076967
1002971063,-11024.3559
1002972063,-17972.47664
1002973063,-23699.26849
1002974063,-19523.20856
1002975063,-8667.711136
1002976063,-1328.381133
1002976829,-48050.7559
1002977829,-86480.95522
1002978829,-86999.42519
1002979829,-61413.5717
1002980829,-26971.87645
1002981829,7810.773679
1002982829,30924.2783
1002983829,30399.96802
1002984829,14710.26631
1002985829,3039.875445
1002986594,-29360.3979
1002987594,-38523.32588
1002988594,-33851.27312
1002989594,-19435.50583
1002990594,129.682931
1002991594,20878.84202
1002992594,32650.40431
1002993594,26973.9773
1002994594,11913.06112
1002995594,2043.356894
1002996360,31307.37931
1002997360,41397.5816
1002998360,45304.25374
1002999360,45371.14347
1003000360,29426.36367
1003001360,-11492.95699
1003002360,-51665.89434
1003003360,-54370.29032
1003004360,-26877.08265
1003005360,-5109.162386
1003007102,-49223.16643
1003008102,-101356.8524
1003009102,-119441.0111
1003010102,-116049.8664
1003011102,-87927.81792
1003012102,-23659.22298
1003013102,44686.35374
1003014102,62843.27526
1003015102,34284.1422
1003016102,7474.950242
1003016868,53701.39209
1003017868,106874.9987
1003018868,127975.3674
1003019868,116638.42
1003020868,70141.64765
1003021868,-8084.557923
1003022868,-74783.69897
1003023868,-80136.4025
1003024868,-39799.76327
1003025868,-7935.137596
1003026633,-43001.85916
1003027633,-73062.58221
1003028633,-69291.52051
1003029633,-45574.85357
1003030633,-18758.12276
1003031633,5850.707215
1003032633,22164.00129
1003033633,22014.77121
1003034633,10795.85125
1003035633,2275.665633
1003036399,-6162.723439
1003037399,-23691.56266
1003038399,-34822.10451
1003039399,-41478.60137
1003040399,-38571.38928
1003041399,-18714.57984
1003042399,7563.08126
1003043399,18259.78881
1003044399,11127.21511
1003045399,2618.493402
1003047141,19716.8079
1003048141,44241.85589
1003049141,54724.65569
1003050141,54053.81844
1003051141,40293.33662
1003052141,8909.800387
1003053141,-24287.66162
1003054141,-32600.43386
1003055141,-17636.34786
1003056141,-3779.776279
1003056907,-12335.66573
1003057907,-40627.2639
1003058907,-51719.67533
1003059907,-49297.35859
1003060907,-37901.93606
1003061907,-17743.16158
1003062907,3330.398467
1003063907,11830.21466
1003064907,7521.160904
1003065907,1966.916887
1003066672,9877.121391
1003067672,-3383.339582
1003068672,-10902.37859
1003069672,-16661.23358
1003070672,-24336.10811
1003071672,-30423.98025
1003072672,-28228.76198
1003073672,-17510.01462
1003074672,-6180.582221
1003075672,-572.195059
1003076438,-39597.19381
1003077438,-51190.99969
1003078438,-43869.17399
1003079438,-27230.0422
1003080438,-6227.5739
1003081438,19172.20616
1003082438,37465.26489
1003083438,33867.09288
1003084438,15758.50712
1003085438,2870.479126
1003087180,52264.78205
1003088180,62742.45042
1003089180,53269.21538
1003090180,30215.47108
1003091180,-2797.169219
1003092180,-40942.20842
1003093180,-63555.04973
1003094180,-52535.84274
1003095180,-23146.6856
1003096180,-3898.420609
1003096946,-1355.362931
1003097946,-25944.23184
1003098946,-32515.08161
1003099946,-36543.28329
1003100946,-45909.3563
1003101946,-48332.53475
1003102946,-34327.08172
1003103946,-14311.23004
1003104946,-2423.098222
1003105946,628.252339
1003106711,-38022.46379
1003107711,-22786.33984
1003108711,1163.861858
1003109711,20368.76529
1003110711,30810.9161
1003111711,35112.82701
1003112711,32222.39529
1003113711,20897.10978
1003114711,7873.960757
1003115711,901.937239
1003116477,21502.14212
1003117477,34457.42517
1003118477,33632.78672
1003119477,28335.7971
1003120477,20757.51595
1003121477,5342.951677
1003122477,-12323.05387
1003123477,-17422.03698
1003124477,-9638.724621
1003125477,-2111.225303
1003126243,22924.95118
1003127243,1510.376987
1003128243,-8616.324933
1003129243,-11983.62115
1003130243,-23375.56876
1003131243,-45298.14471
1003132243,-58108.96566
1003133243,-45053.09959
1003134243,-18948.14335
1003135243,-2734.750443
1003136985,-84898.01264
1003137985,-104359.9963
1003138985,-78782.97713
1003139985,-34572.22365
1003140985,7252.276906
1003141985,43715.33278
1003142985,63875.31662
1003143985,52755.89064
1003144985,23595.18641
1003145985,4133.077037
1003146750,43824.97144
1003147750,69017.9538
1003148750,73863.68836
1003149750,64084.10648
1003150750,36551.18389
1003151750,-11712.42145
1003152750,-54096.50598
1003153750,-56107.95177
1003154750,-27567.39713
1003155750,-5346.697657
1003156516,-41995.34097
1003157516,-71414.4026
1003158516,-70048.55629
1003159516,-51294.98996
1003160516,-26926.68136
1003161516,2303.079408
1003162516,26596.40328
1003163516,29365.99835
1003164516,14984.8011
1003165516,3149.874873
1003166282,-3842.662285
1003167282,1861.210562
1003168282,6640.337751
1003169282,10833.28917
1003170282,13487.80268
1003171282,11903.04485
1003172282,6266.038233
1003173282,1109.644252
1003174282,-593.146017
1003175282,-369.640298
1003177024,12456.42673
1003178024,-12562.44069
1003179024,-34193.24963
1003180024,-43509.96778
1003181024,-38797.38307
1003182024,-23924.07976
1003183024,-7307.595512
1003184024,2007.915897
1003185024,2828.427292
1003186024,1082.454959
1003186789,11688.6148
1003187789,9664.080258
1003188789,10819.3077
1003189789,9822.407512
1003190789,-884.654248
1003191789,-20713.77904
1003192789,-34956.55879
1003193789,-30011.45146
1003194789,-13443.23284
1003195789,-2223.333318
1003196555,-39061.61023
1003197555,-68472.25395
1003198555,-68978.45943
1003199555,-53389.14844
1003200555,-31255.37239
1003201555,-2039.453192
1003202555,23696.66103
1003203555,28002.04305
1003204555,14584.67533
1003205555,3132.215172
1003206321,5682.895487
1003207321,7440.217698
1003208321,10276.11023
1003209321,11562.28974
1003210321,6323.162961
1003211321,-6203.868566
1003212321,-17011.56181
1003213321,-16384.06657
1003214321,-7741.762094
1003215321,-1392.608286
1003217063,-23601.60821
1003218063,-30225.3624
1003219063,-15894.39375
1003220063,7960.131759
1003221063,21122.04325
1003222063,15254.74498
1003223063,1039.387552
1003224063,-6192.883931
1003225063,-4259.953222
1003226063,-963.855826
1003226829,-8297.556134
1003227829,-28963.52095
1003228829,-36149.4829
1003229829,-36873.10528
1003230829,-34214.34468
1003231829,-22809.0083
1003232829,-5165.444951
1003233829,5597.959528
1003234829,5085.197015
1003235829,1561.943461
1003236594,-583.116034
1003237594,1514.952295
1003238594,197.676796
1003239594,-5354.045532
1003240594,-8892.427824
1003241594,-4435.582253
1003242594,4043.011872
1003243594,7295.268753
1003244594,4192.014823
1003245594,877.719184
1003246360,20130.09099
1003247360,27403.02238
1003248360,24942.67188
1003249360,19173.80774
1003250360,10852.42511
1003251360,-4089.950741
1003252360,-19054.20341
1003253360,-20624.41681
1003254360,-10445.87247
1003255360,-2057.804182
1003257102,-16324.32726
1003258102,-40230.33584
1003259102,-46475.95455
1003260102,-36976.82251
1003261102,-19861.97997
1003262102,-2481.456321
1003263102,8335.575578
1003264102,9222.58083
1003265102,4577.435987
1003266102,1082.807171
1003266868,-6534.74862
1003267868,-24456.67829
1003268868,-30403.92536
1003269868,-29427.23662
1003270868,-25674.85363
1003271868,-17470.84132
1003272868,-6231.294737
1003273868,1158.069465
1003274868,2143.864202
1003275868,856.734864
1003276633,-25548.59546
1003277633,-21705.6239
1003278633,-5899.581143
1003279633,12573.48855
1003280633,23591.95949
1003281633,23234.87703
1003282633,14911.97568
1003283633,5939.787293
1003284633,1114.995071
1003285633,-153.161487
1003286399,23276.21826
1003287399,8047.921517
1003288399,-7087.167862
1003289399,-18697.90491
1003290399,-28055.11384
1003291399,-34808.52541
1003292399,-33539.58123
1003293399,-22053.81122
1003294399,-8303.597276
1003295399,-937.977732
1003297141,-28919.1387
1003298141,-40921.85905
1003299141,-34191.25814
1003300141,-23418.51422
1003301141,-15265.62563
1003302141,-2826.897853
1003303141,12430.31184
1003304141,17088.56589
1003305141,9550.757307
1003306141,2095.559543
1003306907,25431.72031
1003307907,53914.43333
1003308907,70824.62209
1003309907,72986.61466
1003310907,50628.1164
1003311907,522.1736
1003312907,-47155.9726
1003313907,-53812.21311
1003314907,-27346.74256
1003315907,-5491.333478
1003316672,-18626.34219
1003317672,-51025.65065
1003318672,-56582.5469
1003319672,-48857.41926
1003320672,-40375.60047
1003321672,-28048.80736
1003322672,-10603.50115
1003323672,1752.728434
1003324672,3660.649961
1003325672,1492.472772
1003326438,-31809.52162
1003327438,-35160.50435
1003328438,-25835.31687
1003329438,-14135.93192
1003330438,-2145.052528
1003331438,14431.99053
1003332438,28422.25339
1003333438,26479.85988
1003334438,12564.34921
1003335438,2285.29685
1003337180,40841.04326
1003338180,53049.3587
1003339180,42915.50305
1003340180,21930.25431
1003341180,57.408984
1003342180,-20576.29371
1003343180,-32958.67031
1003344180,-28086.81922
1003345180,-12769.02402
1003346180,-2288.9432
1003346946,9610.678543
1003347946,-9462.175593
1003348946,-21488.26764
1003349946,-30063.48676
1003350946,-36980.48513
1003351946,-36580.12319
1003352946,-25709.7081
1003353946,-11417.45268
1003354946,-2455.462304
1003355946,300.69883
1003356711,-15513.54537
1003357711,-20188.74291
1003358711,-11902.62144
1003359711,-411.422386
1003360711,4417.553327
1003361711,1540.894194
1003362711,-3150.997789
1003363711,-4277.649615
1003364711,-2201.33372
1003365711,-373.072495
1003366477,-23978.19699
1003367477,-40440.02389
1003368477,-42137.11908
1003369477,-32711.30641
1003370477,-15627.42169
1003371477,6680.537953
1003372477,23434.53166
1003373477,23059.1622
1003374477,11085.38577
1003375477,2164.655911
1003376243,38240.11295
1003377243,34293.42404
1003378243,21650.10455
1003379243,1999.686275
1003380243,-23114.12328
1003381243,-46859.45967
1003382243,-54448.86317
1003383243,-39119.84733
1003384243,-15685.97689
1003385243,-2222.430456
1003386985,-33256.42124
1003387985,-22804.76075
1003388985,580.083724
1003389985,23121.97493
1003390985,33779.13583
1003391985,30859.92124
1003392985,19715.01984
1003393985,8294.383002
1003394985,1796.439358
1003395985,-171.448356
1003396750,11721.56605
1003397750,-4459.815274
1003398750,-20556.08048
1003399750,-31506.74512
1003400750,-33081.90032
1003401750,-23097.05446
1003402750,-7434.452492
1003403750,2486.094884
1003404750,3252.345844
1003405750,1113.235645
1003406516,11378.05936
1003407516,12606.80901
1003408516,10739.55707
1003409516,2917.184821
1003410516,-9361.74859
1003411516,-19290.77156
1003412516,-20192.98025
1003413516,-12823.89997
1003414516,-4563.982221
1003415516,-536.341551
1003416282,28279.8664
1003417282,36901.70272
1003418282,42183.53445
1003419282,38352.13743
1003420282,14808.65039
1003421282,-27845.60961
1003422282,-61204.73724
1003423282,-56276.90801
1003424282,-26105.18454
1003425282,-4623.327267
1003427024,-69753.71444
1003428024,-106554.7683
1003429024,-93727.69879
1003430024,-55447.80093
1003431024,-16781.57126
1003432024,17337.48769
1003433024,39549.04766
1003434024,36988.11973
1003435024,17725.06651
1003436024,3537.89334
1003436789,-22718.92531
1003437789,-16714.75257
1003438789,-10494.57672
1003439789,-2432.855188
1003440789,12316.2149
1003441789,32666.3381
1003442789,44416.84144
1003443789,35315.263
1003444789,15193.7403
1003445789,2354.153184
1003446555,90986.26165
1003447555,101311.5896
1003448555,75155.18316
1003449555,32391.51075
1003450555,-15666.15236
1003451555,-65569.1349
1003452555,-93718.65908
1003453555,-76072.6544
1003454555,-33359.80824
1003455555,-5547.438667
1003456321,-62685.88882
1003457321,-88629.41943
1003458321,-70959.37122
1003459321,-34664.8064
1003460321,-4167.544197
1003461321,16874.52212
1003462321,27857.92827
1003463321,24004.73068
1003464321,11152.33708
1003465321,2196.846712
1003467063,-16790.37407
1003468063,-30832.92934
1003469063,-38686.37564
1003470063,-39354.83403
1003471063,-26561.88111
1003472063,1983.673922
1003473063,28689.25112
1003474063,31587.15347
1003475063,15814.57579
1003476063,3118.85685
1003476829,32182.60282
1003477829,45488.38174
1003478829,40900.84322
1003479829,27080.58375
1003480829,9630.828217
1003481829,-11561.83907
1003482829,-27798.22452
1003483829,-26485.56717
1003484829,-12672.65896
1003485829,-2408.508734
1003486594,12351.3915
1003487594,-12800.90015
1003488594,-27792.52868
1003489594,-36056.71203
1003490594,-42376.60904
1003491594,-42973.35213
1003492594,-32909.80806
1003493594,-16872.05232
1003494594,-4725.701928
1003495594,7.862059
1003496360,-59982.02001
1003497360,-59182.32866
1003498360,-34635.19702
1003499360,-2998.995169
1003500360,24917.60441
1003501360,46304.60728
1003502360,52804.25806
1003503360,38313.35166
1003504360,15643.14385
1003505360,2323.669641
1003507102,30232.79241
1003508102,26947.46376
1003509102,6994.225635
1003510102,-18473.77687
1003511102,-33269.01173
1003512102,-29020.43494
1003513102,-12992.72612
1003514102,-578.962384
1003515102,2164.792599
1003516102,871.34535
1003516868,25249.1619
1003517868,22762.33089
1003518868,12374.66439
1003519868,-540.841963
1003520868,-12968.64686
1003521868,-24076.23708
1003522868,-28626.9727
1003523868,-21621.31125
1003524868,-9113.908827
1003525868,-1385.136877
1003526633,-12022.17298
1003527633,-29567.62321
1003528633,-28364.98256
1003529633,-18667.02372
1003530633,-13415.2318
1003531633,-13661.2177
1003532633,-12766.15623
1003533633,-7953.528603
1003534633,-2670.772283
1003535633,-105.36291
1003536399,-23327.84938
1003537399,-36533.33491
1003538399,-32453.77903
1003539399,-21689.82449
1003540399,-11924.52572
1003541399,-1167.460104
1003542399,9220.924218
1003543399,11685.71044
1003544399,6358.639302
1003545399,1415.447108
1003547141,10217.69347
1003548141,25325.44089
1003549141,34785.40958
1003550141,36760.23744
1003551141,26814.84579
1003552141,2788.4011
1003553141,-21316.29515
1003554141,-25830.05251
1003555141,-13457.48256
1003556141,-2762.154494
1003556907,-15790.42217
1003557907,-37609.25732
1003558907,-45467.25297
1003559907,-43117.1937
1003560907,-31861.15258
1003561907,-10052.26834
1003562907,12163.52545
1003563907,18535.14117
1003564907,10315.00612
1003565907,2336.105559
1003566672,-8010.579779
1003567672,-5218.652431
1003568672,-2949.017427
1003569672,-435.485733
1003570672,4664.931907
1003571672,11744.21462
1003572672,15387.36923
1003573672,11806.60044
1003574672,4918.216643
1003575672,726.469977
1003576438,30092.13653
1003577438,25928.76682
1003578438,13858.73723
1003579438,947.44666
1003580438,-11806.53184
1003581438,-26105.50763
1003582438,-34509.37872
1003583438,-27658.3622
1003584438,-12071.82543
1003585438,-1921.541514
1003587180,-28361.31614
1003588180,-40777.54848
1003589180,-29161.0207
1003590180,-8015.349843
1003591180,5031.771555
1003592180,5835.013852
1003593180,1359.997734
1003594180,-1285.847973
1003595180,-975.178912
1003596180,-123.844519
1003596946,-8007.738171
1003597946,-25992.68983
1003598946,-31759.26658
1003599946,-32930.43815
1003600946,-31905.34894
1003601946,-22363.42162
1003602946,-6006.381413
1003603946,4536.767065
1003604946,4523.313525
1003605946,1429.156279
1003606711,-19325.76264
1003607711,-8798.421916
1003608711,4954.984195
1003609711,17065.28123
1003610711,24573.81772
1003611711,25727.95152
1003612711,20058.41353
1003613711,10751.46767
1003614711,3300.297142
1003615711,157.312323
1003616477,28833.61936
1003617477,25528.62513
1003618477,13984.91125
1003619477,-455.162216
1003620477,-15262.40853
1003621477,-28183.02955
1003622477,-32140.12639
1003623477,-23099.28296
1003624477,-9300.584058
1003625477,-1325.978704
1003626243,-6529.133236
1003627243,-17121.42803
1003628243,-15678.44348
1003629243,-9714.83176
1003630243,-8097.255524
1003631243,-11151.33739
1003632243,-12728.88149
1003633243,-9174.045238
1003634243,-3594.044982
1003635243,-395.264721
1003636985,-31690.26518
1003637985,-29638.88753
1003638985,-10721.77856
1003639985,12727.93729
1003640985,26596.05392
1003641985,25993.89588
1003642985,16116.38637
1003643985,6088.844313
1003644985,1029.244887
1003645985,-184.139168
1003646750,19337.93675
1003647750,2665.594673
1003648750,-13014.17086
1003649750,-25273.49734
1003650750,-33465.40293
1003651750,-35047.36046
1003652750,-27798.39706
1003653750,-15175.57701
1003654750,-4736.827562
1003655750,-228.04188
1003656516,-10470.57359
1003657516,-26555.29817
1003658516,-28838.671
1003659516,-25711.52764
1003660516,-22803.23681
1003661516,-16767.75936
1003662516,-6769.864795
1003663516,649.559595
1003664516,1980.499779
1003665516,827.938964
1003666282,-35795.97785
1003667282,-23212.71264
1003668282,-2705.153494
1003669282,16546.32524
1003670282,30805.54163
1003671282,39257.23901
1003672282,37666.17841
1003673282,24665.39016
1003674282,9297.028517
1003675282,1098.368091
1003677024,53905.3801
1003678024,38004.63123
1003679024,-942.115623
1003680024,-36460.68434
1003681024,-49708.47504
1003682024,-42878.77734
1003683024,-27611.42905
1003684024,-12997.58356
1003685024,-3669.138154
1003686024,-38.524108
1003686789,-728.623615
1003687789,-13958.94283
1003688789,-18064.864
1003689789,-18005.43236
1003690789,-18704.42168
1003691789,-18847.3562
1003692789,-15178.56748
1003693789,-8435.090685
1003694789,-2643.449516
1003695789,-84.22557
1003696555,-24392.99901
1003697555,-36568.39852
1003698555,-30782.7658
1003699555,-17632.56029
1003700555,-6496.007689
1003701555,2550.010059
1003702555,9214.895406
1003703555,9589.684031
1003704555,4876.821087
1003705555,1049.679606
1003706321,-19647.68566
1003707321,-23067.74932
1003708321,-18928.23764
1003709321,-7148.851658
1003710321,8843.9246
1003711321,22611.0886
1003712321,26469.18388
1003713321,18678.10911
1003714321,7383.886896
1003715321,1067.70717
1003717063,38468.22097
1003718063,28509.36269
1003719063,3350.745127
1003720063,-25881.75328
1003721063,-44480.92438
1003722063,-45674.54295
1003723063,-33270.90976
1003724063,-16839.77522
1003725063,-5016.698415
1003726063,-223.41815
1003726829,-24182.0537
1003727829,-35131.34873
1003728829,-29039.11302
1003729829,-15353.40247
1003730829,-3259.837314
1003731829,5523.824366
1003732829,10210.85844
1003733829,8925.868113
1003734829,4150.162606
1003735829,834.554295
1003736594,-8804.03207
1003737594,-10408.26139
1003738594,-7070.014539
1003739594,-2010.868561
1003740594,1983.487317
1003741594,4621.331637
1003742594,5652.800411
1003743594,4366.411726
1003744594,1894.456264
1003745594,319.612614
1003746360,6632.368051
1003747360,1225.26648
1003748360,-4224.933796
1003749360,-7141.926946
1003750360,-7818.690584
1003751360,-7696.228341
1003752360,-6731.903928
1003753360,-4348.173522
1003754360,-1638.868173
1003755360,-166.942682
1003757102,-2159.192611
1003758102,-14497.95373
1003759102,-12862.01543
1003760102,-1285.002927
1003761102,4479.34758
1003762102,-5160.045433
1003763102,-19471.88873
1003764102,-20896.77524
1003765102,-10361.76303
1003766102,-1825.059743
1003766868,-69954.56041
1003767868,-97131.96416
1003768868,-87762.16911
1003769868,-56253.97874
1003770868,-13874.25854
1003771868,34808.51618
1003772868,67599.3694
1003773868,60222.22538
1003774868,27750.87608
1003775868,5058.237457
1003776633,51090.7295
1003777633,62956.91307
1003778633,52718.80564
1003779633,30439.50106
1003780633,1480.200454
1003781633,-32113.83186
1003782633,-53754.51483
1003783633,-45956.80494
1003784633,-20688.61912
1003785633,-3601.012804
1003786399,-21207.79042
1003787399,-32907.82001
1003788399,-22852.93659
1003789399,-6288.848222
1003790399,204.298654
1003791399,-4051.096336
1003792399,-8775.308824
1003793399,-7537.884488
1003794399,-3124.160375
1003795399,-362.575033
1003797141,-33644.11469
1003798141,-42238.17282
1003799141,-34176.7318
1003800141,-17662.28368
1003801141,951.903313
1003802141,19211.01924
1003803141,29360.1086
1003804141,24121.01379
1003805141,10633.93219
1003806141,1834.392255
1003806907,28932.3162
1003807907,31334.81293
1003808907,27974.89653
1003809907,21169.65023
1003810907,5349.943251
1003811907,-22168.4048
1003812907,-44121.17247
1003813907,-40109.30627
1003814907,-18569.10386
1003815907,-3257.769804
1003816672,-45783.60438
1003817672,-69502.39085
1003818672,-59829.87567
1003819672,-33733.46057
1003820672,-9211.611193
1003821672,10132.72434
1003822672,21829.11373
1003823672,20158.4769
1003824672,9665.533881
1003825672,1968.62402
1003826438,-17159.9335
1003827438,-18764.32501
1003828438,-15442.66454
1003829438,-7681.975837
1003830438,4397.322448
1003831438,17741.37926
1003832438,24019.72762
1003833438,18381.61515
1003834438,7644.218744
1003835438,1180.580799
1003837180,10486.78654
1003838180,340.573903
1003839180,-14188.66076
1003840180,-23525.61085
1003841180,-20867.1129
1003842180,-8834.262093
1003843180,2524.423447
1003844180,5841.992335
1003845180,3274.243474
1003846180,774.26081
1003846946,-1376.624189
1003847946,-14404.48278
1003848946,-20020.09086
1003849946,-20471.63415
1003850946,-18674.5993
1003851946,-13854.88083
1003852946,-6417.300846
1003853946,-672.569911
1003854946,933.303786
1003855946,523.670045
1003856711,12559.29252
1003857711,3697.098187
1003858711,-5931.111272
1003859711,-17905.90562
1003860711,-28568.54995
1003861711,-30087.13322
1003862711,-20771.93462
1003863711,-8680.035509
1003864711,-1648.404435
1003865711,261.46713
1003866477,712.25581
1003867477,6194.958002
1003868477,16158.96273
1003869477,22575.90422
1003870477,15898.45762
1003871477,-3848.949689
1003872477,-21547.48892
1003873477,-22227.60484
1003874477,-10737.17171
1003875477,-2001.808948
1003876243,-18223.22668
1003877243,-22925.20499
1003878243,-16037.76084
1003879243,-8097.266013
1003880243,-4282.611035
1003881243,-344.507428
1003882243,5058.983643
1003883243,6798.098073
1003884243,3810.341788
1003885243,840.772812
1003886985,32955.33805
1003887985,13975.15535
1003888985,-4943.397485
1003889985,-20387.30549
1003890985,-35294.08289
1003891985,-48955.69593
1003892985,-50954.37734
1003893985,-35227.28851
1003894985,-13778.2384
1003895985,-1732.307284
1003896750,-82208.92479
1003897750,-88254.40386
1003898750,-56025.97931
1003899750,-7726.701249
1003900750,35040.50664
1003901750,63089.47271
1003902750,68066.08096
1003903750,47500.63358
1003904750,18967.16931
1003905750,2777.49129
1003906516,23021.56618
1003907516,25241.43748
1003908516,17284.5992
1003909516,10597.27633
1003910516,6611.760941
1003911516,-2503.277943
1003912516,-14351.01348
1003913516,-16625.8239
1003914516,-8722.830578
1003915516,-1746.28775
1003916282,-9504.033265
1003917282,-37490.49435
1003918282,-50260.23021
1003919282,-51640.48377
1003920282,-43662.5174
1003921282,-23190.96413
1003922282,1562.926746
1003923282,12951.521
1003924282,8715.6738
1003925282,2301.540822
1003927024,9047.878319
1003928024,154.491636
1003929024,-14332.72161
1003930024,-27578.84014
1003931024,-29153.15982
1003932024,-15718.28176
1003933024,1858.563087
1003934024,9206.742472
1003935024,5822.359784
1003936024,1410.040825
1003936789,2005.566284
1003937789,3263.914785
1003938789,77.570904
1003939789,-3833.564931
1003940789,-3319.897553
1003941789,2096.092744
1003942789,7054.218608
1003943789,6816.149875
1003944789,3154.008225
1003945789,539.282721
1003946555,9762.431242
1003947555,10851.40933
1003948555,5200.671994
1003949555,-3226.190052
1003950555,-8287.113453
1003951555,-7259.865721
1003952555,-2871.805912
1003953555,247.460013
1003954555,696.750732
1003955555,224.284802
1003956321,19900.88098
1003957321,18134.30294
1003958321,11846.75873
1003959321,4259.871665
1003960321,-5447.439912
1003961321,-18237.54451
1003962321,-26635.26047
1003963321,-22069.87523
1003964321,-9773.917098
1003965321,-1597.213742
1003967063,-24332.31226
1003968063,-37082.83779
1003969063,-29227.18196
1003970063,-11685.39575
1003971063,1131.595785
1003972063,5580.262896
1003973063,5474.056245
1003974063,3746.312173
1003975063,1673.125656
1003976063,392.191661
1003976829,5048.993835
1003977829,2747.419254
1003978829,6088.1894
1003979829,9325.086949
1003980829,3408.230442
1003981829,-12480.35703
1003982829,-25417.50527
1003983829,-22925.29871
1003984829,-10466.86795
1003985829,-1769.689346
1003986594,-40862.0267
1003987594,-53393.16388
1003988594,-44844.42228
1003989594,-25869.04449
1003990594,-3903.175304
1003991594,19659.74734
1003992594,35089.89417
1003993594,30713.66172
1003994594,14062.65524
1003995594,2539.106316
1003996360,31944.289
1003997360,33330.92078
1003998360,28617.45064
1003999360,21009.11581
1004000360,4472.58259
1004001360,-24271.97547
1004002360,-47136.72023
1004003360,-42603.89728
1004004360,-19667.05355
1004005360,-3432.55108
1004007102,-55559.36752
1004008102,-88355.61926
1004009102,-99337.34652
1004010102,-92309.65378
1004011102,-56016.60853
1004012102,13976.94801
1004013102,75579.10449
1004014102,78612.52502
1004015102,38429.16403
1004016102,7419.546765
1004016868,75996.13078
1004017868,94959.72441
1004018868,75358.18676
1004019868,37338.16353
1004020868,-3282.524685
1004021868,-42578.2146
1004022868,-65317.33034
1004023868,-54413.67305
1004024868,-24300.5706
1004025868,-4235.918207
1004026633,-25860.09722
1004027633,-33953.74372
1004028633,-21974.99892
1004029633,-4275.216731
1004030633,4918.293437
1004031633,4886.286341
1004032633,2237.423106
1004033633,754.625665
1004034633,292.993903
1004035633,118.10099
1004036399,468.233972
1004037399,-2404.295893
1004038399,4016.372589
1004039399,11912.31163
1004040399,8523.103324
1004041399,-8708.918611
1004042399,-24848.83376
1004043399,-24130.67841
1004044399,-11380.35099
1004045399,-1993.871348
1004047141,-42787.27172
1004048141,-58472.69404
1004049141,-50092.70048
1004050141,-31783.7612
1004051141,-11750.95678
1004052141,12572.6767
1004053141,32706.17596
1004054141,32245.71565
1004055141,15760.6823
1004056141,3049.922642
1004056907,24925.42668
1004057907,50474.2608
1004058907,62602.65462
1004059907,63960.66182
1004060907,48002.35408
1004061907,7418.486477
1004062907,-35460.60286
1004063907,-44813.7298
1004064907,-23737.94707
1004065907,-4944.286456
1004066672,-27178.11172
1004067672,-81639.66683
1004068672,-101436.1198
1004069672,-96744.99564
1004070672,-76134.45055
1004071672,-36242.45122
1004072672,8231.15007
1004073672,26720.7588
1004074672,16963.75367
1004075672,4342.15063
1004076438,-7292.300481
1004077438,3615.525271
1004078438,17830.46478
1004079438,26003.69571
1004080438,21302.25661
1004081438,6069.331954
1004082438,-8042.017258
1004083438,-11066.75013
1004084438,-5794.907614
1004085438,-1234.471427
1004087180,-4019.478979
1004088180,-625.850947
1004089180,2041.841803
1004090180,341.800434
1004091180,-2925.478301
1004092180,-1369.083244
1004093180,4420.119842
1004094180,6899.731276
1004095180,3985.597211
1004096180,814.028209
1004096946,49142.83202
1004097946,54984.51225
1004098946,46960.25095
1004099946,30970.24778
1004100946,3522.547978
1004101946,-37182.71837
1004102946,-67341.25913
1004103946,-59585.78569
1004104946,-27275.67215
1004105946,-4741.304619
1004106711,-74641.9356
1004107711,-108635.2916
1004108711,-99993.57081
1004109711,-67891.07767
1004110711,-25676.25871
1004111711,25087.73228
1004112711,63126.64377
1004113711,60162.92669
1004114711,28723.86879
1004115711,5490.864866
1004116477,48544.76187
1004117477,52963.93115
1004118477,33015.41557
1004119477,2768.26122
1004120477,-22580.36764
1004121477,-36872.36287
1004122477,-37442.48406
1004123477,-25177.06055
1004124477,-9830.247538
1004125477,-1396.533016
1004126243,-14431.36819
1004127243,-7334.625489
1004128243,10027.20794
1004129243,28093.67082
1004130243,32263.89476
1004131243,16703.27184
1004132243,-5218.358998
1004133243,-13985.29632
1004134243,-8448.432952
1004135243,-1916.159513
1004136985,-30788.66003
1004137985,-46941.84957
1004138985,-44033.6826
1004139985,-31886.08824
1004140985,-16231.55871
1004141985,4869.640131
1004142985,23474.61267
1004143985,25001.83614
1004144985,12582.23282
1004145985,2533.972329
1004146750,12416.34082
1004147750,22053.31273
1004148750,21798.36254
1004149750,18284.69328
1004150750,14347.4018
1004151750,6169.229367
1004152750,-4470.943925
1004153750,-8772.873761
1004154750,-5286.538238
1004155750,-1246.604459
1004156516,16100.02084
1004157516,-1418.725322
1004158516,-12395.52644
1004159516,-18827.42458
1004160516,-26934.30262
1004161516,-35228.53514
1004162516,-34699.49006
1004163516,-22564.62376
1004164516,-8264.061022
1004165516,-861.479302
1004166282,-40570.29792
1004167282,-44243.23982
1004168282,-22927.45822
1004169282,7400.097717
1004170282,26932.97915
1004171282,27822.29331
1004172282,16372.49084
1004173282,4980.401376
1004174282,192.080179
1004175282,-333.48496
1004177024,-5601.452149
1004178024,-37068.60404
1004179024,-54619.92876
1004180024,-59537.67854
1004181024,-51904.38338
1004182024,-28176.2809
1004183024,1247.594709
1004184024,15080.45823
1004185024,10282.51744
1004186024,2715.40262
1004186789,-3746.102376
1004187789,21577.25489
1004188789,39244.04323
1004189789,45230.8757
1004190789,39136.86913
1004191789,21837.81674
1004192789,1872.665317
1004193789,-7816.752742
1004194789,-5798.317165
1004195789,-1653.947254
1004196555,31240.65679
1004197555,10788.19323
1004198555,-9247.143694
1004199555,-24630.39927
1004200555,-37424.50281
1004201555,-46882.7865
1004202555,-45256.40109
1004203555,-29661.26601
1004204555,-11108.75089
1004205555,-1242.505335
1004206321,-41290.26336
1004207321,-42203.39837
1004208321,-19051.86594
1004209321,7710.36787
1004210321,20828.78469
1004211321,19902.44887
1004212321,12970.69735
1004213321,6128.320945
1004214321,1830.121135
1004215321,145.017265
1004217063,-25884.56146
1004218063,-34058.99479
1004219063,-29570.42278
1004220063,-12626.7289
1004221063,9756.495567
1004222063,28038.03572
1004223063,33125.49036
1004224063,23480.23982
1004225063,9354.476719
1004226063,1395.368009
1004226829,16683.7894
1004227829,6751.691519
1004228829,-5595.53664
1004229829,-14362.07534
1004230829,-18087.36705
1004231829,-18443.03489
1004232829,-15720.22239
1004233829,-9810.404097
1004234829,-3611.368335
1004235829,-362.10268
1004236594,-19741.86428
1004237594,-33320.48028
1004238594,-29400.44418
1004239594,-14330.39551
1004240594,-147.912691
1004241594,6444.782432
1004242594,6097.127502
1004243594,3105.015334
1004244594,933.699478
1004245594,191.569915
1004246360,-11176.36277
1004247360,-34957.26123
1004248360,-44247.85852
1004249360,-44159.06659
1004250360,-37150.75465
1004251360,-19200.85453
1004252360,3189.529474
1004253360,13342.06615
1004254360,8720.720009
1004255360,2226.857071
1004257102,16262.97308
1004258102,36180.47322
1004259102,47572.72868
1004260102,44198.36487
1004261102,23158.08985
1004262102,-8829.808454
1004263102,-31739.11427
1004264102,-30296.77537
1004265102,-14148.85074
1004266102,-2674.045605
1004266868,-3504.485371
1004267868,-11051.5128
1004268868,-10858.34359
1004269868,-7524.669189
1004270868,-6637.457669
1004271868,-8481.432038
1004272868,-9201.67613
1004273868,-6500.137959
1004274868,-2525.109137
1004275868,-270.86386
1004276633,-9937.493594
1004277633,-19299.88805
1004278633,-20522.35571
1004279633,-19528.77182
1004280633,-17300.03425
1004281633,-8999.27009
1004282633,2890.499573
1004283633,8286.461433
1004284633,5245.172002
1004285633,1276.131902
1004286399,28073.34742
1004287399,41834.28142
1004288399,45929.40158
1004289399,38551.92007
1004290399,15895.97538
1004291399,-19812.36553
1004292399,-46956.4614
1004293399,-43666.43685
1004294399,-20392.06826
1004295399,-3704.363505
1004297141,-53286.95977
1004298141,-82780.19346
1004299141,-80873.50714
1004300141,-56913.59165
1004301141,-20664.56607
1004302141,22060.44032
1004303141,51577.51811
1004304141,47554.10144
1004305141,22236.61544
1004306141,4184.458141
1004306907,13604.13007
1004307907,9547.958368
1004308907,-1698.168637
1004309907,-12218.29509
1004310907,-15057.36348
1004311907,-9731.667619
1004312907,-1892.770506
1004313907,2187.096017
1004314907,1809.366828
1004315907,500.710798
1004316672,5481.920028
1004317672,22765.85005
1004318672,41104.69531
1004319672,54798.25298
1004320672,48130.66444
1004321672,12544.58237
1004322672,-28075.70342
1004323672,-38438.7062
1004324672,-20671.76274
1004325672,-4314.970345
1004326438,-29851.27026
1004327438,-73827.73492
1004328438,-89239.53129
1004329438,-85087.57873
1004330438,-65171.87797
1004331438,-24513.56513
1004332438,19443.11994
1004333438,34179.99381
1004334438,19760.56806
1004335438,4609.588721
1004337180,-4957.289307
1004338180,18306.88641
1004339180,36183.60107
1004340180,47938.00002
1004341180,49005.91325
1004342180,31619.85334
1004343180,3841.966181
1004344180,-11852.34611
1004345180,-9197.564501
1004346180,-2522.145029
1004346946,-19048.7347
1004347946,-52439.92523
1004348946,-70511.39362
1004349946,-71127.90316
1004350946,-50773.36495
1004351946,-10056.90275
1004352946,28099.12329
1004353946,35850.5399
1004354946,18835.35734
1004355946,4022.822458
1004356711,22910.56342
1004357711,17168.42708
1004358711,5634.068429
1004359711,-6270.319276
1004360711,-16348.4954
1004361711,-23757.63597
1004362711,-24551.9946
1004363711,-16764.57451
1004364711,-6502.785614
1004365711,-839.721594
1004366477,-8537.67326
1004367477,-5942.034574
1004368477,3821.136564
1004369477,12889.63796
1004370477,12998.55435
1004371477,3398.728865
1004372477,-7225.552818
1004373477,-9632.217963
1004374477,-5056.711769
1004375477,-1013.463719
1004376243,-4380.436983
1004377243,-14940.65477
1004378243,-16666.54891
1004379243,-15836.5325
1004380243,-16508.74347
1004381243,-14887.60133
1004382243,-8437.544373
1004383243,-1839.393636
1004384243,633.835692
1004385243,495.743624
1004386985,7271.723413
1004387985,11896.33755
1004388985,13809.06393
1004389985,12631.14626
1004390985,6982.7503
1004391985,-3644.213491
1004392985,-13156.19075
1004393985,-13480.94832
1004394985,-6634.180833
1004395985,-1267.304088
1004396750,-27806.74743
1004397750,-43283.27418
1004398750,-43319.21893
1004399750,-33013.8285
1004400750,-15261.40375
1004401750,9225.745387
1004402750,28542.98941
1004403750,28036.23817
1004404750,13502.63757
1004405750,2594.68523
1004406516,39568.21613
1004407516,38488.98926
1004408516,25684.59518
1004409516,7617.0245
1004410516,-13554.09166
1004411516,-36317.95726
1004412516,-48333.30568
1004413516,-38133.24182
1004414516,-16416.61447
1004415516,-2606.318164
1004416282,-48901.09363
1004417282,-55948.13316
1004418282,-34520.59932
1004419282,-3739.724621
1004420282,17923.67224
1004421282,26657.76449
1004422282,25068.70626
1004423282,16201.8519
1004424282,6250.211353
1004425282,918.716979
1004427024,-2400.134052
1004428024,-8262.091201
1004429024,-10460.93881
1004430024,-10038.13701
1004431024,-8058.182042
1004432024,-4693.986651
1004433024,-1126.048022
1004434024,733.812585
1004435024,725.359765
1004436024,260.152634
1004436789,-11002.02194
1004437789,-22597.83647
1004438789,-23922.62825
1004439789,-15741.18269
1004440789,-4159.514765
1004441789,4696.569053
1004442789,7593.156228
1004443789,5466.762512
1004444789,2164.400253
1004445789,411.553197
1004446555,-10073.14688
1004447555,-25878.21091
1004448555,-29470.95
1004449555,-24544.93294
1004450555,-16653.50884
1004451555,-6991.76402
1004452555,2140.167195
1004453555,5686.246609
1004454555,3576.90412
1004455555,948.202609
1004456321,-21647.22418
1004457321,-11932.29191
1004458321,7066.803171
1004459321,28562.77983
1004460321,39843.07645
1004461321,32286.6365
1004462321,12997.66688
1004463321,-1015.448451
1004464321,-3334.386811
1004465321,-1228.176443
1004467063,5269.733356
1004468063,-16166.28867
1004469063,-32028.45512
1004470063,-41837.02637
1004471063,-42536.87223
1004472063,-29376.56034
1004473063,-8717.292203
1004474063,4134.041927
1004475063,4671.394345
1004476063,1547.182553
1004476829,17877.66627
1004477829,20780.25111
1004478829,24966.44027
1004479829,23229.93927
1004480829,5897.66462
1004481829,-24940.77446
1004482829,-47188.42503
1004483829,-41366.31918
1004484829,-18651.52497
1004485829,-3170.011693
1004486594,-46716.37821
1004487594,-70280.23108
1004488594,-63651.79099
1004489594,-43572.46701
1004490594,-21146.35976
1004491594,6230.339481
1004492594,30095.27597
1004493594,32242.84667
1004494594,16338.67196
1004495594,3338.112559
1004496360,-6257.730975
1004497360,32272.24368
1004498360,62695.07002
1004499360,82636.07652
1004500360,82000.06703
1004501360,49645.65068
1004502360,3202.454635
1004503360,-20592.85249
1004504360,-14932.24219
1004505360,-3998.404069
1004507102,18204.06277
1004508102,-20055.44634
1004509102,-49645.41866
1004510102,-64857.08469
1004511102,-64829.30323
1004512102,-49053.69737
1004513102,-24434.11723
1004514102,-5398.911951
1004515102,1273.691654
1004516102,1301.138548
1004516868,-31343.29958
1004517868,-33164.72141
1004518868,-16143.95862
1004519868,4958.902155
1004520868,16439.58867
1004521868,16031.49852
1004522868,9353.419508
1004523868,3112.974802
1004524868,345.251167
1004525868,-121.360122
1004526633,-30014.69929
1004527633,-44775.16992
1004528633,-45193.68619
1004529633,-35122.26723
1004530633,-15477.07121
1004531633,13528.47334
1004532633,36761.20521
1004533633,35588.4333
1004534633,17045.17581
1004535633,3208.150055
1004536399,40391.97808
1004537399,64892.82849
1004538399,71265.69954
1004539399,63440.32398
1004540399,37112.65872
1004541399,-10989.42495
1004542399,-54044.33035
1004543399,-56636.46505
1004544399,-27986.38217
1004545399,-5440.472817
1004547141,-40899.16694
1004548141,-74712.90454
1004549141,-75412.12357
1004550141,-55480.3356
1004551141,-28921.36395
1004552141,92.300206
1004553141,22070.28027
1004554141,24386.04339
1004555141,12369.17615
1004556141,2680.782774
1004556907,-22992.03613
1004557907,-44948.08087
1004558907,-49646.05473
1004559907,-43016.07583
1004560907,-28426.85863
1004561907,-4386.467335
1004562907,18717.98966
1004563907,23645.18361
1004564907,12577.52633
1004565907,2706.881876
1004566672,12282.98273
1004567672,36489.57155
1004568672,49007.03959
1004569672,49319.04518
1004570672,36356.35281
1004571672,9802.205167
1004572672,-16405.91624
1004573672,-23081.56129
1004574672,-12558.52075
1004575672,-2768.137306
1004576438,-3382.700186
1004577438,-24687.74733
1004578438,-35352.34072
1004579438,-34079.86974
1004580438,-24785.95513
1004581438,-11587.92861
1004582438,-28.11852
1004583438,4556.879016
1004584438,3113.560161
1004585438,929.008598
1004587180,-11888.407
1004588180,-28378.68219
1004589180,-30052.17393
1004590180,-23252.24176
1004591180,-15976.45593
1004592180,-9063.961659
1004593180,-2060.595589
1004594180,1992.993927
1004595180,1932.554813
1004596180,683.993236
1004596946,-23616.01735
1004597946,-29328.84838
1004598946,-28077.82244
1004599946,-21587.16851
1004600946,-7077.205403
1004601946,15901.72348
1004602946,33505.90217
1004603946,30574.71768
1004604946,14157.23452
1004605946,2521.665761
1004606711,51101.55225
1004607711,49712.31354
1004608711,27611.18149
1004609711,-1448.843537
1004610711,-26244.31127
1004611711,-43089.08981
1004612711,-46389.79664
1004613711,-32794.38674
1004614711,-13233.71297
1004615711,-1912.350041
1004616477,-41937.81241
1004617477,-49629.17347
1004618477,-34097.70211
1004619477,-8541.2485
1004620477,13172.14492
1004621477,26311.67102
1004622477,28775.16523
1004623477,20260.42439
1004624477,8197.16774
1004625477,1269.897
1004626243,14064.74164
1004627243,3152.988498
1004628243,-10134.52647
1004629243,-22726.14412
1004630243,-29424.91342
1004631243,-25588.66675
1004632243,-13879.5079
1004633243,-3488.802784
1004634243,440.409418
1004635243,576.292643
1004636985,1699.131984
1004637985,412.460745
1004638985,3022.153773
1004639985,7635.484627
1004640985,7428.285288
1004641985,-1595.856496
1004642985,-12279.44748
1004643985,-13717.84242
1004644985,-6927.516085
1004645985,-1304.43021
1004646750,-8797.686389
1004647750,-31485.04785
1004648750,-40567.3869
1004649750,-42136.38455
1004650750,-38299.6343
1004651750,-23412.25676
1004652750,-2053.228293
1004653750,9569.454548
1004654750,7218.126921
1004655750,2006.491581
1004656516,11764.07451
1004657516,43322.34087
1004658516,71285.22825
1004659516,85686.85418
1004660516,68198.89355
1004661516,12820.61535
1004662516,-44336.90016
1004663516,-56315.69178
1004664516,-29547.31515
1004665516,-6103.250542
1004666282,-59376.19986
1004667282,-86081.91647
1004668282,-75049.8009
1004669282,-43237.08858
1004670282,-8547.789536
1004671282,23338.67707
1004672282,42425.71391
1004673282,37088.51401
1004674282,17069.47657
1004675282,3197.611892
1004677024,29660.23592
1004678024,18821.15815
1004679024,-4715.127509
1004680024,-30141.89551
1004681024,-43109.81852
1004682024,-36806.08243
1004683024,-18707.45841
1004684024,-3861.214351
1004685024,1064.482648
1004686024,844.243617
1004686789,-4413.444797
1004687789,10122.47825
1004688789,22450.31823
1004689789,27386.57222
1004690789,22948.04211
1004691789,10861.46342
1004692789,-1681.40841
1004693789,-6564.892657
1004694789,-4143.252164
1004695789,-1061.022422
1004696555,6588.23965
1004697555,-4108.277614
1004698555,-10128.88588
1004699555,-8892.695659
1004700555,-6144.575343
1004701555,-8386.675326
1004702555,-12885.59734
1004703555,-11859.73258
1004704555,-5602.977887
1004705555,-901.864143
1004706321,-21807.01871
1004707321,-49508.60188
1004708321,-56114.56767
1004709321,-49900.04274
1004710321,-36740.91602
1004711321,-14361.01152
1004712321,9385.310761
1004713321,17750.2891
1004714321,10461.05889
1004715321,2513.322532
1004717063,-2451.537368
1004718063,-150.661428
1004719063,1673.997092
1004720063,1981.641708
1004721063,1683.868571
1004722063,2053.739765
1004723063,2668.800406
1004724063,2262.202508
1004725063,1022.137777
1004726063,155.630238
1004726829,-6604.660073
1004727829,-2157.491945
1004728829,2583.224535
1004729829,8605.401001
1004730829,14354.18239
1004731829,15765.77243
1004732829,11417.67027
1004733829,5093.005335
1004734829,1111.617253
1004735829,-92.479238
1004736594,30399.35843
1004737594,23055.72053
1004738594,14421.62855
1004739594,5427.356201
1004740594,-10834.47314
1004741594,-35442.29128
1004742594,-51141.44195
1004743594,-41612.9363
1004744594,-18092.0266
1004745594,-2858.995933
1004746360,-39469.10399
1004747360,-65796.4839
1004748360,-60972.89455
1004749360,-43693.28079
1004750360,-27119.10899
1004751360,-7439.571148
1004752360,12460.52994
1004753360,18541.98926
1004754360,10507.33968
1004755360,2454.770863
1004757102,-17091.88222
1004758102,-14536.82252
1004759102,-8494.933852
1004760102,-2801.994187
1004761102,3961.123918
1004762102,13699.69288
1004763102,20447.28864
1004764102,17026.34593
1004765102,7520.264537
1004766102,1222.375295
1004766868,21710.93014
1004767868,27320.82425
1004768868,22959.96683
1004769868,15078.07718
1004770868,5467.059472
1004771868,-8217.927088
1004772868,-19955.00123
1004773868,-19382.10673
1004774868,-9362.677433
1004775868,-1759.218675
1004776633,-11340.43619
1004777633,-29049.76076
1004778633,-32871.4698
1004779633,-26922.11862
1004780633,-17781.20315
1004781633,-7448.754597
1004782633,1686.612944
1004783633,5166.553488
1004784633,3286.109619
1004785633,907.254149
1004786399,-6368.536942
1004787399,-18709.45318
1004788399,-20493.69286
1004789399,-15672.26151
1004790399,-10813.55601
1004791399,-7532.232983
1004792399,-4427.222066
1004793399,-1604.242105
1004794399,-113.38401
1004795399,214.362521
1004797141,-19762.87609
1004798141,-28028.26566
1004799141,-30191.97106
1004800141,-29944.20046
1004801141,-21317.44464
1004802141,2427.331678
1004803141,27336.64456
1004804141,30767.0409
1004805141,15635.00664
1004806141,3071.954793
1004806907,50233.57894
1004807907,62164.73
1004808907,54482.28332
1004809907,34430.74814
1004810907,4289.466489
1004811907,-34096.94862
1004812907,-60251.0039
1004813907,-52494.09887
1004814907,-23859.05256
1004815907,-4177.476007
1004816672,-32180.25842
1004817672,-60010.28014
1004818672,-60600.5401
1004819672,-50108.00501
1004820672,-37365.68568
1004821672,-15761.52725
1004822672,9643.435742
1004823672,19542.21866
1004824672,11772.35575
1004825672,2841.241587
1004826438,4041.758544
1004827438,9037.158807
1004828438,12544.67059
1004829438,12215.76423
1004830438,6464.792651
1004831438,-3439.221276
1004832438,-11190.2847
1004833438,-10880.19165
1004834438,-5168.774806
1004835438,-965.540197
1004837180,-16146.36072
1004838180,-16204.93817
1004839180,-10207.7048
1004840180,-2586.869535
1004841180,4538.308768
1004842180,11521.53994
1004843180,15495.25624
1004844180,12530.7436
1004845180,5528.577242
1004846180,911.234063
1004846946,33837.25088
1004847946,32836.30967
1004848946,22171.35567
1004849946,9586.438027
1004850946,-5036.80829
1004851946,-25057.89543
1004852946,-39986.97671
1004853946,-34706.74315
1004854946,-15855.37498
1004855946,-2708.636328
1004856711,-39471.66696
1004857711,-82258.35658
1004858711,-92209.21049
1004859711,-81084.00758
1004860711,-56252.09991
1004861711,-14900.90684
1004862711,26083.33642
1004863711,37032.60571
1004864711,20374.82919
1004865711,4571.51405
1004866477,5831.12088
1004867477,18023.33925
1004868477,22355.19109
1004869477,19347.28459
1004870477,12334.54748
1004871477,3485.562978
1004872477,-3903.103669
1004873477,-5840.132439
1004874477,-3260.916958
1004875477,-781.059053
1004876243,3551.482017
1004877243,13396.00976
1004878243,23816.39632
1004879243,33352.40615
1004880243,31807.25926
1004881243,11362.08525
1004882243,-14434.92443
1004883243,-22480.19633
1004884243,-12526.48728
1004885243,-2685.862832
1004886985,-19992.58509
1004887985,-70693.51509
1004888985,-95209.82957
1004889985,-99471.51735
1004890985,-83437.69179
1004891985,-40083.40289
1004892985,10804.43062
1004893985,31591.15277
1004894985,19704.38093
1004895985,4886.510116
1004896750,-5848.622537
1004897750,19902.44457
1004898750,39224.84054
1004899750,45905.21863
1004900750,38823.61939
1004901750,20883.61741
1004902750,1957.082821
1004903750,-6650.650099
1004904750,-4898.436174
1004905750,-1434.731452
1004906516,11468.94552
1004907516,19426.80201
1004908516,15722.36782
1004909516,9274.53885
1004910516,7140.104658
1004911516,6788.098157
1004912516,4111.623319
1004913516,722.646589
1004914516,-546.15702
1004915516,-340.217402
1004916282,47992.62043
1004917282,25130.20038
1004918282,6773.446777
1004919282,-4134.211178
1004920282,-23804.30102
1004921282,-60086.37628
1004922282,-85788.41989
1004923282,-70593.13903
1004924282,-30969.25462
1004925282,-4855.27834
1004927024,-147631.1099
1004928024,-170846.419
1004929024,-116342.4403
1004930024,-39216.95706
1004931024,22522.6711
1004932024,72310.74941
1004933024,100642.8336
1004934024,83165.2352
1004935024,37407.3345
1004936024,6517.140422
1004936789,46946.43159
1004937789,75354.39006
1004938789,74346.89527
1004939789,59731.46967
1004940789,37353.14026
1004941789,932.117146
1004942789,-34704.73391
1004943789,-40978.52773
1004944789,-21357.25025
1004945789,-4450.464479
1004946555,-19732.638
1004947555,-26227.68814
1004948555,-18550.60083
1004949555,-3666.326126
1004950555,7879.667019
1004951555,11143.41867
1004952555,8068.003681
1004953555,3554.402967
1004954555,869.727979
1004955555,61.815704
1004956321,36341.49471
1004957321,14885.34556
1004958321,-2603.94193
1004959321,-17357.63501
1004960321,-37365.10151
1004961321,-60525.35335
1004962321,-68337.90084
1004963321,-49223.0689
1004964321,-19757.78987
1004965321,-2651.598452
1004967063,-80688.21838
1004968063,-102192.9636
1004969063,-71204.54861
1004970063,-21621.85165
1004971063,13770.03012
1004972063,32211.35417
1004973063,38558.93119
1004974063,30278.95062
1004975063,13575.11704
1004976063,2465.396188
1004976829,-5615.183106
1004977829,13126.28584
1004978829,26960.90511
1004979829,31832.13245
1004980829,27569.40542
1004981829,17534.90542
1004982829,7541.53396
1004983829,1716.984913
1004984829,-172.386847
1004985829,-398.389936
1004986594,59500.19138
1004987594,86079.2193
1004988594,87107.25285
1004989594,67916.23948
1004990594,27746.88533
1004991594,-31511.96889
1004992594,-77037.22856
1004993594,-72455.1446
1004994594,-34113.12781
1004995594,-6293.420984
1004996360,-41173.33069
1004997360,-69388.93156
1004998360,-61248.14371
1004999360,-36341.9745
1005000360,-15873.68686
1005001360,-2596.749533
1005002360,6272.885063
1005003360,8472.827807
1005004360,4837.389188
1005005360,1287.084666
1005007102,-21842.05741
1005008102,-43265.32648
1005009102,-45886.67625
1005010102,-37497.64963
1005011102,-24570.4085
1005012102,-6880.429351
1005013102,9720.154925
1005014102,14292.52499
1005015102,7962.862646
1005016102,1852.188837
1005016868,-3759.481424
1005017868,456.0455
1005018868,5488.91235
1005019868,7781.569483
1005020868,6019.673759
1005021868,2535.191003
1005022868,350.64813
1005023868,-77.937705
1005024868,-7.307791
1005025868,-36.024597
1005026633,8940.426899
1005027633,30976.85057
1005028633,49669.87779
1005029633,60467.52006
1005030633,50586.96001
1005031633,13323.83256
1005032633,-27579.69267
1005033633,-37947.75374
1005034633,-20436.02493
1005035633,-4317.819158
1005036399,-24613.37006
1005037399,-60139.24326
1005038399,-68664.35194
1005039399,-59445.26962
1005040399,-42413.56907
1005041399,-17472.76454
1005042399,7861.561079
1005043399,17313.28582
1005044399,10523.46219
1005045399,2642.771887
1005047141,14089.60836
1005048141,10300.09264
1005049141,8021.073399
1005050141,4249.281637
1005051141,-6189.187155
1005052141,-22510.05015
1005053141,-32872.91159
1005054141,-26867.81466
1005055141,-11731.74008
1005056141,-1861.219531
1005056907,-47437.10179
1005057907,-56464.43078
1005058907,-40039.69586
1005059907,-12921.37359
1005060907,11130.13583
1005061907,27820.10511
1005062907,33107.32004
1005063907,24403.39406
1005064907,10147.33224
1005065907,1635.666229
1005066672,17451.7105
1005067672,10040.22268
1005068672,-107.796355
1005069672,-9869.452535
1005070672,-17921.78251
1005071672,-22522.70451
1005072672,-20701.99843
1005073672,-12839.10637
1005074672,-4574.205613
1005075672,-467.611958
1005076438,-26313.73377
1005077438,-27555.21219
1005078438,-17499.21739
1005079438,-2728.090937
1005080438,11008.66022
1005081438,20985.43493
1005082438,23413.75167
1005083438,16612.02145
1005084438,6678.309067
1005085438,981.663722
1005087180,29296.6657
1005088180,31985.25425
1005089180,28459.59574
1005090180,22453.56695
1005091180,8236.385641
1005092180,-19427.66126
1005093180,-43962.73714
1005094180,-41917.06857
1005095180,-19962.13812
1005096180,-3604.336786
1005096946,-44136.79376
1005097946,-74031.76756
1005098946,-73704.99189
1005099946,-58393.36462
1005100946,-36112.48647
1005101946,-2869.707387
1005102946,28743.26117
1005103946,34702.75187
1005104946,18226.07401
1005105946,3876.734482
1005106711,-5555.830702
1005107711,6589.028739
1005108711,13136.72505
1005109711,16342.94693
1005110711,19496.50193
1005111711,20594.53561
1005112711,16195.20953
1005113711,8309.554002
1005114711,2267.968524
1005115711,-19.365946
1005116477,41845.46111
1005117477,28894.30654
1005118477,11378.66056
1005119477,-5202.228311
1005120477,-24718.08839
1005121477,-47832.19136
1005122477,-58955.88156
1005123477,-44778.83908
1005124477,-18693.7081
1005125477,-2749.249518
1005126243,-55868.3473
1005127243,-67970.01177
1005128243,-43219.79968
1005129243,-6617.992267
1005130243,16799.4749
1005131243,23288.93447
1005132243,20012.05751
1005133243,12372.12424
1005134243,4781.066406
1005135243,767.419387
1005136985,-24524.56073
1005137985,-28246.54479
1005138985,-22990.15137
1005139985,-13037.08015
1005140985,497.173175
1005141985,17160.01951
1005142985,28065.41717
1005143985,23864.71868
1005144985,10698.02457
1005145985,1831.876554
1005146750,44361.38125
1005147750,44393.02335
1005148750,32188.5264
1005149750,13933.32861
1005150750,-10346.58193
1005151750,-39228.09439
1005152750,-55902.54858
1005153750,-45049.04166
1005154750,-19543.77495
1005155750,-3155.335854
1005156516,-44374.84136
1005157516,-57893.84171
1005158516,-44638.92518
1005159516,-23309.62439
1005160516,-6017.578368
1005161516,10634.92376
1005162516,24220.71525
1005163516,23702.78863
1005164516,11661.84976
1005165516,2293.339638
1005166282,15113.00095
1005167282,22238.61311
1005168282,17352.47202
1005169282,4713.679308
1005170282,-6215.150412
1005171282,-9944.466265
1005172282,-7708.342256
1005173282,-3770.243268
1005174282,-1110.74333
1005175282,-128.438665
1005177024,23143.05849
1005178024,18860.41436
1005179024,8109.47878
1005180024,-3983.526307
1005181024,-14854.27905
1005182024,-23845.79127
1005183024,-26574.3813
1005184024,-19339.30567
1005185024,-7936.913592
1005186024,-1140.958668
1005186789,-16036.17965
1005187789,-39793.02747
1005188789,-49257.95388
1005189789,-47017.77101
1005190789,-34052.26272
1005191789,-9990.212064
1005192789,13370.49556
1005193789,19530.10502
1005194789,10704.59336
1005195789,2411.784643
1005196555,-10995.52963
1005197555,-11105.50992
1005198555,-7251.50728
1005199555,464.819191
1005200555,9315.205952
1005201555,14901.1052
1005202555,14150.90315
1005203555,8546.846124
1005204555,2944.821726
1005205555,315.28306
1005206321,9772.046376
1005207321,538.075049
1005208321,-8855.746477
1005209321,-15804.39374
1005210321,-18765.44775
1005211321,-16619.35838
1005212321,-10413.53799
1005213321,-4070.438128
1005214321,-670.75492
1005215321,199.864884
1005222922,-6658.396344
1005223922,-25934.57051
1005224922,-32203.42156
1005225922,-29363.73289
1005226922,-23324.58327
1005227922,-15661.40298
1005228922,-7423.3996
1005229922,-1623.606206
1005230922,420.967566
1005231922,489.909319
1005232688,-40609.12532
1005233688,-54039.87792
1005234688,-46108.52956
1005235688,-26606.13906
1005236688,-3422.639468
1005237688,20820.22886
1005238688,35933.26043
1005239688,30937.93626
1005240688,14024.51959
1005241688,2510.589299
1005242454,14125.77462
1005243454,23707.85091
1005244454,29224.73662
1005245454,32163.51354
1005246454,25275.10609
1005247454,2377.466515
1005248454,-22400.86776
1005249454,-27123.67455
1005250454,-14088.13912
1005251454,-2845.499214
1005252219,-18612.8063
1005253219,-45030.99375
1005254219,-56975.09207
1005255219,-56413.57043
1005256219,-41540.20625
1005257219,-10601.59599
1005258219,19909.11787
1005259219,27255.73408
1005260219,14650.55936
1005261219,3196.63607
1005262961,973.865094
1005263961,-6834.641343
1005264961,-12350.37355
1005265961,-10543.92438
1005266961,-3291.423588
1005267961,2795.302542
1005268961,3910.72219
1005269961,2027.695236
1005270961,490.615281
1005271961,63.72291
1005272727,-5349.144902
1005273727,-16198.07611
1005274727,-17997.13409
1005275727,-14324.15705
1005276727,-10520.71352
1005277727,-7539.141102
1005278727,-4284.66021
1005279727,-1391.165786
1005280727,-6.319759
1005281727,222.608494
1005282493,-8688.137893
1005283493,-11618.60337
1005284493,-3075.776955
1005285493,10097.18433
1005286493,14497.81385
1005287493,4521.002893
1005288493,-9417.383994
1005289493,-13094.83104
1005290493,-6961.947212
1005291493,-1362.818043
1005297141,-24572.51554
1005298141,-33965.5432
1005299141,-26479.98245
1005300141,-13937.9531
1005301141,-4945.153738
1005302141,3036.367801
1005303141,10581.43242
1005304141,11610.20385
1005305141,6083.553861
1005306141,1279.269593
1005306907,11456.60184
1005307907,27209.39944
1005308907,35384.26951
1005309907,35601.39267
1005310907,25434.86712
1005311907,3665.549182
1005312907,-17601.87245
1005313907,-21772.9597
1005314907,-11407.54997
1005315907,-2385.378431
1005316672,-11290.02975
1005317672,-23651.33583
1005318672,-22352.45384
1005319672,-14124.58038
1005320672,-8010.65701
1005321672,-5364.315723
1005322672,-3197.455014
1005323672,-953.002655
1005324672,154.5972
1005325672,253.54112
1005326438,5079.169471
1005327438,2085.305636
1005328438,2563.189097
1005329438,387.083731
1005330438,-8125.671369
1005331438,-18517.72075
1005332438,-22031.37408
1005333438,-15673.54746
1005334438,-6158.498202
1005335438,-824.319779
1005337180,-16645.94498
1005338180,-19540.18073
1005339180,-5296.490815
1005340180,13819.31836
1005341180,19614.3698
1005342180,7044.19081
1005343180,-9736.083756
1005344180,-14253.02211
1005345180,-7592.825054
1005346180,-1492.161613
1005346946,-22065.20001
1005347946,-36328.5309
1005348946,-32376.47681
1005349946,-21968.76707
1005350946,-13747.53787
1005351946,-4967.222181
1005352946,4746.542452
1005353946,8479.847875
1005354946,5080.876498
1005355946,1241.680021
1005356711,-1172.47857
1005357711,1818.699724
1005358711,4949.425575
1005359711,4922.726822
1005360711,1548.040648
1005361711,-2277.492118
1005362711,-3803.248259
1005363711,-2815.586397
1005364711,-1116.925936
1005365711,-180.201169
1005366477,16592.07013
1005367477,15822.40077
1005368477,14887.74951
1005369477,10899.26705
1005370477,-1638.506105
1005371477,-21588.62747
1005372477,-34907.85573
1005373477,-29326.94205
1005374477,-12959.30209
1005375477,-2126.255909
1005377219,-32808.39594
1005378219,-52045.81159
1005379219,-49254.00884
1005380219,-34065.66899
1005381219,-14925.55172
1005382219,6304.695743
1005383219,21889.90133
1005384219,21683.73798
1005385219,10530.02755
1005386219,2114.051471
1005386985,-14164.67566
1005387985,-12300.01405
1005388985,-8373.112182
1005389985,-1115.098596
1005390985,9971.438498
1005391985,20751.9128
1005392985,23607.42851
1005393985,16346.64684
1005394985,6294.037959
1005395985,832.750458
1005396750,20011.04482
1005397750,16420.79006
1005398750,10865.80832
1005399750,7051.874228
1005400750,-3.100196
1005401750,-15383.28865
1005402750,-29267.2196
1005403750,-26929.41217
1005404750,-12605.58262
1005405750,-2191.524329
1005406516,-30992.81048
1005407516,-66072.91388
1005408516,-73984.89453
1005409516,-65566.23353
1005410516,-47359.23454
1005411516,-15524.12998
1005412516,17910.88237
1005413516,28333.97906
1005414516,16077.52868
1005415516,3695.447575
1005417258,13389.97697
1005418258,27846.26152
1005419258,34771.37921
1005420258,32598.32083
1005421258,19535.52402
1005422258,-3268.626377
1005423258,-22659.09557
1005424258,-23902.86323
1005425258,-11783.33991
1005426258,-2316.507903
1005427024,-10373.2936
1005428024,-19102.68142
1005429024,-22476.76604
1005430024,-21983.95309
1005431024,-15608.5105
1005432024,-1280.435876
1005433024,12935.11249
1005434024,15380.7086
1005435024,7931.511715
1005436024,1621.698375
1005436789,28089.42193
1005437789,27048.70929
1005438789,17462.31298
1005439789,2744.554563
1005440789,-14178.1853
1005441789,-29779.06489
1005442789,-35629.37898
1005443789,-26423.89313
1005444789,-10925.99888
1005445789,-1633.769557
1005446555,-19761.79316
1005447555,-36086.66973
1005448555,-32262.88084
1005449555,-19534.70551
1005450555,-10347.24475
1005451555,-5857.269019
1005452555,-2471.621782
1005453555,48.606503
1005454555,711.331913
1005455555,412.284732
1005457297,-41602.36285
1005458297,-52074.65145
1005459297,-45964.30867
1005460297,-27694.38844
1005461297,-173.970721
1005462297,31742.95301
1005463297,50487.87131
1005464297,41724.20289
1005465297,18314.72189
1005466297,3093.360582
1005467063,48697.92228
1005468063,39336.43223
1005469063,13461.75351
1005470063,-18293.77707
1005471063,-44049.21905
1005472063,-54984.69402
1005473063,-47234.741
1005474063,-27208.1842
1005475063,-9062.006912
1005476063,-810.375916
1005476829,-18149.60914
1005477829,-10033.48864
1005478829,7615.718134
1005479829,22688.0269
1005480829,24648.07111
1005481829,13108.37344
1005482829,-1399.183165
1005483829,-7349.2795
1005484829,-4642.778709
1005485829,-1110.994659
1005486594,534.004715
1005487594,-17099.36682
1005488594,-24988.46072
1005489594,-25729.5458
1005490594,-23997.56413
1005491594,-19901.9631
1005492594,-12723.02884
1005493594,-5314.856363
1005494594,-1002.753743
1005495594,272.363706
1005496360,-27741.47723
1005497360,-38720.37931
1005498360,-33323.64031
1005499360,-20591.06609
1005500360,-6855.016064
1005501360,8142.147136
1005502360,19441.56529
1005503360,18594.77547
1005504360,8956.346968
1005505360,1732.348413
1005507102,37633.14594
1005508102,51913.98507
1005509102,50018.24941
1005510102,34708.49903
1005511102,7968.879253
1005512102,-25832.5528
1005513102,-48157.0048
1005514102,-42028.65494
1005515102,-19049.94944
1005516102,-3366.808332
1005516868,-20004.86166
1005517868,-39619.50411
1005518868,-41816.1832
1005519868,-36658.68606
1005520868,-28737.69727
1005521868,-12982.24238
1005522868,6120.690361
1005523868,13855.52296
1005524868,8471.873573
1005525868,2060.190752
1005526633,5070.494112
1005527633,16807.61901
1005528633,24754.64376
1005529633,25677.82376
1005530633,17347.40999
1005531633,1022.846501
1005532633,-13521.08809
1005533633,-15558.04926
1005534633,-7919.278351
1005535633,-1619.035569
1005536399,-26.578365
1005537399,-17174.19751
1005538399,-25265.04382
1005539399,-26665.76474
1005540399,-24859.51665
1005541399,-19262.44027
1005542399,-10383.0748
1005543399,-2870.504545
1005544399,200.11455
1005545399,491.514606
1005547141,-20753.06496
1005548141,-24507.49255
1005549141,-14800.44512
1005550141,-2453.872346
1005551141,4124.06133
1005552141,5944.294752
1005553141,6077.142923
1005554141,4623.470743
1005555141,2087.708958
1005556141,391.430719
1005556907,5571.804912
1005557907,2752.002934
1005558907,3719.813781
1005559907,6719.758366
1005560907,4438.867187
1005561907,-6913.3701
1005562907,-18513.89813
1005563907,-18313.68177
1005564907,-8809.449964
1005565907,-1570.777827
1005566672,-28778.03862
1005567672,-47258.23427
1005568672,-43728.03729
1005569672,-29171.61524
1005570672,-13900.58177
1005571672,1303.457351
1005572672,13281.32569
1005573672,14665.81125
1005574672,7546.876313
1005575672,1633.952095
1005576438,-360.50632
1005577438,-1174.239739
1005578438,363.401886
1005579438,2396.27739
1005580438,1980.854467
1005581438,-1702.534956
1005582438,-5479.457719
1005583438,-5540.271631
1005584438,-2681.85505
1005585438,-479.935493
1005587180,1678.771558
1005588180,-8191.16477
1005589180,-12469.86031
1005590180,-13507.97532
1005591180,-14373.6067
1005592180,-14448.34541
1005593180,-11616.11981
1005594180,-6452.738042
1005595180,-2019.899582
1005596180,-68.612779
1005596946,-18194.7997
1005597946,-25770.32319
1005598946,-21567.41311
1005599946,-11858.32267
1005600946,-2447.807902
1005601946,5755.321484
1005602946,10884.70654
1005603946,9751.985132
1005604946,4571.313485
1005605946,878.153377
1005606711,11236.03314
1005607711,13596.62216
1005608711,17525.88436
1005609711,20613.1602
1005610711,13511.43017
1005611711,-7897.93633
1005612711,-28549.05657
1005613711,-29133.40024
1005614711,-14171.4476
1005615711,-2621.980591
1005616477,-33000.69019
1005617477,-60968.48329
1005618477,-61551.0098
1005619477,-46720.60032
1005620477,-27568.91192
1005621477,-4590.03435
1005622477,15591.4339
1005623477,19975.2821
1005624477,10739.32639
1005625477,2419.688137
1005627219,-7493.30565
1005628219,-8500.728807
1005629219,-4529.924249
1005630219,379.476415
1005631219,2722.445934
1005632219,2463.54634
1005633219,1312.993413
1005634219,448.506651
1005635219,87.662954
1005636219,3.98725
1005636985,4083.526908
1005637985,-826.786476
1005638985,-3176.8377
1005639985,-4084.096636
1005640985,-6227.075135
1005641985,-9817.287237
1005642985,-11426.22017
1005643985,-8463.820051
1005644985,-3464.865705
1005645985,-468.839932
1005646750,-8548.75047
1005647750,-17870.46075
1005648750,-17405.61335
1005649750,-11999.14562
1005650750,-7436.595827
1005651750,-4561.95136
1005652750,-2131.969422
1005653750,-343.557768
1005654750,268.107452
1005655750,218.712214
1005656516,-5140.091816
1005657516,-14215.17163
1005658516,-14797.70357
1005659516,-10885.16261
1005660516,-7938.437089
1005661516,-6888.164874
1005662516,-5636.176135
1005663516,-3285.559945
1005664516,-1050.257995
1005665516,-4.690216
1005667258,-7231.743052
1005668258,-16494.17481
1005669258,-16238.7483
1005670258,-11661.09093
1005671258,-8471.782108
1005672258,-6791.704076
1005673258,-4558.239767
1005674258,-1946.706847
1005675258,-326.642812
1005676258,143.339554
1005677024,-7162.168543
1005678024,-17232.75917
1005679024,-17910.60609
1005680024,-13568.07494
1005681024,-9505.414942
1005682024,-6255.024687
1005683024,-2880.747717
1005684024,-369.864969
1005685024,402.595191
1005686024,275.819834
1005686789,-3939.092928
1005687789,-14283.62899
1005688789,-15279.02151
1005689789,-11619.38719
1005690789,-9714.435258
1005691789,-10008.42983
1005692789,-8991.532678
1005693789,-5467.816877
1005694789,-1826.486954
1005695789,-85.577903
1005696555,-11398.5635
1005697555,-18995.42309
1005698555,-15082.69613
1005699555,-6261.158638
1005700555,-918.173096
1005701555,-810.913124
1005702555,-2290.128558
1005703555,-2244.201969
1005704555,-975.727088
1005705555,-85.486909
1005707297,-8065.759803
1005708297,-16812.40041
1005709297,-16687.48709
1005710297,-12422.11964
1005711297,-8630.378258
1005712297,-5243.541508
1005713297,-1659.754559
1005714297,588.322708
1005715297,805.115596
1005716297,328.389444
1005717063,-3358.467121
1005718063,-10214.9887
1005719063,-10412.58218
1005720063,-7502.728895
1005721063,-6076.905984
1005722063,-6526.05272
1005723063,-6268.046299
1005724063,-4069.725622
1005725063,-1459.276091
1005726063,-106.032108
1005726829,-7149.835951
1005727829,-15157.23951
1005728829,-14622.19084
1005729829,-10282.52968
1005730829,-7111.700696
1005731829,-5196.622385
1005732829,-3027.002978
1005733829,-981.709793
1005734829,6.723123
1005735829,167.661933
1005736594,-4412.309499
1005737594,-11629.5281
1005738594,-11155.57294
1005739594,-7329.136749
1005740594,-5610.328881
1005741594,-6480.016201
1005742594,-6750.138559
1005743594,-4632.627088
1005744594,-1739.7557
1005745594,-155.226029
1005746360,-6447.474193
1005747360,-17117.50693
1005748360,-17540.66311
1005749360,-12676.24268
1005750360,-9169.050002
1005751360,-7779.413151
1005752360,-5906.724135
1005753360,-3038.093683
1005754360,-787.592209
1005755360,81.349089
1005757102,-8996.288743
1005758102,-19329.40657
1005759102,-19330.14996
1005760102,-14314.8986
1005761102,-9883.309862
1005762102,-6116.936765
1005763102,-2104.547361
1005764102,537.054732
1005765102,884.659518
1005766102,375.588165
1005766868,-6321.234414
1005767868,-12020.51105
1005768868,-10192.66701
1005769868,-5369.977513
1005770868,-2870.019209
1005771868,-3230.361827
1005772868,-3706.656234
1005773868,-2658.555517
1005774868,-1001.67124
1005775868,-75.102528
1005776633,-1524.997047
1005777633,-11559.90547
1005778633,-13357.02065
1005779633,-11027.38354
1005780633,-10414.65122
1005781633,-11807.42088
1005782633,-11338.56594
1005783633,-7350.465651
1005784633,-2662.769622
1005785633,-226.416842
1005786399,-14759.12888
1005787399,-27879.12915
1005788399,-27500.83397
1005789399,-20138.05633
1005790399,-12186.45832
1005791399,-3826.031996
1005792399,3747.641459
1005793399,6152.53907
1005794399,3572.364341
1005795399,885.055047
1005797141,-2994.157592
1005798141,-5835.92947
1005799141,-4229.504625
1005800141,-1225.007986
1005801141,-541.829546
1005802141,-2646.989842
1005803141,-4669.384667
1005804141,-4077.446977
1005805141,-1810.452885
1005806141,-270.700177
1005806907,-1463.202286
1005807907,-9946.400097
1005808907,-11891.34167
1005809907,-10260.76759
1005810907,-9320.429226
1005811907,-9443.893049
1005812907,-8295.417594
1005813907,-5079.021106
1005814907,-1751.198969
1005815907,-107.565154
1005816672,-8704.678778
1005817672,-17659.06144
1005818672,-16634.31169
1005819672,-11175.45879
1005820672,-7278.410876
1005821672,-5246.640418
1005822672,-3159.705418
1005823672,-1095.645672
1005824672,-27.13828
1005825672,174.744269
1005826438,-5512.623287
1005827438,-14273.44274
1005828438,-14425.79746
1005829438,-10429.18757
1005830438,-7778.743686
1005831438,-6905.446507
1005832438,-5492.530679
1005833438,-3005.140194
1005834438,-873.941554
1005835438,30.979025
1005837180,-7806.699612
1005838180,-16955.28134
1005839180,-16410.87657
1005840180,-11279.1899
1005841180,-7518.020585
1005842180,-5665.510499
1005843180,-3745.609033
1005844180,-1592.054849
1005845180,-249.835291
1005846180,138.484174
1005846946,-4831.297203
1005847946,-13646.63953
1005848946,-13936.37311
1005849946,-10249.36192
1005850946,-8153.150867
1005851946,-7933.738016
1005852946,-6833.852204
1005853946,-4035.497946
1005854946,-1307.295619
1005855946,-35.041839
1005856711,-7812.164116
1005857711,-17129.40282
1005858711,-16431.02601
1005859711,-11458.37401
1005860711,-8306.868828
1005861711,-6873.320712
1005862711,-4726.387866
1005863711,-2032.241255
1005864711,-338.613757
1005865711,146.485259
1005866477,-6811.771673
1005867477,-15331.08969
1005868477,-14763.39979
1005869477,-10039.56515
1005870477,-6938.807234
1005871477,-5805.294582
1005872477,-4329.548317
1005873477,-2142.120806
1005874477,-506.908076
1005875477,85.741619
1005877219,-5613.026053
1005878219,-14780.60252
1005879219,-15057.49366
1005880219,-11057.39232
1005881219,-8400.887293
1005882219,-7473.111933
1005883219,-5889.333616
1005884219,-3183.768153
1005885219,-911.223891
1005886219,37.701938
1005886985,-7807.331138
1005887985,-17001.44517
1005888985,-16314.1498
1005889985,-11105.94464
1005890985,-7542.451512
1005891985,-6057.736354
1005892985,-4347.855711
1005893985,-2069.883074
1005894985,-450.78146
1005895985,107.960613
1005896750,-5719.852148
1005897750,-14957.25266
1005898750,-14988.26244
1005899750,-10857.73969
1005900750,-8466.459093
1005901750,-7975.030575
1005902750,-6583.754029
1005903750,-3699.921908
1005904750,-1119.439018
1005905750,7.808473
1005906516,-7962.874714
1005907516,-18492.20269
1005908516,-18307.19493
1005909516,-13038.52216
1005910516,-9257.565205
1005911516,-7293.783244
1005912516,-4825.362313
1005913516,-1990.691662
1005914516,-284.777871
1005915516,172.812018
1005917258,-9671.849178
1005918258,-16372.28491
1005919258,-13837.6543
1005920258,-7232.224124
1005921258,-2579.043857
1005922258,-1097.363398
1005923258,-925.482459
1005924258,-645.984449
1005925258,-200.20266
1005926258,50.755041
1005927024,-2139.482543
1005928024,-11452.07416
1005929024,-13122.27421
1005930024,-11205.56751
1005931024,-10626.90338
1005932024,-11116.62526
1005933024,-9630.748168
1005934024,-5681.726749
1005935024,-1869.0875
1005936024,-89.451687
1005936789,-9592.645386
1005937789,-19178.44344
1005938789,-17588.73055
1005939789,-11442.30467
1005940789,-7657.533902
1005941789,-6146.667628
1005942789,-4142.736069
1005943789,-1663.237246
1005944789,-188.864503
1005945789,170.767451
1005946555,-5373.987018
1005947555,-14722.32658
1005948555,-14943.95721
1005949555,-10937.29989
1005950555,-8592.985949
1005951555,-8262.201198
1005952555,-7112.416868
1005953555,-4230.604264
1005954555,-1385.893967
1005955555,-40.441228
1005957297,-10010.73073
1005958297,-19693.15855
1005959297,-18801.8087
1005960297,-13075.58863
1005961297,-8429.187291
1005962297,-4968.003285
1005963297,-1491.688971
1005964297,735.038442
1005965297,905.952601
1005966297,360.186277
1005967063,-4267.549569
1005968063,-10882.62256
1005969063,-10853.48584
1005970063,-7706.753284
1005971063,-5752.791105
1005972063,-5344.612698
1005973063,-4522.732957
1005974063,-2639.0248
1005975063,-835.837611
1005976063,-7.404099
1005976829,-5628.918323
1005977829,-13937.13674
1005978829,-13974.57958
1005979829,-9960.075158
1005980829,-7157.733584
1005981829,-5976.982021
1005982829,-4374.401629
1005983829,-2123.547148
1005984829,-490.053875
1005985829,87.416421
1005986594,-7187.451146
1005987594,-14857.05743
1005988594,-14275.21081
1005989594,-9605.059835
1005990594,-5856.918486
1005991594,-3587.304402
1005992594,-1555.708672
1005993594,-49.903612
1005994594,355.569973
1005995594,206.334349
1005996360,-2482.506739
1005997360,-9271.234975
1005998360,-9655.228026
1005999360,-7156.548528
1006000360,-6350.120906
1006001360,-7463.036737
1006002360,-7493.800746
1006003360,-4988.155383
1006004360,-1834.685527
1006005360,-162.481881
1006007102,-8198.971269
1006008102,-15310.71526
1006009102,-13389.56576
1006010102,-7770.339618
1006011102,-4339.916433
1006012102,-3499.509088
1006013102,-2838.812746
1006014102,-1526.616375
1006015102,-392.029116
1006016102,60.603769
1006016868,-5522.530865
1006017868,-13765.06614
1006018868,-13734.01515
1006019868,-9756.913517
1006020868,-7154.058155
1006021868,-6350.249882
1006022868,-5071.294561
1006023868,-2764.288077
1006024868,-790.825914
1006025868,35.322989
1006026633,-9257.31948
1006027633,-16467.22259
1006028633,-14968.9711
1006029633,-9626.917521
1006030633,-5341.394102
1006031633,-2336.457213
1006032633,200.030296
1006033633,1381.780083
1006034633,979.896247
1006035633,305.885743
1006036399,-909.486131
1006037399,-6879.822489
1006038399,-7914.870364
1006039399,-6610.810642
1006040399,-6423.071007
1006041399,-7467.01036
1006042399,-7327.513406
1006043399,-4856.854314
1006044399,-1803.867464
1006045399,-170.188822
1006047141,-5607.056845
1006048141,-14551.52258
1006049141,-14988.105
1006050141,-10900.5076
1006051141,-7672.078919
1006052141,-6155.917423
1006053141,-4527.10933
1006054141,-2318.805804
1006055141,-604.45827
1006056141,69.933451
1006056907,-7372.489489
1006057907,-14812.83378
1006058907,-14095.49521
1006059907,-9890.490947
1006060907,-6790.002577
1006061907,-4513.22158
1006062907,-1828.701061
1006063907,174.083564
1006064907,571.416425
1006065907,264.886104
1006066672,-3247.140682
1006067672,-8328.83002
1006068672,-7871.555581
1006069672,-5041.886063
1006070672,-3835.735952
1006071672,-4604.581568
1006072672,-4926.877142
1006073672,-3416.959118
1006074672,-1287.968878
1006075672,-118.235721
1006076438,-5063.0186
1006077438,-12720.04815
1006078438,-13236.30202
1006079438,-9841.936256
1006080438,-6822.72004
1006081438,-4786.843037
1006082438,-2696.986801
1006083438,-841.897534
1006084438,29.40223
1006085438,157.3984
1006087180,-3523.029003
1006088180,-9184.885785
1006089180,-8944.783039
1006090180,-6056.300639
1006091180,-4562.821474
1006092180,-4949.810916
1006093180,-5044.077669
1006094180,-3485.666239
1006095180,-1329.694992
1006096180,-120.695662
1006096946,-5586.940141
1006097946,-13675.61323
1006098946,-14020.75276
1006099946,-10495.0133
1006100946,-7666.785835
1006101946,-5867.49669
1006102946,-3713.005524
1006103946,-1477.009021
1006104946,-196.368428
1006105946,137.710089
1006106711,-7264.797095
1006107711,-13145.22192
1006108711,-12317.63049
1006109711,-8614.029584
1006110711,-5434.096293
1006111711,-2647.707144
1006112711,31.450997
1006113711,1319.36934
1006114711,951.647914
1006115711,290.583209
1006116477,-776.80782
1006117477,-5254.677324
1006118477,-5455.311159
1006119477,-3738.494305
1006120477,-3611.671545
1006121477,-5501.3814
1006122477,-6647.755906
1006123477,-5004.63705
1006124477,-2045.456189
1006125477,-261.038482
1006127219,-7523.132728
1006128219,-15518.68633
1006129219,-16189.81186
1006130219,-12491.73961
1006131219,-7726.220224
1006132219,-2566.668604
1006133219,1776.083971
1006134219,3084.449117
1006135219,1785.748844
1006136219,456.811698
1006136985,-1922.423287
1006137985,-6810.822825
1006138985,-7226.727254
1006139985,-5890.909396
1006140985,-5589.167099
1006141985,-6019.239562
1006142985,-5389.572327
1006143985,-3299.544345
1006144985,-1137.135948
1006145985,-73.524215
1006146750,-3905.029203
1006147750,-11394.13416
1006148750,-11828.42328
1006149750,-8796.466611
1006150750,-6873.528536
1006151750,-6534.672654
1006152750,-5662.318561
1006153750,-3427.89269
1006154750,-1149.877599
1006155750,-43.500948
1006156516,-8072.167678
1006157516,-16617.94684
1006158516,-16202.74627
1006159516,-11492.64969
1006160516,-7515.310081
1006161516,-4561.066784
1006162516,-1674.072044
1006163516,253.127499
1006164516,585.241744
1006165516,274.461038
1006198508,-7084.698163
1006199508,-12209.95174
1006200508,-11312.25631
1006201508,-7812.072905
1006202508,-4601.100982
1006203508,-1386.14511
1006204508,1646.01508
1006205508,2626.128438
1006206508,1521.995523
1006207508,373.040148
1006214133,378.030942
1006215133,-6548.295305
1006216133,-9027.950517
1006217133,-8376.960682
1006218133,-7693.932371
1006219133,-7916.811422
1006220133,-7368.645506
1006221133,-4854.132232
1006222133,-1812.69925
1006223133,-164.646906
1006223899,-9032.667426
1006224899,-17316.56614
1006225899,-16290.5288
1006226899,-11088.16742
1006227899,-6925.359663
1006228899,-3819.143043
1006229899,-764.554349
1006230899,1024.71759
1006231899,942.098377
1006232899,332.710502
1006233664,-5425.995685
1006234664,-10766.50412
1006235664,-9882.910257
1006236664,-6458.162709
1006237664,-4307.422825
1006238664,-3416.075497
1006239664,-2294.033534
1006240664,-929.697003
1006241664,-111.759118
1006242664,93.789956
1006243430,-4171.146714
1006244430,-8799.502667
1006245430,-8650.114866
1006246430,-6278.592039
1006247430,-4323.030912
1006248430,-2841.88574
1006249430,-1279.280996
1006250430,-124.110646
1006251430,207.910216
1006252430,132.451934
1006254172,-2358.063891
1006255172,-5775.968319
1006256172,-5563.621835
1006257172,-3855.820153
1006258172,-3009.650771
1006259172,-3027.446569
1006260172,-2692.285462
1006261172,-1632.253694
1006262172,-546.103635
1006263172,-21.714767
1006263938,-2004.223292
1006264938,-6894.502225
1006265938,-7305.822573
1006266938,-5551.79043
1006267938,-4663.158604
1006268938,-4845.960013
1006269938,-4420.076047
1006270938,-2744.167693
1006271938,-941.967534
1006272938,-53.874325
1006273704,-5333.884947
1006274704,-10428.57202
1006275704,-9463.591677
1006276704,-5676.654276
1006277704,-3036.349231
1006278704,-2088.47195
1006279704,-1464.918428
1006280704,-670.20685
1006281704,-109.304285
1006282704,67.164795
1006283469,-4027.032965
1006284469,-8497.342401
1006285469,-7964.436167
1006286469,-5181.101124
1006287469,-3335.617042
1006288469,-2617.989708
1006289469,-1831.113853
1006290469,-816.16479
1006291469,-143.503472
1006292469,61.709935
1006294211,-1493.017993
1006295211,-7077.340976
1006296211,-8490.841035
1006297211,-7455.778225
1006298211,-6390.01849
1006299211,-5517.242956
1006300211,-3994.414487
1006301211,-2002.885625
1006302211,-532.313327
1006303211,37.217487
1006303977,-4641.068399
1006304977,-9299.346666
1006305977,-8683.1024
1006306977,-5904.792567
1006307977,-4040.012492
1006308977,-3007.72163
1006309977,-1781.679077
1006310977,-583.029974
1006311977,2.1898
1006312977,98.227438
1006313743,-4109.489106
1006314743,-8593.245417
1006315743,-8414.596764
1006316743,-5894.885163
1006317743,-3725.412368
1006318743,-2121.801678
1006319743,-594.916453
1006320743,352.073081
1006321743,405.676252
1006322743,159.020659
1006323508,-2063.278696
1006324508,-4643.383851
1006325508,-4141.672377
1006326508,-2559.724117
1006327508,-2017.653221
1006328508,-2525.87635
1006329508,-2744.147508
1006330508,-1937.391748
1006331508,-750.211301
1006332508,-76.164267
1006378196,-3642.430081
1006379196,-6718.082701
1006380196,-5839.415817
1006381196,-3319.173296
1006382196,-1751.326368
1006383196,-1416.453926
1006384196,-1263.105788
1006385196,-771.355055
1006386196,-241.007458
1006387196,10.608242
1006387961,-3751.271194
1006388961,-6954.433198
1006389961,-6568.455858
1006390961,-4149.838598
1006391961,-1814.651928
1006392961,-242.85895
1006393961,616.81284
1006394961,742.06319
1006395961,402.844299
1006396961,111.91536
1006397727,945.726372
1006398727,-2371.996587
1006399727,-3247.631614
1006400727,-3024.577435
1006401727,-3752.255571
1006402727,-5477.062898
1006403727,-6162.645049
1006404727,-4467.396497
1006405727,-1795.273861
1006406727,-227.896911
1006407493,-5307.693068
1006408493,-11814.77939
1006409493,-12135.78264
1006410493,-9019.599296
1006411493,-5852.587984
1006412493,-3268.453872
1006413493,-1028.75342
1006414493,272.519884
1006415493,432.123218
1006416493,197.22957
1006418235,-4237.554452
1006419235,-8495.449422
1006420235,-8028.962923
1006421235,-5538.077657
1006422235,-3756.728257
1006423235,-2624.979179
1006424235,-1317.475107
1006425235,-211.289412
1006426235,166.163433
1006427235,120.95
1006428000,-2355.576125
1006429000,-6036.785356
1006430000,-6167.50881
1006431000,-4489.084683
1006432000,-3234.991419
1006433000,-2681.912569
1006434000,-2013.939091
1006435000,-1048.152734
1006436000,-281.735877
1006437000,25.339078
1006437766,-3187.746308
1006438766,-7135.718505
1006439766,-6727.395977
1006440766,-4314.482331
1006441766,-2834.636865
1006442766,-2545.390296
1006443766,-2139.398823
1006444766,-1193.684281
1006445766,-339.057892
1006446766,18.630767
1006453391,-2948.461988
1006454391,-7530.771212
1006455391,-7622.736536
1006456391,-5499.72469
1006457391,-4015.628099
1006458391,-3328.094302
1006459391,-2335.519285
1006460391,-1046.819019
1006461391,-197.98697
1006462391,62.767047
1006463157,-2354.884604
1006464157,-6404.832913
1006465157,-6440.728849
1006466157,-4386.817923
1006467157,-3033.836224
1006468157,-2932.028131
1006469157,-2818.531156
1006470157,-1879.537884
1006471157,-688.630828
1006472157,-46.662718
1006483664,-4697.660679
1006484664,-9085.224034
1006485664,-8375.978027
1006486664,-5515.118855
1006487664,-3502.935483
1006488664,-2371.614799
1006489664,-1215.164233
1006490664,-233.686882
1006491664,128.671549
1006492664,110.426543
1006493430,-1500.496996
1006494430,-6020.05431
1006495430,-6623.264256
1006496430,-5510.302629
1006497430,-5133.805574
1006498430,-5260.068599
1006499430,-4430.509575
1006500430,-2532.402131
1006501430,-801.456392
1006502430,-24.494026
1006503196,-3979.186922
1006504196,-9270.467025
1006505196,-9273.387275
1006506196,-6781.467696
1006507196,-4939.924171
1006508196,-3863.069874
1006509196,-2483.200999
1006510196,-979.41828
1006511196,-117.577182
1006512196,95.461466
1006512961,-5521.023725
1006513961,-8050.176818
1006514961,-5926.093409
1006515961,-2012.2247
1006516961,436.051075
1006517961,877.102466
1006518961,505.128149
1006519961,196.646253
1006520961,75.05964
1006521961,33.644216
1006523704,-8204.572084
1006524704,-10001.74431
1006525704,-6569.617429
1006526704,-226.409034
1006527704,4943.678465
1006528704,6707.575548
1006529704,5433.770046
1006530704,2915.756868
1006531704,929.727983
1006532704,93.415181
1006533469,9768.22548
1006534469,2668.630253
1006535469,-3144.280501
1006536469,-6996.509992
1006537469,-10979.34724
1006538469,-15594.03824
1006539469,-17019.05348
1006540469,-12241.43826
1006541469,-4937.178518
1006542469,-652.285249
1006543235,-16035.67692
1006544235,-27588.87379
1006545235,-25787.53835
1006546235,-18168.60598
1006547235,-10906.55344
1006548235,-3060.036562
1006549235,4587.86069
1006550235,6993.012372
1006551235,4009.040166
1006552235,956.228792
1006553000,-2772.78143
1006554000,-1422.29111
1006555000,2100.539206
1006556000,5698.779051
1006557000,6304.220954
1006558000,2810.869983
1006559000,-1807.096609
1006560000,-3414.872742
1006561000,-1957.579584
1006562000,-424.970952
1006563743,3436.427592
1006564743,-4132.647547
1006565743,-7893.113265
1006566743,-9576.361126
1006567743,-11607.95769
1006568743,-13079.83734
1006569743,-11432.32617
1006570743,-6777.676049
1006571743,-2279.06149
1006572743,-160.24658
1006573508,-9679.922873
1006574508,-17693.75994
1006575508,-16223.00771
1006576508,-10604.12421
1006577508,-6223.155831
1006578508,-3138.545569
1006579508,-271.032694
1006580508,1283.313684
1006581508,1023.893084
1006582508,337.332644
1006583274,-6763.39958
1006584274,-9670.121795
1006585274,-7385.665504
1006586274,-3312.732772
1006587274,-594.410083
1006588274,613.607892
1006589274,1124.718419
1006590274,1040.481051
1006591274,527.696326
1006592274,130.254641
1006593039,92.534587
1006594039,-4472.092058
1006595039,-5950.6708
1006596039,-5365.035624
1006597039,-4895.049811
1006598039,-4962.840245
1006599039,-4392.005506
1006600039,-2702.121824
1006601039,-932.957126
1006602039,-59.511113
1006603782,-3434.031688
1006604782,-8310.890875
1006605782,-8348.065915
1006606782,-6322.158449
1006607782,-5029.931497
1006608782,-4236.254755
1006609782,-2831.255516
1006610782,-1175.486592
1006611782,-187.330379
1006612782,83.398199
1006613547,-2857.538666
1006614547,-7441.28903
1006615547,-7473.425024
1006616547,-5361.072454
1006617547,-4044.95478
1006618547,-3691.232591
1006619547,-2988.018101
1006620547,-1648.846445
1006621547,-484.48978
1006622547,12.555134
1006623313,-4041.997837
1006624313,-9502.594574
1006625313,-9391.971726
1006626313,-6476.047142
1006627313,-4322.449492
1006628313,-3388.957404
1006629313,-2426.765275
1006630313,-1167.277109
1006631313,-259.084988
1006632313,60.117986
1006633079,-4107.294788
1006634079,-9238.145354
1006635079,-8763.937979
1006636079,-5762.327454
1006637079,-3902.21738
1006638079,-3388.525236
1006639079,-2655.677113
1006640079,-1370.903382
1006641079,-345.292834
1006642079,43.040366
1006643821,-3104.445519
1006644821,-7683.994504
1006645821,-7659.740702
1006646821,-5534.055853
1006647821,-4172.467666
1006648821,-3726.107144
1006649821,-2974.707175
1006650821,-1644.333824
1006651821,-488.623399
1006652821,12.17629
1006653586,-3250.587949
1006654586,-7937.273278
1006655586,-7833.529283
1006656586,-5449.800202
1006657586,-3907.356372
1006658586,-3514.677069
1006659586,-2915.988695
1006660586,-1662.028487
1006661586,-504.732016
1006662586,8.144179
1006663352,-4324.486028
1006664352,-8797.595284
1006665352,-8460.71458
1006666352,-6080.839751
1006667352,-4308.599253
1006668352,-3017.400076
1006669352,-1486.430533
1006670352,-237.149971
1006671352,179.573168
1006672352,131.420023
1006673118,-1818.557714
1006674118,-6187.782623
1006675118,-6586.349964
1006676118,-5077.675977
1006677118,-4282.159303
1006678118,-4339.814246
1006679118,-3849.366638
1006680118,-2343.369927
1006681118,-791.501859
1006682118,-39.270097
1006682883,-6991.768667
1006683883,-9942.935297
1006684883,-7474.368571
1006685883,-2926.618402
1006686883,205.135175
1006687883,1422.228464
1006688883,1598.747153
1006689883,1176.417668
1006690883,523.680938
1006691883,115.081316
1006693625,-935.986903
1006694625,-7873.55817
1006695625,-9731.8067
1006696625,-8682.363143
1006697625,-7940.167679
1006698625,-7582.878058
1006699625,-5996.477143
1006700625,-3232.838686
1006701625,-946.44747
1006702625,5.382426
1006703391,-7435.21927
1006704391,-11068.09338
1006705391,-8353.345184
1006706391,-3333.898833
1006707391,-297.778417
1006708391,362.032376
1006709391,292.172976
1006710391,265.951703
1006711391,190.286524
1006712391,80.752747
1006713157,-323.070408
1006714157,-5154.626164
1006715157,-6186.857343
1006716157,-5054.44903
1006717157,-4638.014034
1006718157,-5468.574041
1006719157,-5653.937378
1006720157,-3923.556606
1006721157,-1512.60724
1006722157,-159.264576
1006722922,-5914.450196
1006723922,-12265.82162
1006724922,-11729.26149
1006725922,-7931.0003
1006726922,-5037.769647
1006727922,-3419.897888
1006728922,-1880.484786
1006729922,-513.994739
1006730922,88.636465
1006731922,138.969362
1006733664,-4368.590994
1006734664,-9735.558872
1006735664,-9363.972755
1006736664,-6487.187459
1006737664,-4672.745319
1006738664,-3994.221575
1006739664,-2967.870336
1006740664,-1453.787365
1006741664,-340.303655
1006742664,56.857994
1006743430,-4220.877379
1006744430,-8827.23582
1006745430,-8216.258979
1006746430,-5618.570751
1006747430,-4189.298944
1006748430,-3664.173978
1006749430,-2628.812339
1006750430,-1182.047336
1006751430,-225.296129
1006752430,67.709387
1006753196,-4475.951171
1006754196,-8067.451484
1006755196,-7254.420473
1006756196,-4782.572569
1006757196,-3089.178214
1006758196,-1951.740422
1006759196,-702.344592
1006760196,171.888754
1006761196,296.326123
1006762196,128.827397
1006762961,-1772.735553
1006763961,-5654.83445
1006764961,-5692.809452
1006765961,-4082.324837
1006766961,-3515.700021
1006767961,-4010.20423
1006768961,-3884.843534
1006769961,-2494.141966
1006770961,-883.260701
1006771961,-65.008231
1006773704,-2659.081998
1006774704,-8638.227355
1006775704,-9311.998997
1006776704,-7164.965576
1006777704,-5662.476172
1006778704,-5266.757765
1006779704,-4417.278512
1006780704,-2575.044043
1006781704,-820.715872
1006782704,-13.864745
1006783469,-10849.46708
1006784469,-12412.61505
1006785469,-7700.230509
1006786469,-896.388678
1006787469,3982.048944
1006788469,6131.648063
1006789469,5970.293206
1006790469,3964.151987
1006791469,1555.777994
1006792469,231.785204
1006813743,-3106.339345
1006814743,-6919.802903
1006815743,-6302.295988
1006816743,-3989.952338
1006817743,-2970.868639
1006818743,-3294.513717
1006819743,-3275.859703
1006820743,-2159.305935
1006821743,-779.272943
1006822743,-55.683356
1006823508,-3425.001842
1006824508,-8869.71761
1006825508,-9074.665729
1006826508,-6718.383104
1006827508,-5020.721144
1006828508,-4138.104042
1006829508,-2892.244438
1006830508,-1331.705381
1006831508,-282.361428
1006832508,66.179504
1006833274,-3837.015999
1006834274,-8522.848974
1006835274,-8285.170114
1006836274,-5860.854731
1006837274,-4212.019206
1006838274,-3414.38543
1006839274,-2373.160836
1006840274,-1083.55655
1006841274,-221.396754
1006842274,61.239504
1006843039,-3450.495324
1006844039,-8142.659562
1006845039,-7907.864107
1006846039,-5488.437615
1006847039,-4038.730895
1006848039,-3624.447948
1006849039,-2833.303429
1006850039,-1467.884657
1006851039,-382.777235
1006852039,34.895699
1006853782,-3857.048527
1006854782,-8644.148576
1006855782,-8279.981365
1006856782,-5762.807291
1006857782,-4261.845642
1006858782,-3666.269849
1006859782,-2634.195626
1006860782,-1212.374598
1006861782,-249.620363
1006862782,61.934294
1006863547,-3431.453643
1006864547,-8074.153084
1006865547,-7987.240944
1006866547,-5940.068307
1006867547,-4690.513188
1006868547,-4034.096557
1006869547,-2830.550075
1006870547,-1287.475822
1006871547,-269.315655
1006872547,61.522608
1006873313,-3607.033083
1006874313,-8446.725804
1006875313,-8201.765772
1006876313,-5735.859309
1006877313,-4235.882498
1006878313,-3728.025431
1006879313,-2846.196915
1006880313,-1452.706225
1006881313,-375.166243
1006882313,37.845667
1006883079,-4351.35946
1006884079,-9424.332768
1006885079,-9196.202188
1006886079,-6551.592802
1006887079,-4601.380169
1006888079,-3321.681167
1006889079,-1757.91889
1006890079,-369.453945
1006891079,156.118973
1006892079,138.142416
1006948508,-4011.331178
1006949508,-9792.13469
1006950508,-9830.844719
1006951508,-7142.129794
1006952508,-5278.240877
1006953508,-4462.760367
1006954508,-3307.433295
1006955508,-1659.36638
1006956508,-417.27858
1006957508,50.939921
1006994407,-6060.990873
1006995407,-11988.30018
1006996407,-11211.31318
1006997407,-7222.827448
1006998407,-4152.007265
1006999407,-2555.357359
1007000407,-1318.222159
1007001407,-309.090911
1007002407,109.182736
1007003407,124.123555
1007009055,-3407.543641
1007010055,-8786.944768
1007011055,-8875.213045
1007012055,-6543.592916
1007013055,-5105.606
1007014055,-4664.963537
1007015055,-3724.544528
1007016055,-2032.155558
1007017055,-591.859822
1007018055,16.561352
1007018821,-4926.768855
1007019821,-11009.31549
1007020821,-10537.4632
1007021821,-7142.682228
1007022821,-5015.995122
1007023821,-4324.278373
1007024821,-3286.407515
1007025821,-1638.969934
1007026821,-391.034233
1007027821,60.554549
1007028586,-4928.81708
1007029586,-10748.31173
1007030586,-10186.75048
1007031586,-6893.395261
1007032586,-4892.601645
1007033586,-4253.458649
1007034586,-3238.012635
1007035586,-1619.793817
1007036586,-391.121627
1007037586,57.1233
1007038352,-4840.392227
1007039352,-10464.00189
1007040352,-9873.435574
1007041352,-6750.87758
1007042352,-4941.217887
1007043352,-4235.925942
1007044352,-2961.306546
1007045352,-1258.089951
1007046352,-194.95939
1007047352,93.823824
1007049094,-3917.54616
1007050094,-9121.592862
1007051094,-8713.717887
1007052094,-5979.222027
1007053094,-4546.038757
1007054094,-4385.451901
1007055094,-3681.20476
1007056094,-2061.63846
1007057094,-611.485005
1007058094,9.699554
1007058860,-4293.79011
1007059860,-9851.211247
1007060860,-9831.986365
1007061860,-7486.342606
1007062860,-5881.114861
1007063860,-4680.614695
1007064860,-2837.471548
1007065860,-981.585572
1007066860,-51.914628
1007067860,123.200994
1007068625,-2533.350671
1007069625,-7706.457339
1007070625,-8136.678814
1007071625,-6296.278274
1007072625,-5154.079705
1007073625,-4945.213652
1007074625,-4268.915082
1007075625,-2601.269889
1007076625,-890.323159
1007077625,-43.020272
1007078391,-5199.817529
1007079391,-11770.95972
1007080391,-11673.37256
1007081391,-8635.060254
1007082391,-6438.270576
1007083391,-4961.855496
1007084391,-3004.455669
1007085391,-1064.827746
1007086391,-70.272258
1007087391,133.139408
1007089133,-4993.591866
1007090133,-11022.13284
1007091133,-10663.99963
1007092133,-7526.065669
1007093133,-5443.066047
1007094133,-4343.31085
1007095133,-2800.613095
1007096133,-1071.06987
1007097133,-105.266071
1007098133,114.376826
1007098899,-4181.329006
1007099899,-9250.990164
1007100899,-8719.232794
1007101899,-5675.556229
1007102899,-3806.451192
1007103899,-3441.54808
1007104899,-2959.939589
1007105899,-1741.661355
1007106899,-545.966434
1007107899,3.641239
1007108664,-3623.857453
1007109664,-8738.856887
1007110664,-8565.786358
1007111664,-6322.771412
1007112664,-5162.412591
1007113664,-4880.898542
1007114664,-3953.994731
1007115664,-2206.773452
1007116664,-675.979802
1007117664,0.383233
1007118430,-4598.396008
1007119430,-11463.74439
1007120430,-11476.93404
1007121430,-8296.243582
1007122430,-6215.067281
1007123430,-5352.518562
1007124430,-3938.819889
1007125430,-1909.518427
1007126430,-444.811118
1007127430,71.784681
1007129172,-5143.603398
1007130172,-11587.39142
1007131172,-11357.56043
1007132172,-8008.679447
1007133172,-5614.369259
1007134172,-4428.15412
1007135172,-3011.101167
1007136172,-1324.557083
1007137172,-238.153564
1007138172,93.029891
1007138938,-5637.035779
1007139938,-11245.58823
1007140938,-10845.22351
1007141938,-7609.638158
1007142938,-4878.455804
1007143938,-2838.86312
1007144938,-904.752258
1007145938,308.230871
1007146938,441.070215
1007147938,188.833169
1007148704,-2281.819636
1007149704,-6434.052062
1007150704,-6079.767911
1007151704,-3559.666895
1007152704,-2410.962312
1007153704,-3454.993102
1007154704,-4505.430623
1007155704,-3580.821672
1007156704,-1508.477235
1007157704,-193.386501
1007158469,-1738.143429
1007159469,-9574.707268
1007160469,-11125.24831
1007161469,-9146.31128
1007162469,-7913.096824
1007163469,-8171.146257
1007164469,-7622.34826
1007165469,-4960.381634
1007166469,-1812.958563
1007167469,-146.245597
1007169211,-9410.114921
1007170211,-17921.90808
1007171211,-16507.49948
1007172211,-10971.37013
1007173211,-7076.44621
1007174211,-4644.677868
1007175211,-1972.070614
1007176211,90.577108
1007177211,560.197409
1007178211,279.181504
1007178977,-4941.358905
1007179977,-11310.65445
1007180977,-11104.31781
1007181977,-8072.599848
1007182977,-6110.333037
1007183977,-5247.417663
1007184977,-3923.545442
1007185977,-2015.601098
1007186977,-539.624589
1007187977,45.920087
1007203391,-3843.618985
1007204391,-10041.57869
1007205391,-9860.121798
1007206391,-7044.297452
1007207391,-5795.826467
1007208391,-6022.865933
1007209391,-5350.555038
1007210391,-3174.247409
1007211391,-1024.093336
1007212391,-32.352346
1007213157,-5241.526119
1007214157,-12820.32447
1007215157,-12773.43786
1007216157,-9172.175328
1007217157,-6812.633278
1007218157,-5874.338014
1007219157,-4364.421006
1007220157,-2141.62359
1007221157,-508.061639
1007222157,76.645519
1007222922,-5779.321598
1007223922,-12780.83818
1007224922,-12208.69468
1007225922,-8219.61373
1007226922,-5633.989735
1007227922,-4863.81144
1007228922,-3927.609514
1007229922,-2190.716728
1007230922,-643.635412
1007231922,27.692984
1007232688,-5141.039973
1007233688,-12780.94437
1007234688,-12646.76399
1007235688,-8937.311974
1007236688,-6635.545762
1007237688,-6085.636799
1007238688,-5073.740109
1007239688,-2925.312019
1007240688,-915.15403
1007241688,-1.029051
1007262961,-5143.517376
1007263961,-12512.03533
1007264961,-12156.15573
1007265961,-8291.255901
1007266961,-6045.609101
1007267961,-5821.907298
1007268961,-5159.53555
1007269961,-3118.435293
1007270961,-1022.927718
1007271961,-26.197299
1007338157,-2580.027539
1007339157,-8323.20739
1007340157,-7539.839709
1007341157,-3879.74212
1007342157,-2876.942965
1007343157,-5565.076837
1007344157,-7913.58836
1007345157,-6435.983569
1007346157,-2750.429212
1007347157,-380.56047
1007369407,-5635.715878
1007370407,-14319.88446
1007371407,-14169.02841
1007372407,-9663.825849
1007373407,-6763.804201
1007374407,-6348.701021
1007375407,-5752.543213
1007376407,-3615.422853
1007377407,-1242.031063
1007378407,-50.357965
1007383079,-7849.762491
1007384079,-17230.2304
1007385079,-16871.81136
1007386079,-11542.36071
1007387079,-7247.441652
1007388079,-5047.647901
1007389079,-3290.229182
1007390079,-1485.357462
1007391079,-287.294385
1007392079,117.552038
1007414329,-7590.810204
1007415329,-16942.90192
1007416329,-16111.62361
1007417329,-10822.67192
1007418329,-7603.514111
1007419329,-6561.087604
1007420329,-4898.943542
1007421329,-2353.803552
1007422329,-516.977493
1007423329,107.356797
1007424094,-6325.842798
1007425094,-15348.45457
1007426094,-15208.93783
1007427094,-10922.50387
1007428094,-8221.975984
1007429094,-7286.575165
1007430094,-5640.815843
1007431094,-2949.7404
1007432094,-795.780123
1007433094,58.449313
1007433860,-7173.978617
1007434860,-16372.67955
1007435860,-15971.55021
1007436860,-11358.85176
1007437860,-8387.214739
1007438860,-7150.406733
1007439860,-5277.302871
1007440860,-2609.579911
1007441860,-638.229945
1007442860,88.623791
1007443625,-7532.039219
1007444625,-16681.80665
1007445625,-16024.14683
1007446625,-10928.63747
1007447625,-7563.82415
1007448625,-6338.146296
1007449625,-4802.760694
1007450625,-2461.054104
1007451625,-628.33956
1007452625,77.581673
1007454368,-7676.555359
1007455368,-16666.05716
1007456368,-15914.14585
1007457368,-10829.54226
1007458368,-7455.289429
1007459368,-6088.578353
1007460368,-4416.346234
1007461368,-2133.448362
1007462368,-485.482172
1007463368,98.962262
1007464133,-6295.81744
1007465133,-15736.63479
1007466133,-15528.4309
1007467133,-10569.66693
1007468133,-7381.962721
1007469133,-6830.671796
1007470133,-5987.763925
1007471133,-3594.045241
1007472133,-1158.460841
1007473133,-15.077199
1007473899,-7684.140828
1007474899,-17456.91114
1007475899,-16938.37468
1007476899,-12007.40204
1007477899,-8927.969721
1007478899,-7558.873588
1007479899,-5339.556189
1007480899,-2418.389781
1007481899,-480.507471
1007482899,133.044576
1007517844,-6358.07482
1007518844,-15454.57374
1007519844,-15347.7597
1007520844,-10771.96213
1007521844,-7651.02968
1007522844,-6536.219587
1007523844,-5033.818408
1007524844,-2621.167528
1007525844,-688.714558
1007526844,67.366933
1007548118,-6895.859653
1007549118,-16234.66945
1007550118,-16070.91093
1007551118,-11410.46907
1007552118,-8170.045797
1007553118,-6707.596228
1007554118,-4779.200039
1007555118,-2238.25784
1007556118,-477.285423
1007557118,113.591565
1007557883,-6783.348899
1007558883,-15311.38758
1007559883,-14837.00705
1007560883,-10374.42115
1007561883,-7472.506357
1007562883,-6303.271384
1007563883,-4655.113759
1007564883,-2304.058316
1007565883,-560.343641
1007566883,82.568266
1007567649,-6304.535673
1007568649,-15439.59131
1007569649,-15420.01092
1007570649,-11025.04369
1007571649,-8022.302416
1007572649,-6764.884878
1007573649,-4971.699371
1007574649,-2425.64022
1007575649,-567.95641
1007576649,94.382338
1007577414,-5913.415645
1007578414,-14257.27582
1007579414,-13807.39389
1007580414,-9300.937042
1007581414,-6599.68183
1007582414,-6218.282503
1007583414,-5439.027292
1007584414,-3241.11979
1007585414,-1039.687557
1007586414,-13.209072
1007588157,-6402.993972
1007589157,-16451.02115
1007590157,-16929.6529
1007591157,-12528.66719
1007592157,-9126.911508
1007593157,-7374.275974
1007594157,-5263.223518
1007595157,-2573.467427
1007596157,-623.096202
1007597157,97.256354
1007683860,-5443.673401
1007684860,-13027.72409
1007685860,-12991.42134
1007686860,-9538.554512
1007687860,-7230.60507
1007688860,-6150.057718
1007689860,-4508.289033
1007690860,-2242.359549
1007691860,-564.368214
1007692860,67.592573
1007693625,-6001.214703
1007694625,-13451.76486
1007695625,-13081.21375
1007696625,-9132.084505
1007697625,-6416.482461
1007698625,-5208.955152
1007699625,-3718.43135
1007700625,-1767.913554
1007701625,-392.166993
1007702625,85.955473
1007713157,-6011.914176
1007714157,-13412.77763
1007715157,-13161.33631
1007716157,-9231.528862
1007717157,-6280.40366
1007718157,-4700.484378
1007719157,-3006.809474
1007720157,-1207.784473
1007721157,-154.726384
1007722157,121.792487
1007773704,-5509.920672
1007774704,-13094.24553
1007775704,-13005.9229
1007776704,-9076.199226
1007777704,-6191.632498
1007778704,-4890.036126
1007779704,-3436.028232
1007780704,-1587.176068
1007781704,-319.904744
1007782704,94.997677
1007803000,-5281.128862
1007804000,-11652.23671
1007805000,-11162.42164
1007806000,-7456.545965
1007807000,-4895.733374
1007808000,-3929.01941
1007809000,-2948.489007
1007810000,-1517.02363
1007811000,-387.688028
1007812000,53.640346
1007812766,-4416.028152
1007813766,-10819.07588
1007814766,-10626.43236
1007815766,-7659.958025
1007816766,-6051.589672
1007817766,-5624.894611
1007818766,-4391.764838
1007819766,-2263.083244
1007820766,-595.106414
1007821766,44.763633
1007822532,-5543.21429
1007823532,-11900.87496
1007824532,-11176.29979
1007825532,-7384.046835
1007826532,-5032.761518
1007827532,-4312.108086
1007828532,-3336.045136
1007829532,-1723.473113
1007830532,-441.654698
1007831532,52.546496
1007940696,-5686.411104
1007941696,-11825.41148
1007942696,-10999.85622
1007943696,-7479.932683
1007944696,-5468.475127
1007945696,-4679.782642
1007946696,-3311.838473
1007947696,-1475.450465
1007948696,-275.949115
1007949696,90.008336
1007983664,-4604.312437
1007984664,-10680.21947
1007985664,-10256.63689
1007986664,-7055.017233
1007987664,-5243.885894
1007988664,-4911.337369
1007989664,-4081.683648
1007990664,-2288.637214
1007991664,-680.437529
1007992664,13.461713
1008043235,-5159.569143
1008044235,-12000.1233
1008045235,-12052.78282
1008046235,-8642.075367
1008047235,-5896.727178
1008048235,-4402.050661
1008049235,-2926.556528
1008050235,-1310.590108
1008051235,-253.443363
1008052235,90.422311
1008074485,-5110.453928
1008075485,-11823.62336
1008076485,-11704.82761
1008077485,-8423.470412
1008078485,-6083.128978
1008079485,-4909.460847
1008080485,-3453.895792
1008081485,-1643.328401
1008082485,-376.461862
1008083485,74.016658
1008084250,-4809.188331
1008085250,-11365.55503
1008086250,-11235.1699
1008087250,-8152.89923
1008088250,-6155.468844
1008089250,-5196.217644
1008090250,-3671.543311
1008091250,-1691.280648
1008092250,-357.460245
1008093250,82.673894
1008133079,-5687.530056
1008134079,-12727.76564
1008135079,-12120.51
1008136079,-8135.244455
1008137079,-5702.044175
1008138079,-5010.655097
1008139079,-3913.749341
1008140079,-2020.678556
1008141079,-515.891045
1008142079,57.595498
1008193625,-5216.448822
1008194625,-11741.31624
1008195625,-11337.1031
1008196625,-7751.56339
1008197625,-5346.612621
1008198625,-4355.078176
1008199625,-3111.51831
1008200625,-1453.255811
1008201625,-303.833021
1008202625,79.460292
1008203391,-5055.997803
1008204391,-11420.10183
1008205391,-10811.57866
1008206391,-7121.966834
1008207391,-4968.841763
1008208391,-4581.632189
1008209391,-3813.821417
1008210391,-2102.938474
1008211391,-594.730807
1008212391,29.339128
1008213157,-4668.593912
1008214157,-11080.30508
1008215157,-11057.51531
1008216157,-7857.866183
1008217157,-5486.593613
1008218157,-4403.750323
1008219157,-3206.032393
1008220157,-1608.950979
1008221157,-403.582145
1008222157,57.236156
1008222922,-4494.210796
1008223922,-10976.92493
1008224922,-10868.42289
1008225922,-7827.743965
1008226922,-5961.345345
1008227922,-5257.628277
1008228922,-3934.181529
1008229922,-1939.109529
1008230922,-468.216848
1008231922,62.760023
1008253196,-4934.96365
1008254196,-11656.19236
1008255196,-11646.50202
1008256196,-8350.952624
1008257196,-5894.203708
1008258196,-4694.839642
1008259196,-3337.023885
1008260196,-1620.460757
1008261196,-382.529029
1008262196,69.386445
1008262961,-4679.323007
1008263961,-11362.20454
1008264961,-11271.94425
1008265961,-7869.397555
1008266961,-5520.457991
1008267961,-4679.950793
1008268961,-3620.630164
1008269961,-1910.849997
1008270961,-514.998604
1008271961,44.67841
1008272727,-4423.937281
1008273727,-10961.7182
1008274727,-10966.10563
1008275727,-7891.121244
1008276727,-5846.114185
1008277727,-5029.784417
1008278727,-3762.919886
1008279727,-1881.412974
1008280727,-466.132307
1008281727,58.833836
1008282493,-4285.198562
1008283493,-10567.60736
1008284493,-10741.40547
1008285493,-7887.127714
1008286493,-5744.041231
1008287493,-4739.979488
1008288493,-3534.795536
1008289493,-1842.849826
1008290493,-501.317035
1008291493,42.433229
1008293235,-4782.711665
1008294235,-11026.31922
1008295235,-10551.33485
1008296235,-7190.764339
1008297235,-5285.901771
1008298235,-4932.625201
1008299235,-4078.035427
1008300235,-2259.227669
1008301235,-656.515307
1008302235,20.654676
1008303000,-4295.948222
1008304000,-11342.59629
1008305000,-11546.71135
1008306000,-8360.453665
1008307000,-6205.089842
1008308000,-5517.077678
1008309000,-4419.468962
1008310000,-2425.872029
1008311000,-702.715391
1008312000,25.732747
1008312766,-5127.389931
1008313766,-12183.5639
1008314766,-12007.57142
1008315766,-8442.528136
1008316766,-6055.30579
1008317766,-5177.769448
1008318766,-3975.871172
1008319766,-2082.481638
1008320766,-560.156968
1008321766,47.91889
1008322532,-5644.441501
1008323532,-12486.61772
1008324532,-11834.87877
1008325532,-7912.306037
1008326532,-5559.842886
1008327532,-4961.292866
1008328532,-3946.643916
1008329532,-2073.104732
1008330532,-542.35952
1008331532,51.483785
1008333274,-5336.240061
1008334274,-12400.48393
1008335274,-12175.68972
1008336274,-8521.081691
1008337274,-5978.976233
1008338274,-4923.91258
1008339274,-3662.804013
1008340274,-1870.483401
1008341274,-483.947001
1008342274,57.133385
1008343039,-5540.114184
1008344039,-12413.80184
1008345039,-11797.04441
1008346039,-8034.168291
1008347039,-5880.319752
1008348039,-5327.424311
1008349039,-4202.056249
1008350039,-2196.733583
1008351039,-582.409039
1008352039,48.133574
1008352805,-5566.861693
1008353805,-12652.96137
1008354805,-12409.05103
1008355805,-8911.241644
1008356805,-6559.206969
1008357805,-5367.207455
1008358805,-3668.907513
1008359805,-1602.570418
1008360805,-288.796521
1008361805,105.725872
1008362571,-5509.835553
1008363571,-12434.79548
1008364571,-11971.37544
1008365571,-8315.455971
1008366571,-6086.605106
1008367571,-5278.979099
1008368571,-3901.47483
1008369571,-1864.946287
1008370571,-411.874209
1008371571,81.530599
1008373313,-5305.520204
1008374313,-12317.3334
1008375313,-12075.98903
1008376313,-8419.935958
1008377313,-5927.981203
1008378313,-4940.902282
1008379313,-3671.59833
1008380313,-1830.460716
1008381313,-444.858901
1008382313,67.064009
1008383079,-5324.916193
1008384079,-12072.92992
1008385079,-11679.62579
1008386079,-8144.748754
1008387079,-5899.090959
1008388079,-4973.883618
1008389079,-3572.83085
1008390079,-1664.507833
1008391079,-351.886047
1008392079,83.391139
1008392844,-5434.575043
1008393844,-11888.59406
1008394844,-11337.7559
1008395844,-7856.089437
1008396844,-5744.230452
1008397844,-4972.543724
1008398844,-3712.934505
1008399844,-1835.327084
1008400844,-443.154443
1008401844,64.279713
1008402610,-5493.587037
1008403610,-12349.59345
1008404610,-11973.61418
1008405610,-8326.766861
1008406610,-5877.595043
1008407610,-4820.235631
1008408610,-3452.440466
1008409610,-1636.615277
1008410610,-360.601324
1008411610,79.458425
1008447532,-4962.283197
1008448532,-11623.49111
1008449532,-11569.3652
1008450532,-8402.738346
1008451532,-6154.971632
1008452532,-5098.899202
1008453532,-3754.70885
1008454532,-1915.034732
1008455532,-503.445079
1008456532,52.400196
1008463157,-4926.173945
1008464157,-11740.05168
1008465157,-11529.82136
1008466157,-7886.595415
1008467157,-5404.124185
1008468157,-4636.962093
1008469157,-3731.400035
1008470157,-2067.633544
1008471157,-599.353335
1008472157,29.07169
1008493430,-5800.14429
1008494430,-13201.44008
1008495430,-12897.39087
1008496430,-8850.894261
1008497430,-5942.919869
1008498430,-4676.042995
1008499430,-3305.681773
1008500430,-1544.354847
1008501430,-318.782293
1008502430,90.673205
1008503196,-5143.92243
1008504196,-11407.78844
1008505196,-11188.84803
1008506196,-8176.033413
1008507196,-6069.0212
1008508196,-4871.218843
1008509196,-3314.7181
1008510196,-1515.175712
1008511196,-325.892341
1008512196,78.737015
1008512961,-4924.725169
1008513961,-11890.9577
1008514961,-11609.2831
1008515961,-7970.452425
1008516961,-5748.657667
1008517961,-5263.516828
1008518961,-4339.615768
1008519961,-2403.760825
1008520961,-694.286735
1008521961,25.53273
1008522727,-5513.158708
1008523727,-12535.25427
1008524727,-12149.76796
1008525727,-8435.22095
1008526727,-6013.841355
1008527727,-5133.232151
1008528727,-3930.255848
1008529727,-2053.007457
1008530727,-550.531344
1008531727,49.268881
1008567649,-4555.009469
1008568649,-11286.64703
1008569649,-11292.5327
1008570649,-8284.954877
1008571649,-6396.199756
1008572649,-5647.477592
1008573649,-4264.58068
1008574649,-2160.30393
1008575649,-556.259937
1008576649,53.763346
1008582297,-5091.355606
1008583297,-11690.97412
1008584297,-11524.96319
1008585297,-8283.256813
1008586297,-6023.524727
1008587297,-4921.680211
1008588297,-3502.856513
1008589297,-1688.808351
1008590297,-398.103535
1008591297,69.324893
1008613547,-5406.018744
1008614547,-12566.77475
1008615547,-12345.396
1008616547,-8683.321289
1008617547,-6193.319298
1008618547,-5104.692887
1008619547,-3636.683926
1008620547,-1688.429556
1008621547,-350.261779
1008622547,90.068079
1008623313,-4947.58618
1008624313,-11715.47125
1008625313,-11482.48738
1008626313,-8067.522566
1008627313,-5907.844237
1008628313,-5182.853482
1008629313,-3994.970492
1008630313,-2062.386313
1008631313,-537.825794
1008632313,51.39739
1008633079,-4587.107963
1008634079,-11516.65506
1008635079,-11783.8704
1008636079,-8708.005791
1008637079,-6345.234963
1008638079,-5107.571257
1008639079,-3618.529831
1008640079,-1754.135582
1008641079,-418.691374
1008642079,69.803279
1008688743,-5380.620511
1008689743,-12981.66009
1008690743,-13166.42382
1008691743,-9641.770608
1008692743,-6878.493928
1008693743,-5312.235322
1008694743,-3533.514827
1008695743,-1552.830332
1008696743,-290.819204
1008697743,105.011865
1008718039,-6144.687862
1008719039,-13796.32528
1008720039,-13274.09333
1008721039,-8988.165618
1008722039,-6160.879703
1008723039,-5127.481272
1008724039,-3808.360216
1008725039,-1867.144075
1008726039,-430.733053
1008727039,80.680167
1008778586,-5239.379276
1008779586,-12267.09946
1008780586,-12203.72685
1008781586,-8568.981982
1008782586,-5816.025511
1008783586,-4522.479608
1008784586,-3190.486004
1008785586,-1528.944015
1008786586,-344.198964
1008787586,77.072257
1008788352,-5489.910377
1008789352,-11855.14915
1008790352,-11306.7988
1008791352,-8015.571331
1008792352,-6038.116104
1008793352,-5059.717174
1008794352,-3440.254204
1008795352,-1464.830261
1008796352,-247.719913
1008797352,101.915761
1008798118,-5112.866629
1008799118,-11624.92981
1008800118,-11219.67785
1008801118,-7713.385429
1008802118,-5499.222341
1008803118,-4777.014224
1008804118,-3683.661048
1008805118,-1897.083387
1008806118,-487.560367
1008807118,52.887545
1008807883,-5663.582055
1008808883,-12604.05225
1008809883,-12081.32318
1008810883,-7933.803696
1008811883,-5069.930292
1008812883,-4137.336916
1008813883,-3244.807281
1008814883,-1736.052441
1008815883,-464.402683
1008816883,49.791347
1008818625,-4910.72787
1008819625,-11538.47012
1008820625,-11276.85821
1008821625,-7807.932349
1008822625,-5538.123841
1008823625,-4805.559289
1008824625,-3787.376367
1008825625,-2037.902501
1008826625,-569.485162
1008827625,36.272408
1008852805,-4498.496749
1008853805,-10747.41038
1008854805,-10480.15549
1008855805,-7372.477047
1008856805,-5576.239758
1008857805,-5100.571054
1008858805,-4016.738584
1008859805,-2094.031762
1008860805,-554.452812
1008861805,42.986789
1008883079,-4966.912901
1008884079,-12022.16865
1008885079,-11798.00851
1008886079,-8173.610483
1008887079,-5873.353337
1008888079,-5133.502198
1008889079,-3935.486726
1008890079,-1988.890525
1008891079,-491.639462
1008892079,62.378109
1008928000,-5226.320355
1008929000,-12132.99101
1008930000,-11819.92447
1008931000,-8350.040501
1008932000,-6204.936267
1008933000,-5415.311818
1008934000,-4071.933222
1008935000,-2034.230779
1008936000,-503.38365
1008937000,63.251197
1009283469,-5442.170785
1009284469,-11947.81243
1009285469,-11277.58563
1009286469,-7817.717884
1009287469,-5976.82384
1009288469,-5392.287283
1009289469,-4000.339764
1009290469,-1889.006732
1009291469,-410.596853
1009292469,80.361641
1009303000,-4331.724016
1009304000,-10955.89722
1009305000,-11144.14261
1009306000,-8338.940585
1009307000,-6410.756368
1009308000,-5368.878103
1009309000,-3729.810547
1009310000,-1682.130603
1009311000,-339.898851
1009312000,88.507578
1009317649,-4338.866527
1009318649,-11203.11722
1009319649,-11576.36457
1009320649,-8641.052845
1009321649,-6340.718666
1009322649,-5135.266616
1009323649,-3702.62916
1009324649,-1859.20846
1009325649,-478.55028
1009326649,56.838186
1009435813,-5131.039284
1009436813,-11758.57369
1009437813,-11560.97126
1009438813,-8280.956994
1009439813,-6051.565541
1009440813,-4928.62099
1009441813,-3357.4497
1009442813,-1454.569848
1009443813,-254.090368
1009444813,100.235471
1009452414,-4366.814677
1009453414,-10784.07573
1009454414,-10914.32353
1009455414,-7939.558589
1009456414,-5717.607592
1009457414,-4636.483891
1009458414,-3356.720978
1009459414,-1680.328643
1009460414,-426.563359
1009461414,55.135854
1009468039,-5063.183689
1009469039,-11455.5443
1009470039,-11092.88772
1009471039,-7852.418802
1009472039,-5863.538902
1009473039,-5032.320189
1009474039,-3614.928523
1009475039,-1667.728011
1009476039,-343.830934
1009477039,84.311855
1009477805,-4412.328562
1009478805,-10644.94893
1009479805,-10494.5932
1009480805,-7543.544363
1009481805,-5781.374293
1009482805,-5205.022619
1009483805,-4012.58994
1009484805,-2056.697509
1009485805,-533.510637
1009486805,47.947985
1009498313,-4935.390244
1009499313,-11519.58205
1009500313,-11387.50047
1009501313,-8063.897674
1009502313,-5704.875191
1009503313,-4638.098101
1009504313,-3344.324229
1009505313,-1628.764475
1009506313,-383.637598
1009507313,67.885877
